"CLIENT_ID";"NAME";"CATEGORY"
1;"ИП Шолохов";"Малый бизнес"
2;"ООО Звездочка";"Средний бизнес"
3;"АО Шарапова, Федосеев и Макаров";"Средний бизнес"
4;"РАО Захаров, Чернов и Большакова";"Малый бизнес"
5;"Панфилова Лтд";"Средний бизнес"
6;"ООО Жукова";"Средний бизнес"
7;"ООО Киселева Боброва";"Малый бизнес"
8;"НПО Шашкова-Кононова";"Средний бизнес"
9;"АО Мельников";"Малый бизнес"
10;"ИП Жукова Логинов";"Малый бизнес"
11;"ООО Ильин";"Малый бизнес"
12;"ООО Копылова Исакова";"Средний бизнес"
13;"ООО Антонова Туров";"Малый бизнес"
14;"Шарова Лтд";"Средний бизнес"
15;"ОАО Родионов-Шубина";"Средний бизнес"
16;"ЗАО Гуляев, Калинина и Щербакова";"Средний бизнес"
17;"ОАО Суханов";"Средний бизнес"
18;"ОАО Лыткин";"Малый бизнес"
19;"ООО Комаров, Григорьева и Дмитриев";"Средний бизнес"
20;"Сибуглемет";"Малый бизнес"
21;"НПО Абрамов Ершов";"Малый бизнес"
22;"КМР и СНГ (KIA)";"Средний бизнес"
23;"ООО Комиссарова";"Малый бизнес"
24;"Охрана Росгвардии";"Средний бизнес"
25;"РАО Доронина Киселев";"Средний бизнес"
26;"РАО Киселев, Рожков и Богданова";"Средний бизнес"
27;"РАО Блохин, Артемьева и Федоров";"Малый бизнес"
28;"ЗАО Борисов-Лебедева";"Малый бизнес"
29;"ООО Исаева Давыдова";"Малый бизнес"
30;"Иркутская нефтяная компания";"Средний бизнес"
31;"НПО Михайлова, Николаев и Одинцова";"Средний бизнес"
32;"Наумова и партнеры";"Малый бизнес"
33;"ОАО Новиков, Степанова и Воронцова";"Средний бизнес"
34;"АО Савина";"Малый бизнес"
35;"Кузнецов Лимитед";"Средний бизнес"
36;"Европа";"Средний бизнес"
37;"РАО Моисеева Тетерин";"Средний бизнес"
38;"АО Котова, Пахомова и Пахомова";"Средний бизнес"
39;"ИП Федосеева, Ефимова и Шарова";"Средний бизнес"
40;"ИП Пономарев-Нестеров";"Малый бизнес"
41;"Сибур Холдинг";"Средний бизнес"
42;"АО Карпова, Коновалов и Пономарев";"Средний бизнес"
43;"НПО Тихонова-Герасимов";"Средний бизнес"
44;"ЗАО Борисов, Лаврентьева и Васильев";"Малый бизнес"
45;"ЗАО Сысоев Зайцев";"Средний бизнес"
46;"ООО Фадеев-Мельникова";"Малый бизнес"
47;"ОАО Никифоров-Анисимова";"Средний бизнес"
48;"РАО Артемьев-Ершов";"Малый бизнес"
49;"Никонова Инк";"Средний бизнес"
50;"Сатурн-Р";"Малый бизнес"
51;"ИП Горбачев, Медведева и Галкин";"Малый бизнес"
52;"Таграс (ТНГ-Групп)";"Средний бизнес"
53;"АО Лихачева Кулагин";"Малый бизнес"
54;"Наумова Лтд";"Малый бизнес"
55;"ОАО Наумов, Виноградов и Нестеров";"Средний бизнес"
56;"Горшков Лимитед";"Малый бизнес"
57;"Emex";"Средний бизнес"
58;"ОАО Крюков Зимина";"Малый бизнес"
59;"НПО Кузьмина Данилов";"Малый бизнес"
60;"ОАО Пономарев-Мельников";"Средний бизнес"
61;"АО Фокин, Исакова и Белозерова";"Малый бизнес"
62;"ОАО Быков, Шубина и Беляева";"Малый бизнес"
63;"РАО Красильников, Горбачева и Сергеев";"Средний бизнес"
64;"НПО Ларионов, Князева и Казаков";"Средний бизнес"
65;"Марс (Mars)";"Средний бизнес"
66;"НПО Петухова Анисимов";"Малый бизнес"
67;"ООО Медведев Евсеев";"Малый бизнес"
68;"ЗАО Макарова Анисимова";"Средний бизнес"
69;"АО Сысоев Субботин";"Средний бизнес"
70;"Зыкова Групп";"Средний бизнес"
71;"ООО Артемьева";"Малый бизнес"
72;"ИП Авдеев Колесников";"Малый бизнес"
73;"ЗАО Абрамов Соболева";"Средний бизнес"
74;"ООО Беляков";"Малый бизнес"
75;"ЗАО Голубева";"Средний бизнес"
76;"АО Кулакова Гришин";"Малый бизнес"
77;"ЗАО Носков";"Малый бизнес"
78;"ЗАО Яковлева Поляков";"Малый бизнес"
79;"ООО Голубев";"Малый бизнес"
80;"Группа ЭПМ";"Малый бизнес"
81;"Воронцова Инк";"Малый бизнес"
82;"ООО Поляков-Дорофеева";"Малый бизнес"
83;"Гордеева Групп";"Средний бизнес"
84;"ГК ЕКС";"Средний бизнес"
85;"Компания Трасса";"Малый бизнес"
86;"ОАО Соловьева, Евсеева и Орехова";"Средний бизнес"
87;"ОАО Вишнякова, Ефимова и Медведева";"Малый бизнес"
88;"ЗАО Большакова, Кошелев и Кулакова";"Малый бизнес"
89;"НПО Аксенов, Ершов и Новиков";"Средний бизнес"
90;"Курганмашзавод";"Малый бизнес"
91;"НПО Стрелкова Емельянова";"Малый бизнес"
92;"РАО Александрова-Кириллова";"Малый бизнес"
93;"Ефремова и партнеры";"Малый бизнес"
94;"РАО Лыткин";"Средний бизнес"
95;"АвтоГермес";"Малый бизнес"
96;"ИП Герасимов";"Средний бизнес"
97;"АО Петухов Колобова";"Средний бизнес"
98;"Никонова Лимитед";"Средний бизнес"
99;"Полиметалл";"Средний бизнес"
100;"ЗАО Брагин-Куликов";"Средний бизнес"
101;"Муравьев Лимитед";"Средний бизнес"
102;"ИП Стрелкова, Денисова и Панфилов";"Малый бизнес"
103;"РАО Пономарева, Мишин и Щербаков";"Малый бизнес"
104;"АО Рябова-Князева";"Средний бизнес"
105;"ОАО Попова, Игнатьев и Осипова";"Малый бизнес"
106;"Гришина Лтд";"Средний бизнес"
107;"ОАО Доронина Федотов";"Малый бизнес"
108;"Филиппова Лимитед";"Средний бизнес"
109;"ОАО Федотов, Новиков и Бурова";"Средний бизнес"
110;"ИП Коновалов Жуков";"Малый бизнес"
111;"ИП Щукина Евсеев";"Средний бизнес"
112;"ООО Дорофеев-Давыдова";"Малый бизнес"
113;"АО Волков-Зайцев";"Малый бизнес"
114;"ИП Алексеева-Емельянов";"Средний бизнес"
115;"Лаборатория Касперского";"Средний бизнес"
116;"Ростелеком";"Средний бизнес"
117;"Исаков Лимитед";"Средний бизнес"
118;"ЗАО Ситникова";"Малый бизнес"
119;"Васильева Лимитед";"Средний бизнес"
120;"НПО Тимофеев";"Малый бизнес"
121;"НПО Игнатова Панов";"Малый бизнес"
122;"Леруа Мерлен Восток (Leroi Merlin)";"Средний бизнес"
123;"Ново-Уренгойская газовая компания";"Малый бизнес"
124;"ИП Смирнова, Никонов и Устинов";"Средний бизнес"
125;"ЗАО Казакова Чернов";"Средний бизнес"
126;"Стрелкова и партнеры";"Средний бизнес"
127;"РАО Моисеев-Тимофеев";"Малый бизнес"
128;"ИП Артемьев, Новикова и Яковлева";"Средний бизнес"
129;"РАО Лапин-Поляков";"Малый бизнес"
130;"Дементьева Лтд";"Малый бизнес"
131;"ИП Морозов Казаков";"Малый бизнес"
132;"ЗАО Куликова, Павлов и Гусев";"Малый бизнес"
133;"Филатова Инк";"Малый бизнес"
134;"РАО Федосеева";"Средний бизнес"
135;"ОАО Шубин Кулаков";"Малый бизнес"
136;"АО Ермакова Кириллова";"Средний бизнес"
137;"Nordgold";"Малый бизнес"
138;"ООО Петухов, Игнатьев и Матвеева";"Средний бизнес"
139;"АО Суханов";"Средний бизнес"
140;"НПО Фролов, Смирнова и Евдокимова";"Малый бизнес"
141;"Козлова Групп";"Малый бизнес"
142;"РАО Князева, Панфилова и Николаев";"Средний бизнес"
143;"ИП Савина-Калашников";"Малый бизнес"
144;"ООО Мишин Фомина";"Малый бизнес"
145;"Группа Стройтрансгаз";"Средний бизнес"
146;"РАО Мартынова-Рожков";"Малый бизнес"
147;"ЗАО Герасимов Большаков";"Средний бизнес"
148;"ИП Егорова";"Малый бизнес"
149;"ОАО Сергеева-Соболева";"Малый бизнес"
150;"Назаров Инкорпорэйтед";"Средний бизнес"
151;"ООО Рыбакова Силин";"Средний бизнес"
152;"НПО Бобылев, Ильин и Веселова";"Малый бизнес"
153;"Савельев Лтд";"Средний бизнес"
154;"ЗАО Морозов Сафонов";"Малый бизнес"
155;"ИП Селезнева, Самойлов и Зыкова";"Малый бизнес"
156;"Энергосбытовая компания Восток";"Малый бизнес"
157;"ИП Овчинникова";"Малый бизнес"
158;"АО Казаков, Игнатьев и Бобылева";"Малый бизнес"
159;"ООО Суворова Фомина";"Малый бизнес"
3867;"Аргос";"Малый бизнес"
160;"Крылов Групп";"Малый бизнес"
161;"ООО Евсеева, Константинов и Киселев";"Малый бизнес"
162;"НПО Михеева";"Средний бизнес"
163;"НПО Орлов Дмитриева";"Средний бизнес"
164;"РАО Чернов-Попов";"Малый бизнес"
165;"ОАО Федорова";"Средний бизнес"
166;"Казаньоргсинтез";"Средний бизнес"
167;"ЗАО Моисеева";"Малый бизнес"
168;"АО Максимова-Носкова";"Малый бизнес"
169;"ЗАО Колобов, Гущина и Карпова";"Малый бизнес"
170;"Уральский банк реконструкции и развития";"Средний бизнес"
171;"Коновалова Лтд";"Малый бизнес"
172;"ЗАО Савельев";"Малый бизнес"
173;"Миронова Инк";"Средний бизнес"
174;"АО Филиппов, Журавлев и Морозов";"Средний бизнес"
175;"ЗАО Костин-Воронцова";"Средний бизнес"
176;"Костин Лимитед";"Малый бизнес"
177;"РАО Щукин";"Малый бизнес"
178;"ОАО Константинов";"Малый бизнес"
179;"Горшков Групп";"Малый бизнес"
180;"ОАО Суханова-Голубева";"Средний бизнес"
181;"Л'Этуаль";"Малый бизнес"
182;"ИП Цветкова, Гурьев и Костин";"Средний бизнес"
183;"ИП Самсонова";"Малый бизнес"
184;"ТГК-16";"Малый бизнес"
185;"ОАО Абрамова";"Малый бизнес"
186;"Самсонов Лимитед";"Средний бизнес"
187;"РАО Родионова Ершова";"Средний бизнес"
188;"НПО Петров";"Малый бизнес"
189;"Никонова Групп";"Средний бизнес"
190;"ООО Фомичев-Беляева";"Средний бизнес"
191;"Ильина Лтд";"Средний бизнес"
192;"БелАЗ-24";"Малый бизнес"
193;"НПО Евсеева, Дементьев и Исаева";"Средний бизнес"
194;"ИП Калашников-Полякова";"Средний бизнес"
195;"ИП Сорокин";"Малый бизнес"
196;"АО Артемьева-Меркушев";"Малый бизнес"
197;"Самсонов Инкорпорэйтед";"Малый бизнес"
198;"АО Мамонтов, Федосеева и Корнилова";"Малый бизнес"
199;"НПО Симонова-Зыкова";"Малый бизнес"
200;"Фортум (Fortum)";"Средний бизнес"
201;"Архипова Лимитед";"Средний бизнес"
202;"Михайлов Инк";"Средний бизнес"
203;"РАО Сорокин-Мартынова";"Средний бизнес"
204;"ООО Борисова Кудряшов";"Малый бизнес"
205;"ОАО Казакова-Михеев";"Средний бизнес"
206;"АО Якушев Логинов";"Средний бизнес"
207;"Хенкель Рус (Henkel)";"Малый бизнес"
208;"ЗАО Федоров";"Средний бизнес"
209;"Романова и партнеры";"Малый бизнес"
210;"АО Романов Дорофеева";"Средний бизнес"
211;"АО Алексеева, Исаков и Смирнова";"Средний бизнес"
212;"ОАО Одинцов-Белякова";"Средний бизнес"
213;"ОАО Воронова-Исаева";"Малый бизнес"
214;"ЗАО Мясникова Силина";"Малый бизнес"
215;"РАО Титов, Сидоров и Шашков";"Малый бизнес"
216;"Саткинский чугуноплавильный завод";"Малый бизнес"
217;"Кудряшов Лимитед";"Малый бизнес"
218;"Савин Групп";"Средний бизнес"
219;"Сибирская сервисная компания";"Малый бизнес"
220;"АО Евдокимов Сафонова";"Средний бизнес"
221;"АФК Система";"Малый бизнес"
222;"СТД Петрович";"Средний бизнес"
223;"ЗАО Петухова, Кудрявцева и Бобылев";"Средний бизнес"
224;"ИП Филиппова Кулагина";"Малый бизнес"
225;"ООО Беспалов-Александрова";"Малый бизнес"
226;"ЗАО Большаков Коновалова";"Средний бизнес"
227;"Акрон";"Средний бизнес"
228;"НПО Наумова-Самойлова";"Средний бизнес"
229;"Карпов Инк";"Малый бизнес"
230;"ИП Ефремова, Куликов и Кулаков";"Средний бизнес"
231;"Транскапиталбанк";"Средний бизнес"
232;"Горбунов Лимитед";"Малый бизнес"
233;"ООО Бобылева Одинцов";"Средний бизнес"
234;"Шубин Инк";"Средний бизнес"
235;"РАО Хохлова-Макарова";"Малый бизнес"
236;"Евсеева Лимитед";"Малый бизнес"
237;"ЗАО Тарасова-Миронова";"Малый бизнес"
238;"АО Игнатьева";"Средний бизнес"
239;"ИП Кудряшова";"Малый бизнес"
240;"ООО Жданов-Большаков";"Средний бизнес"
241;"НПО Власова Вишнякова";"Средний бизнес"
242;"ООО Кудряшов-Беспалова";"Малый бизнес"
243;"ИП Орлов, Шарапова и Шарапова";"Малый бизнес"
244;"РАО Васильев, Орлова и Хохлов";"Малый бизнес"
245;"ЗАО Степанова, Калашников и Орлов";"Малый бизнес"
246;"S7 Group";"Средний бизнес"
247;"Мишина Инк";"Средний бизнес"
248;"ЗАО Баранов, Сорокина и Константинов";"Малый бизнес"
249;"ИП Бобылева-Гурьев";"Средний бизнес"
250;"ООО Игнатов, Попова и Бирюкова";"Малый бизнес"
251;"ООО Овчинникова";"Средний бизнес"
252;"Новосталь";"Средний бизнес"
253;"ИП Савин";"Средний бизнес"
254;"Комос Групп";"Средний бизнес"
255;"Корпорация Тактическое ракетное вооружение";"Малый бизнес"
256;"Лаврентьев Групп";"Средний бизнес"
257;"ИП Денисова, Сидоров и Соловьева";"Малый бизнес"
258;"ИП Колесников, Михеева и Суворова";"Малый бизнес"
259;"ЗАО Гурьева";"Средний бизнес"
260;"Евраз";"Средний бизнес"
261;"РАО Буров, Зайцева и Лихачева";"Малый бизнес"
262;"НПО Никонова-Давыдов";"Малый бизнес"
263;"Емельянов Инк";"Малый бизнес"
264;"ИП Соболев, Смирнов и Пестова";"Малый бизнес"
265;"ООО Трофимова";"Средний бизнес"
266;"НПО Котов";"Малый бизнес"
267;"Голубева Лтд";"Малый бизнес"
268;"Борисова Лимитед";"Средний бизнес"
269;"РАО Соболева-Морозов";"Малый бизнес"
270;"ИП Павлова-Беляева";"Малый бизнес"
271;"ООО Петрова";"Средний бизнес"
272;"Терентьева Лимитед";"Малый бизнес"
273;"ИП Васильев-Логинов";"Малый бизнес"
274;"ООО Воронова-Морозов";"Малый бизнес"
275;"РАО Петухова";"Малый бизнес"
276;"ООО Мясникова, Федорова и Орлов";"Малый бизнес"
277;"Отисифарм";"Средний бизнес"
278;"Военторг";"Малый бизнес"
279;"АО Иванов Константинов";"Средний бизнес"
280;"НПО Лазарев-Копылов";"Средний бизнес"
281;"Зуев Лимитед";"Малый бизнес"
282;"ОАО Суханова Дорофеев";"Средний бизнес"
283;"РАО Абрамов Ширяев";"Средний бизнес"
284;"НПО Кулаков, Лихачев и Шарова";"Средний бизнес"
285;"РАО Виноградов";"Малый бизнес"
286;"АО Блохина Дмитриева";"Средний бизнес"
287;"ЗАО Буров Денисова";"Малый бизнес"
288;"Шаров Групп";"Средний бизнес"
289;"НПФ Газфонд пенсионные накопления";"Средний бизнес"
290;"ЗАО Симонова Алексеев";"Малый бизнес"
291;"Центральная пригородная пассажирская компания";"Средний бизнес"
292;"ИП Самойлова";"Средний бизнес"
293;"ИП Агафонов Панфилов";"Малый бизнес"
294;"РАО Кулагина-Кириллов";"Средний бизнес"
295;"РАО Романова";"Средний бизнес"
296;"Сибирская сервисная компания";"Малый бизнес"
297;"НПО Шилов-Карпов";"Малый бизнес"
298;"Архангельский ЦБК";"Средний бизнес"
299;"АвтоВАЗ";"Малый бизнес"
300;"РАО Селиверстова, Селезнева и Жданова";"Малый бизнес"
301;"ВГТРК";"Малый бизнес"
302;"ООО Панфилов, Вишняков и Аксенов";"Малый бизнес"
303;"ИП Ермаков-Артемьева";"Малый бизнес"
304;"Интернешнл Пейпер (International Paper)";"Малый бизнес"
305;"ЗАО Кулаков-Дроздова";"Средний бизнес"
306;"АО Дорофеева";"Средний бизнес"
307;"АО Авдеев, Вишнякова и Воробьев";"Средний бизнес"
308;"Нефтехимремстрой";"Малый бизнес"
309;"ОАО Гурьева Зиновьева";"Средний бизнес"
310;"ЗАО Орлов-Потапова";"Средний бизнес"
311;"РАО Ковалева Мельников";"Малый бизнес"
312;"ОАО Матвеев";"Малый бизнес"
313;"Муравьева Лимитед";"Средний бизнес"
314;"РАО Дорофеева";"Средний бизнес"
315;"Соболев Лимитед";"Средний бизнес"
316;"Медведева и партнеры";"Малый бизнес"
317;"Поляков Лимитед";"Малый бизнес"
318;"ЗАО Трофимов Чернова";"Малый бизнес"
319;"АО Воронова Бурова";"Малый бизнес"
320;"ООО Сазонова Виноградов";"Средний бизнес"
321;"Кулагина Групп";"Средний бизнес"
322;"Пахомов Лтд";"Средний бизнес"
323;"Петролеум Трейдинг";"Малый бизнес"
324;"ИП Уварова, Федосеева и Евсеев";"Малый бизнес"
325;"РАО Кириллова-Максимова";"Малый бизнес"
326;"ЗАО Анисимова-Петрова";"Средний бизнес"
327;"ИП Федорова, Гурьев и Савин";"Малый бизнес"
328;"Фармкомплект";"Малый бизнес"
329;"ОАО Игнатьева, Кулаков и Пономарева";"Средний бизнес"
330;"ЗАО Кулакова";"Малый бизнес"
331;"Лига ставок";"Средний бизнес"
332;"ООО Агафонова, Кузнецов и Максимов";"Малый бизнес"
333;"ЗАО Молчанова Елисеев";"Средний бизнес"
334;"Никитин и партнеры";"Средний бизнес"
335;"АО Алексеев";"Малый бизнес"
336;"ИП Ершов";"Малый бизнес"
337;"РАО Ширяева, Миронова и Михеев";"Средний бизнес"
338;"РАО Калашникова Алексеев";"Средний бизнес"
339;"Тихонова Групп";"Малый бизнес"
340;"ОАО Журавлева-Фокин";"Малый бизнес"
341;"РАО Дементьева";"Малый бизнес"
342;"ИП Лобанов-Якушев";"Средний бизнес"
343;"ЗАО Пономарев-Полякова";"Средний бизнес"
344;"НПО Шашкова-Харитонов";"Средний бизнес"
345;"Фокина и партнеры";"Средний бизнес"
346;"ИП Большакова-Власов";"Средний бизнес"
347;"ИП Давыдова";"Малый бизнес"
348;"НПО Турова, Анисимова и Меркушева";"Средний бизнес"
349;"РАО Поляков Виноградов";"Малый бизнес"
350;"РАО Вишняков Зуев";"Средний бизнес"
351;"АО Веселов";"Средний бизнес"
352;"ООО Новикова-Беспалова";"Средний бизнес"
353;"АО Горшкова";"Средний бизнес"
354;"Славянск Эко";"Средний бизнес"
355;"Корнилова Лимитед";"Средний бизнес"
356;"Автотор холдинг";"Средний бизнес"
357;"РАО Фомина-Филиппов";"Средний бизнес"
358;"Виноградов Инк";"Средний бизнес"
359;"Мишина и партнеры";"Малый бизнес"
360;"РАО Молчанов Козлов";"Малый бизнес"
361;"РАО Быков, Крюков и Федосеев";"Средний бизнес"
362;"ИП Павлов";"Малый бизнес"
363;"ЗАО Захаров";"Средний бизнес"
364;"ОАО Капустин-Виноградов";"Средний бизнес"
365;"ООО Журавлева Никонова";"Малый бизнес"
366;"ИП Ефремов Кошелева";"Средний бизнес"
367;"ЗАО Беляева-Рябова";"Средний бизнес"
368;"АО Семенов";"Средний бизнес"
369;"РАО Буров";"Средний бизнес"
370;"Васильев Лимитед";"Малый бизнес"
371;"ОАО Мартынов";"Средний бизнес"
372;"Абрамов Инкорпорэйтед";"Малый бизнес"
373;"Третьякова и партнеры";"Малый бизнес"
374;"Сетевая компания";"Малый бизнес"
375;"Томскнефть ВНК";"Средний бизнес"
376;"ОАО Беляков";"Средний бизнес"
377;"ОАО Павлова Лыткин";"Малый бизнес"
378;"Куликова Групп";"Средний бизнес"
379;"Суворов Инкорпорэйтед";"Малый бизнес"
380;"ИП Корнилов-Мясников";"Малый бизнес"
381;"ИП Куликов-Гуляева";"Малый бизнес"
382;"Уральские авиалинии";"Малый бизнес"
383;"Русэнергоресурс";"Средний бизнес"
384;"Белозерова Лимитед";"Средний бизнес"
385;"АО Ильин, Куликов и Лаврентьев";"Малый бизнес"
386;"АО Сергеева Соловьева";"Средний бизнес"
387;"НПО Тетерина-Николаева";"Малый бизнес"
388;"ИП Ларионова-Федосеева";"Малый бизнес"
389;"АО Матвеева";"Средний бизнес"
390;"ЗАО Молчанова";"Малый бизнес"
391;"РАО Беляев";"Малый бизнес"
392;"НПО Лыткина, Кононов и Носов";"Средний бизнес"
393;"НПО Котова, Савин и Муравьев";"Средний бизнес"
394;"ОАО Давыдова";"Средний бизнес"
395;"ЗАО Миронова-Зуева";"Малый бизнес"
396;"Юнилевер Русь (Unilever)";"Малый бизнес"
397;"Объединенная авиастроительная корпорация";"Средний бизнес"
398;"ООО Фролов, Васильева и Стрелков";"Малый бизнес"
399;"ЗАО Никитин, Голубева и Доронина";"Средний бизнес"
400;"Т Плюс";"Средний бизнес"
401;"Группа Ренессанс Страхование";"Средний бизнес"
402;"Монетка";"Малый бизнес"
403;"НПО Семенов";"Малый бизнес"
404;"ООО Наумов-Анисимова";"Малый бизнес"
405;"НПО Горбунова-Горбачев";"Средний бизнес"
406;"АО Рыбаков-Логинов";"Средний бизнес"
407;"НПО Логинов";"Средний бизнес"
408;"ЗАО Архипова Борисова";"Малый бизнес"
409;"ИП Капустин";"Малый бизнес"
410;"РАО Фокина";"Малый бизнес"
411;"РАО Рябова Силина";"Малый бизнес"
412;"Эркафарм";"Малый бизнес"
413;"Газпром автоматизация";"Малый бизнес"
414;"Алексеев Лимитед";"Малый бизнес"
415;"Белоусов Инк";"Средний бизнес"
416;"ООО Попова Бурова";"Средний бизнес"
417;"ЗАО Шестакова";"Средний бизнес"
418;"ЗАО Дьячков";"Средний бизнес"
419;"Доронина Инк";"Средний бизнес"
420;"ИП Молчанов Некрасова";"Средний бизнес"
421;"Киселев Лимитед";"Малый бизнес"
422;"НПО Бобылев";"Средний бизнес"
423;"НПО Михайлова-Родионова";"Малый бизнес"
424;"ЗАО Баранов Красильников";"Средний бизнес"
425;"ЗАО Лазарев";"Малый бизнес"
426;"РАО Носкова";"Малый бизнес"
427;"ММС Рус (Mitsubishi Motors)";"Средний бизнес"
428;"АО Александров Мельников";"Средний бизнес"
429;"ОАО Гущин";"Малый бизнес"
430;"Кулагин Лимитед";"Средний бизнес"
431;"ООО Тихонова, Лихачева и Евдокимова";"Средний бизнес"
432;"АО Кудряшов";"Средний бизнес"
433;"Familia";"Малый бизнес"
434;"ОАО Федосеев Никифорова";"Малый бизнес"
435;"Hoff (Домашний интерьер)";"Малый бизнес"
436;"Мухин Инкорпорэйтед";"Малый бизнес"
437;"ИП Сазонова Крюков";"Малый бизнес"
438;"Зарубежнефть";"Средний бизнес"
439;"НПО Рыбаков";"Малый бизнес"
440;"ИП Шашков Данилова";"Средний бизнес"
441;"ООО Абрамов, Мамонтов и Дьячков";"Малый бизнес"
442;"ЗАО Чернова Потапова";"Средний бизнес"
443;"НПО Михеев, Павлова и Кудряшов";"Средний бизнес"
444;"ООО Коновалов, Овчинников и Веселов";"Средний бизнес"
445;"Меркушев и партнеры";"Малый бизнес"
446;"ООО Герасимов";"Малый бизнес"
447;"НИПИ НГ Петон";"Малый бизнес"
448;"Владимирова Лимитед";"Средний бизнес"
449;"Артемьев Инкорпорэйтед";"Средний бизнес"
450;"Суханов Лимитед";"Средний бизнес"
451;"ИП Марков-Кудрявцев";"Малый бизнес"
452;"ЗАО Третьякова";"Средний бизнес"
453;"ООО Савина-Кудряшова";"Средний бизнес"
454;"РАО Кононов, Нестеров и Кулаков";"Малый бизнес"
455;"ООО Федорова-Казаков";"Средний бизнес"
456;"ИП Смирнов";"Малый бизнес"
457;"ЗАО Самойлов Герасимова";"Малый бизнес"
458;"Транспортная группа FESCO";"Средний бизнес"
459;"ООО Лобанова";"Средний бизнес"
460;"Кулаков и партнеры";"Малый бизнес"
461;"РАО Овчинников-Чернова";"Малый бизнес"
462;"РАО Емельянова-Белозеров";"Средний бизнес"
463;"ОАО Блинова, Мясникова и Хохлов";"Малый бизнес"
464;"Сетевая компания";"Средний бизнес"
465;"АО Павлов";"Средний бизнес"
466;"РАО Никонов-Зуев";"Средний бизнес"
467;"Артемьев Групп";"Малый бизнес"
468;"Лыткин Инкорпорэйтед";"Малый бизнес"
469;"ЗАО Орлова, Орлов и Копылова";"Малый бизнес"
470;"РАО Егорова Алексеева";"Средний бизнес"
471;"Родионов Лтд";"Средний бизнес"
472;"Крюкова Лимитед";"Средний бизнес"
473;"ИП Зайцева Афанасьев";"Малый бизнес"
474;"Славнефть";"Средний бизнес"
475;"АО Исаев";"Средний бизнес"
476;"РАО Пахомова-Бирюков";"Средний бизнес"
477;"Дроздов Инкорпорэйтед";"Средний бизнес"
478;"НПО Иванова Костин";"Средний бизнес"
479;"РАО Громов-Сысоева";"Малый бизнес"
480;"ОАО Афанасьев";"Средний бизнес"
481;"ООО Федорова, Цветкова и Нестерова";"Малый бизнес"
482;"ОАО Антонов Брагина";"Средний бизнес"
483;"НПО Агафонов-Иванова";"Средний бизнес"
484;"ОАО Медведева";"Средний бизнес"
485;"АО Михайлова";"Средний бизнес"
486;"РАО Афанасьев, Лебедева и Ковалева";"Средний бизнес"
487;"ИП Капустин";"Средний бизнес"
488;"Татэнергосбыт";"Малый бизнес"
489;"Хохлова Инкорпорэйтед";"Малый бизнес"
490;"АО Бурова Романов";"Малый бизнес"
491;"ЗАО Носков Кошелева";"Средний бизнес"
492;"ИП Стрелков, Мухина и Григорьева";"Малый бизнес"
493;"ЗАО Семенова Степанова";"Малый бизнес"
494;"Славнефть";"Средний бизнес"
495;"ИП Зимин Борисова";"Малый бизнес"
496;"ЗАО Симонов Филатова";"Малый бизнес"
497;"Денисова Инк";"Средний бизнес"
498;"Иркутская нефтяная компания";"Средний бизнес"
499;"РАО Поляков Михайлов";"Средний бизнес"
500;"РАО Капустин";"Малый бизнес"
501;"ЗАО Якушев";"Малый бизнес"
502;"ООО Кузнецова";"Средний бизнес"
503;"Щербаков Групп";"Средний бизнес"
504;"Тойота Мотор (Toyota)";"Средний бизнес"
505;"РМ Рейл";"Средний бизнес"
506;"Кононова Лтд";"Средний бизнес"
507;"ЗАО Фомина-Сафонов";"Средний бизнес"
508;"ОАО Федосеев";"Малый бизнес"
509;"ОАО Захаров Федосеев";"Средний бизнес"
510;"Филатов Лтд";"Малый бизнес"
511;"ЗАО Александрова-Тимофеев";"Малый бизнес"
512;"Элко Рус (Elko)";"Малый бизнес"
513;"АО Кириллов Романов";"Средний бизнес"
514;"АО Гусев Лыткин";"Малый бизнес"
515;"Комарова Лтд";"Средний бизнес"
516;"НПО Ершов Кузнецова";"Малый бизнес"
517;"Московский метрополитен";"Малый бизнес"
518;"РАО Филиппов";"Малый бизнес"
519;"Рыбаков и партнеры";"Средний бизнес"
520;"НПО Ефремова-Симонов";"Малый бизнес"
521;"Мельников и партнеры";"Малый бизнес"
522;"Эркафарм";"Малый бизнес"
523;"Архипов Инкорпорэйтед";"Средний бизнес"
524;"НПО Потапова, Симонова и Волков";"Средний бизнес"
525;"ООО Колесникова-Пономарева";"Средний бизнес"
526;"ОАО Федосеева-Русаков";"Малый бизнес"
527;"АО Казакова";"Средний бизнес"
528;"Квадра";"Средний бизнес"
529;"ЗАО Кузнецова, Назаров и Волкова";"Малый бизнес"
530;"ЗАО Лапина";"Малый бизнес"
531;"Зайцева Лимитед";"Средний бизнес"
532;"Эппл Рус (Apple)";"Средний бизнес"
533;"Тимофеева и партнеры";"Малый бизнес"
534;"РАО Аксенов-Васильева";"Средний бизнес"
535;"ООО Соколова-Ефимова";"Малый бизнес"
536;"Тетра Пак (Tetra Pak)";"Средний бизнес"
537;"Эркафарм";"Средний бизнес"
538;"АО Галкина";"Малый бизнес"
539;"Фомичева Лтд";"Средний бизнес"
540;"НПО Шарова, Медведева и Никифоров";"Малый бизнес"
541;"ОАО Хохлов";"Малый бизнес"
542;"Независимая нефтегазовая компания";"Малый бизнес"
543;"ОАО Осипова";"Средний бизнес"
544;"Чернова и партнеры";"Средний бизнес"
545;"ЗАО Лукин";"Малый бизнес"
546;"РАО Мясникова, Красильников и Бобылева";"Малый бизнес"
547;"ИП Фадеева Чернов";"Средний бизнес"
548;"Сергеев Инк";"Средний бизнес"
549;"ЗАО Муравьева";"Малый бизнес"
550;"Новосибирскэнергосбыт";"Средний бизнес"
551;"ОАО Шубина, Маслова и Соколов";"Малый бизнес"
552;"АО Ковалев, Борисов и Ситникова";"Средний бизнес"
553;"НПО Кудрявцев, Соболева и Фомичева";"Средний бизнес"
554;"ОАО Абрамов-Сысоев";"Средний бизнес"
555;"РАО Шестакова-Бурова";"Средний бизнес"
556;"ОАО Соколов, Ковалев и Шашков";"Средний бизнес"
557;"ИП Яковлева, Константинова и Гуляева";"Средний бизнес"
558;"АО Михеева-Ситников";"Малый бизнес"
559;"ООО Сидорова Пахомова";"Малый бизнес"
560;"Бурова Инк";"Средний бизнес"
561;"ОАО Вишнякова";"Средний бизнес"
562;"ООО Богданов-Уваров";"Малый бизнес"
563;"ОАО Терентьев";"Малый бизнес"
564;"ОАО Полякова";"Средний бизнес"
565;"ЗАО Карпова Андреев";"Малый бизнес"
888;"ЗАО Ширяева";"Средний бизнес"
566;"АО Савин, Степанова и Кабанов";"Малый бизнес"
567;"РАО Быков";"Малый бизнес"
568;"ООО Медведев Давыдов";"Малый бизнес"
569;"Сидорова Лтд";"Малый бизнес"
570;"АО Козлова-Меркушева";"Средний бизнес"
571;"ЗАО Кулаков Абрамов";"Малый бизнес"
572;"ОАО Васильев";"Малый бизнес"
573;"ИП Гришин, Белова и Шестакова";"Средний бизнес"
574;"Мясникова Групп";"Малый бизнес"
575;"Евсеева Групп";"Средний бизнес"
576;"НПО Прохоров, Сафонов и Коновалова";"Средний бизнес"
577;"ОАО Якушева Фролова";"Малый бизнес"
578;"Кудрявцева Инк";"Малый бизнес"
579;"Никонова Инкорпорэйтед";"Малый бизнес"
580;"Эбботт лэбораториз (Abbott Laboratories)";"Малый бизнес"
581;"ООО Овчинникова";"Малый бизнес"
582;"Макарова Лтд";"Средний бизнес"
583;"РАО Игнатова-Воронов";"Средний бизнес"
584;"АО Мухина-Наумова";"Малый бизнес"
585;"Жданов Лтд";"Малый бизнес"
586;"ЗАО Гурьева Пономарева";"Средний бизнес"
587;"Нокиан Шина (Nokian)";"Средний бизнес"
588;"АО Логинова";"Малый бизнес"
589;"ОАО Симонова-Тарасова";"Средний бизнес"
590;"Командор-Холдинг";"Средний бизнес"
591;"НПО Симонов, Рыбаков и Лукина";"Средний бизнес"
592;"Ресурс";"Средний бизнес"
593;"ОАО Журавлев Устинов";"Средний бизнес"
594;"НПО Поляков Матвеев";"Средний бизнес"
595;"Сатурн-Р";"Средний бизнес"
596;"ООО Якушев-Куликов";"Малый бизнес"
597;"Мишин Лимитед";"Малый бизнес"
598;"НПО Горшкова";"Средний бизнес"
599;"ИП Моисеева-Крюков";"Средний бизнес"
600;"ИП Родионов, Дроздова и Ильина";"Средний бизнес"
601;"ИП Веселов, Суворова и Маркова";"Малый бизнес"
602;"НПО Волкова Боброва";"Малый бизнес"
603;"Л'Этуаль";"Малый бизнес"
604;"РАО Маслова, Денисова и Калинина";"Средний бизнес"
605;"ЗАО Шестаков";"Малый бизнес"
606;"ОТП Банк";"Малый бизнес"
607;"Матвеева Лтд";"Средний бизнес"
608;"Архипова и партнеры";"Средний бизнес"
609;"Бобылев Групп";"Малый бизнес"
610;"Московская биржа ММВБ-РТС";"Средний бизнес"
611;"Автотор холдинг";"Средний бизнес"
612;"ООО Савельев, Андреев и Голубева";"Малый бизнес"
613;"Газпром бурение";"Средний бизнес"
614;"ООО Рогов, Галкин и Голубев";"Средний бизнес"
615;"Силин Инк";"Малый бизнес"
616;"ГВСУ по специальным объектам";"Средний бизнес"
617;"РАО Аксенов, Назаров и Ильин";"Малый бизнес"
618;"НПО Анисимова-Тарасов";"Средний бизнес"
619;"АО Красильникова";"Средний бизнес"
620;"НПО Ермаков, Кудряшов и Белозеров";"Малый бизнес"
621;"РАО Белоусов";"Малый бизнес"
622;"Кузнецов Инкорпорэйтед";"Малый бизнес"
623;"Уральские локомотивы";"Средний бизнес"
624;"ОАО Мельников, Аксенов и Овчинникова";"Малый бизнес"
625;"РАО Панова";"Малый бизнес"
626;"РАО Николаев, Петров и Волков";"Средний бизнес"
627;"РАО Галкин, Цветков и Афанасьев";"Средний бизнес"
628;"ЗАО Быкова, Галкин и Бобров";"Малый бизнес"
629;"Р-Фарм";"Средний бизнес"
630;"РАО Тарасова-Васильев";"Малый бизнес"
631;"ЗАО Сергеева";"Средний бизнес"
632;"Завод имени Дегтярева";"Средний бизнес"
633;"Росбанк (Societe General)";"Средний бизнес"
634;"ЗАО Федотова, Зиновьева и Киселева";"Малый бизнес"
635;"ООО Колесникова Орехова";"Малый бизнес"
636;"ОАО Исаев";"Малый бизнес"
637;"РАО Лобанова, Волкова и Мясникова";"Малый бизнес"
638;"ИП Ситникова-Павлов";"Средний бизнес"
639;"Норникель";"Малый бизнес"
640;"ООО Егорова Гусева";"Малый бизнес"
641;"ЗАО Филиппов, Сысоева и Денисов";"Малый бизнес"
642;"Media Direction Group";"Средний бизнес"
643;"ООО Рогов-Назаров";"Малый бизнес"
644;"ЗАО Лазарев Шестакова";"Малый бизнес"
645;"Фролов Лимитед";"Малый бизнес"
646;"ЗАО Силин-Кудряшов";"Средний бизнес"
647;"ЗАО Потапова, Калинин и Терентьев";"Малый бизнес"
648;"ОАО Фадеев";"Малый бизнес"
649;"ИП Жданова-Миронов";"Малый бизнес"
650;"ОАО Исаев-Калинина";"Средний бизнес"
651;"ООО Панова-Куликов";"Малый бизнес"
652;"АО Шарапова Одинцов";"Средний бизнес"
653;"Полякова Лтд";"Малый бизнес"
654;"Дмитриева Групп";"Малый бизнес"
655;"ГК Эталон";"Средний бизнес"
656;"Солид-товарные рынки";"Малый бизнес"
657;"Мишина и партнеры";"Малый бизнес"
658;"ООО Лихачева-Ермакова";"Малый бизнес"
659;"Носова Инкорпорэйтед";"Средний бизнес"
660;"Беспалов Групп";"Средний бизнес"
661;"АО Трофимова Куликова";"Малый бизнес"
662;"Устинов Групп";"Средний бизнес"
663;"НПО Федоров-Зиновьева";"Средний бизнес"
664;"ООО Терентьева-Ковалев";"Средний бизнес"
665;"НПО Калашников";"Малый бизнес"
666;"НПО Харитонов";"Малый бизнес"
667;"НПО Лыткина";"Средний бизнес"
668;"ИП Рябова, Зиновьев и Евсеева";"Средний бизнес"
669;"АО Соболев";"Малый бизнес"
670;"АО Пономарев-Гурьев";"Малый бизнес"
671;"ЗАО Никифорова, Кондратьев и Котова";"Средний бизнес"
672;"ЗАО Борисов, Кулагина и Васильева";"Средний бизнес"
673;"ОАО Федорова";"Малый бизнес"
674;"АО Пономарев-Щербаков";"Малый бизнес"
675;"ООО Кошелева Анисимова";"Малый бизнес"
676;"ЗАО Денисов-Орехова";"Средний бизнес"
677;"ЗАО Рябов, Рябова и Уварова";"Средний бизнес"
678;"НПО Мартынова, Игнатова и Кудряшова";"Средний бизнес"
679;"ИП Юдина Григорьева";"Средний бизнес"
680;"ОАО Блохина";"Средний бизнес"
681;"Рогов Лтд";"Средний бизнес"
682;"Панфилова Групп";"Малый бизнес"
683;"НПО Куликова, Моисеев и Лебедев";"Средний бизнес"
684;"Детский мир";"Малый бизнес"
685;"ЗАО Григорьев-Никонова";"Средний бизнес"
686;"Корнилов и партнеры";"Малый бизнес"
687;"Овчинников Лтд";"Малый бизнес"
688;"Красцветмет";"Малый бизнес"
689;"Логинова Лтд";"Малый бизнес"
690;"НПО Фомин Копылова";"Малый бизнес"
691;"РАО Чернов Гордеева";"Средний бизнес"
692;"ЗАО Рожкова Тимофеева";"Малый бизнес"
693;"Сбербанк России";"Средний бизнес"
694;"ОАО Ширяев, Титова и Рыбаков";"Средний бизнес"
695;"ЗАО Родионова";"Малый бизнес"
696;"ОАО Горшков, Осипова и Рябов";"Малый бизнес"
697;"Зайцев и партнеры";"Малый бизнес"
698;"ООО Носкова-Дроздов";"Средний бизнес"
699;"НПО Щукина Лукина";"Малый бизнес"
700;"ЗАО Попова";"Малый бизнес"
701;"РАО Бирюков";"Малый бизнес"
702;"ОАО Калинина Красильников";"Средний бизнес"
703;"Архангельский ЦБК";"Малый бизнес"
704;"РАО Анисимов, Фокин и Ефимов";"Малый бизнес"
705;"РАО Лихачева Никифорова";"Малый бизнес"
706;"ИП Абрамов Антонов";"Средний бизнес"
707;"Фролов Инкорпорэйтед";"Средний бизнес"
708;"ЗАО Петухов, Ершов и Анисимова";"Малый бизнес"
709;"АО Копылова";"Средний бизнес"
710;"АО Копылов Брагин";"Средний бизнес"
711;"АО Белоусова-Дроздова";"Малый бизнес"
712;"ИП Юдина Зыков";"Малый бизнес"
713;"НПО Королева, Михайлова и Ершова";"Малый бизнес"
714;"Мельников Инкорпорэйтед";"Средний бизнес"
715;"ИП Александрова";"Средний бизнес"
716;"Национальная компьютерная корпорация";"Средний бизнес"
717;"АО Павлова-Самойлов";"Малый бизнес"
718;"Горшков Групп";"Малый бизнес"
719;"Муравьева Лимитед";"Средний бизнес"
720;"ЗАО Ершова, Колобова и Наумова";"Средний бизнес"
721;"Гиперглобус (Bruch-Beteiligungs)";"Малый бизнес"
722;"АО Назарова";"Средний бизнес"
723;"РАО Родионов";"Средний бизнес"
724;"ЗАО Меркушев, Горбачева и Иванова";"Малый бизнес"
725;"ЗАО Киселев";"Малый бизнес"
726;"Т2 РТК Холдинг";"Средний бизнес"
727;"РАО Вишнякова, Щукин и Белозерова";"Средний бизнес"
728;"ЗАО Власова";"Малый бизнес"
729;"Кузьмина Инкорпорэйтед";"Средний бизнес"
730;"АО Мартынов Веселов";"Средний бизнес"
731;"АО Мишина-Алексеева";"Средний бизнес"
732;"ЗАО Суханов";"Малый бизнес"
733;"НПО Зайцева";"Малый бизнес"
734;"ООО Лобанова, Емельянов и Захаров";"Средний бизнес"
735;"Иванов Лтд";"Средний бизнес"
736;"АО Беспалова, Громова и Баранов";"Малый бизнес"
737;"АО Никитина";"Малый бизнес"
738;"РАО Комаров";"Малый бизнес"
739;"НПО Муравьева-Данилов";"Малый бизнес"
740;"ИП Калашников";"Средний бизнес"
741;"Одинцов Групп";"Средний бизнес"
742;"НПО Крюков Титов";"Средний бизнес"
743;"НПО Белозеров";"Малый бизнес"
744;"Афанасьева Лтд";"Малый бизнес"
745;"ООО Доронин";"Малый бизнес"
746;"ЗАО Харитонова Самойлова";"Средний бизнес"
747;"Рожкова Инк";"Средний бизнес"
748;"ИП Самсонова-Мамонтова";"Малый бизнес"
749;"РАО Афанасьев-Игнатова";"Малый бизнес"
750;"ЗАО Карпов-Антонова";"Средний бизнес"
751;"ООО Фадеева, Давыдов и Пахомова";"Средний бизнес"
752;"ООО Наумова Мартынов";"Малый бизнес"
753;"РАО Горшков-Константинова";"Малый бизнес"
754;"АО Беспалова Блинов";"Малый бизнес"
755;"ИП Савельев Андреева";"Средний бизнес"
756;"ООО Селиверстова, Васильев и Рожкова";"Малый бизнес"
757;"РАО Макарова, Федосеева и Большаков";"Малый бизнес"
758;"РАО Трофимов-Шаров";"Средний бизнес"
759;"ОАО Громова Пахомова";"Малый бизнес"
760;"ОАО Чернов";"Малый бизнес"
761;"ИП Кулакова";"Малый бизнес"
762;"Наумов Инк";"Малый бизнес"
763;"АО Макарова Гришин";"Средний бизнес"
764;"АО Силина-Русаков";"Малый бизнес"
765;"Эбботт лэбораториз (Abbott Laboratories)";"Малый бизнес"
766;"ЗАО Мишина, Воробьева и Миронова";"Средний бизнес"
767;"РАО Мишина, Наумов и Фомичев";"Малый бизнес"
768;"Кудрявцев Лимитед";"Малый бизнес"
769;"Транстрейдойл";"Малый бизнес"
770;"Emex";"Малый бизнес"
771;"ОАО Савельева, Мельников и Корнилова";"Средний бизнес"
772;"Титов Лтд";"Малый бизнес"
773;"АО Уварова-Михайлова";"Малый бизнес"
774;"ЗАО Борисова-Горбунов";"Малый бизнес"
775;"ООО Ларионова Баранов";"Малый бизнес"
776;"АО Абрамова";"Малый бизнес"
777;"РАО Колесникова Орлова";"Средний бизнес"
778;"Байер";"Малый бизнес"
779;"Воронцова Инкорпорэйтед";"Малый бизнес"
780;"Николаев Групп";"Средний бизнес"
781;"АО Гусева Осипов";"Средний бизнес"
782;"АО Александрова Крылова";"Малый бизнес"
783;"Стройсервис";"Средний бизнес"
784;"Емельянова Групп";"Средний бизнес"
785;"ООО Тетерин";"Средний бизнес"
786;"АО Вишняков";"Средний бизнес"
787;"Горбачев Лимитед";"Средний бизнес"
788;"АО Исакова, Шилов и Шилова";"Средний бизнес"
789;"РАО Савина";"Малый бизнес"
790;"Группа ГАЗ";"Малый бизнес"
791;"ОАО Никонова Степанов";"Малый бизнес"
792;"Объединенная энергетическая компания";"Средний бизнес"
793;"Анисимова Инк";"Средний бизнес"
794;"АО Сергеева, Ермаков и Полякова";"Средний бизнес"
795;"ИП Большаков Крылов";"Средний бизнес"
796;"ЗАО Давыдов Мишин";"Малый бизнес"
797;"Зиновьева Групп";"Малый бизнес"
798;"ЗАО Зайцев, Кулагина и Королев";"Средний бизнес"
799;"РАО Данилова Павлова";"Малый бизнес"
800;"ИП Быков-Меркушев";"Средний бизнес"
801;"Сибуглемет";"Малый бизнес"
802;"Королева Инк";"Средний бизнес"
803;"Меркушев Лтд";"Средний бизнес"
804;"НПО Иванова Ефимова";"Малый бизнес"
805;"ОАО Волкова-Соловьева";"Средний бизнес"
806;"ОАО Рогов, Колобов и Белова";"Средний бизнес"
807;"НПО Поляков-Рябов";"Средний бизнес"
808;"РАО Лебедева-Колесников";"Средний бизнес"
809;"НПО Котова, Лыткина и Лазарев";"Средний бизнес"
810;"ООО Панова Рыбаков";"Малый бизнес"
811;"ИП Шубин Суворов";"Малый бизнес"
812;"Мария-Ра";"Средний бизнес"
813;"Доронина Групп";"Малый бизнес"
814;"ООО Суворов-Филатов";"Малый бизнес"
815;"ЗАО Петухова-Власов";"Малый бизнес"
816;"Гугл (Google)";"Средний бизнес"
817;"НПО Сысоева-Терентьева";"Средний бизнес"
818;"ЗАО Беспалов";"Малый бизнес"
819;"НПО Ермакова, Дорофеев и Ефремова";"Малый бизнес"
820;"Hoff (Домашний интерьер)";"Малый бизнес"
821;"Русснефть";"Малый бизнес"
822;"ИП Некрасов Рогова";"Малый бизнес"
823;"X5 Retail Group";"Малый бизнес"
824;"ЗАО Козлов Цветков";"Малый бизнес"
825;"ИП Веселова, Васильева и Рожков";"Малый бизнес"
826;"ИП Попова";"Малый бизнес"
827;"АО Третьякова, Шарапова и Мясников";"Малый бизнес"
828;"ОАО Исаков";"Малый бизнес"
829;"Евраз";"Средний бизнес"
830;"Главное управление обустройства войск (ГУОВ)";"Средний бизнес"
831;"Ситибанк";"Средний бизнес"
832;"АО Козлов Игнатов";"Малый бизнес"
833;"АО Федосеев Колесникова";"Средний бизнес"
834;"ОАО Юдин, Голубев и Попова";"Малый бизнес"
835;"Гордеева Инкорпорэйтед";"Средний бизнес"
836;"РАО Исаев-Романов";"Малый бизнес"
837;"ИП Шашкова Поляков";"Малый бизнес"
838;"ИП Богданова";"Малый бизнес"
839;"ИП Калинина Яковлева";"Малый бизнес"
840;"ЗАО Чернова-Жукова";"Средний бизнес"
841;"Маслова Инк";"Малый бизнес"
842;"ЗАО Королева Лихачева";"Малый бизнес"
843;"РАО Волков";"Малый бизнес"
844;"Верисел-трейдинг";"Малый бизнес"
845;"АО Герасимов";"Средний бизнес"
846;"ОАО Тихонов Константинов";"Средний бизнес"
847;"АвтоГермес";"Малый бизнес"
848;"ЗАО Гущин-Вишнякова";"Средний бизнес"
849;"АО Беляков";"Средний бизнес"
850;"ЗАО Макарова";"Средний бизнес"
851;"ЗАО Веселова-Сорокин";"Средний бизнес"
852;"РАО Носкова Юдина";"Малый бизнес"
853;"ООО Зыкова";"Малый бизнес"
854;"ЗАО Блохина, Зимин и Владимирова";"Малый бизнес"
855;"ИП Пономарев";"Средний бизнес"
856;"АО Калинина";"Средний бизнес"
857;"ООО Капустин";"Средний бизнес"
858;"ОАО Воробьев, Сазонова и Евсеева";"Средний бизнес"
859;"РАО Фокина-Рожков";"Малый бизнес"
860;"РАО Савина, Сысоев и Артемьев";"Средний бизнес"
861;"АО Ефремова Зыков";"Малый бизнес"
862;"РАО Щербаков, Журавлев и Терентьева";"Средний бизнес"
863;"АО Осипова, Пестов и Белов";"Средний бизнес"
864;"РАО Федосеев-Емельянов";"Малый бизнес"
865;"Герасимов и партнеры";"Малый бизнес"
866;"Railgo";"Малый бизнес"
867;"РАО Кононов, Якушев и Одинцова";"Средний бизнес"
868;"Сладковско-Заречное";"Средний бизнес"
869;"РАО Мамонтова";"Малый бизнес"
870;"ИП Карпова, Кабанов и Новиков";"Средний бизнес"
871;"ОАО Исаев, Брагин и Давыдов";"Малый бизнес"
872;"Мираторг";"Малый бизнес"
873;"АО Гаврилова-Яковлева";"Средний бизнес"
874;"ОАО Виноградова-Тарасова";"Средний бизнес"
875;"ЗАО Сафонов Козлова";"Средний бизнес"
876;"ЗАО Кулаков, Гурьев и Логинова";"Средний бизнес"
877;"Санофи Россия (Sanofi)";"Средний бизнес"
878;"ОАО Агафонов, Рябов и Ларионов";"Малый бизнес"
879;"ИП Князев-Нестеров";"Средний бизнес"
880;"НПО Сидоров, Иванова и Родионова";"Средний бизнес"
881;"ИП Баранов Юдина";"Средний бизнес"
882;"РАО Белоусова-Ларионов";"Средний бизнес"
883;"Группа Магнезит";"Малый бизнес"
884;"МАКС";"Малый бизнес"
885;"НПО Смирнов, Абрамов и Гусев";"Малый бизнес"
886;"НПО Крылова Ситников";"Средний бизнес"
887;"АО Григорьева, Панфилов и Елисеев";"Средний бизнес"
889;"НПО Суханов, Буров и Зиновьев";"Малый бизнес"
890;"РАО Бурова";"Средний бизнес"
891;"Салым Петролеум";"Малый бизнес"
892;"НПО Бобров";"Средний бизнес"
893;"ОАО Щербакова-Богданова";"Средний бизнес"
894;"ИП Кудряшов Игнатова";"Малый бизнес"
895;"Кубанская нефтегазовая компания";"Малый бизнес"
896;"ОАО Константинова";"Малый бизнес"
897;"ЗАО Доронин, Марков и Родионов";"Средний бизнес"
898;"Объединенные кондитеры";"Малый бизнес"
899;"Горбунова Лимитед";"Средний бизнес"
900;"ТК Шлюмберже (Schlumberger)";"Средний бизнес"
901;"Уралкалий";"Малый бизнес"
902;"НПО Гущин, Соловьева и Моисеева";"Малый бизнес"
903;"ГК Автомир";"Средний бизнес"
904;"ОМК";"Малый бизнес"
905;"Прогресс";"Средний бизнес"
906;"Гордеева Групп";"Малый бизнес"
907;"НПО Кузьмин-Фокина";"Средний бизнес"
908;"АО Владимиров Мишина";"Средний бизнес"
909;"ИП Якушева Зуева";"Средний бизнес"
910;"ОАО Ефремов, Никитин и Гуляева";"Малый бизнес"
911;"ИП Абрамов, Виноградов и Русаков";"Малый бизнес"
912;"РАО Дроздов, Власова и Сидоров";"Малый бизнес"
913;"ИП Горбунов, Якушев и Евсеева";"Средний бизнес"
914;"Газнефтетрэйдинг";"Средний бизнес"
915;"НПО Филатова";"Средний бизнес"
916;"ЗАО Блинов, Кулагин и Егорова";"Малый бизнес"
917;"НПО Самойлова";"Средний бизнес"
918;"Карпов Лимитед";"Малый бизнес"
919;"Группа Содружество";"Средний бизнес"
920;"ОАО Красильникова Дорофеев";"Малый бизнес"
921;"ИП Королева, Мишин и Пахомова";"Малый бизнес"
922;"ИП Котова";"Малый бизнес"
923;"ООО Петухова Лаврентьев";"Средний бизнес"
924;"Михеева Лимитед";"Средний бизнес"
925;"ОАО Виноградова, Константинов и Боброва";"Малый бизнес"
926;"НПО Кудрявцев-Мамонтов";"Средний бизнес"
927;"Русснефть";"Малый бизнес"
928;"Федорова Лтд";"Малый бизнес"
929;"Щербаков Инкорпорэйтед";"Средний бизнес"
930;"РАО Федосеев Антонов";"Средний бизнес"
931;"Тинькофф Банк";"Малый бизнес"
932;"Турова Групп";"Малый бизнес"
933;"ОАО Молчанов Чернова";"Малый бизнес"
934;"ООО Беспалова Сазонова";"Малый бизнес"
935;"ОАО Сорокин, Сорокин и Щербаков";"Малый бизнес"
936;"ИП Кулаков";"Средний бизнес"
937;"Новикомбанк";"Средний бизнес"
938;"Тетерина Инкорпорэйтед";"Средний бизнес"
939;"АО Копылова-Нестеров";"Малый бизнес"
940;"РАО Агафонова";"Малый бизнес"
941;"РАО Денисов, Корнилов и Жданова";"Малый бизнес"
942;"Кроношпан (Kronoplus)";"Средний бизнес"
943;"ОАО Кулагин-Смирнова";"Средний бизнес"
944;"НПО Мишина Мухина";"Средний бизнес"
945;"ОАО Харитонова, Евдокимов и Блинов";"Средний бизнес"
946;"Эйвон Бьюти Продактс Компани (Avon)";"Средний бизнес"
947;"ИП Воронов";"Малый бизнес"
948;"ИП Сысоев-Сысоев";"Средний бизнес"
949;"ОАО Попов";"Малый бизнес"
950;"Каменск-Уральский металлургический завод";"Малый бизнес"
951;"Маслова Инкорпорэйтед";"Средний бизнес"
952;"ЗАО Петухова, Рыбакова и Кузьмин";"Малый бизнес"
953;"ЗАО Наумова Устинов";"Средний бизнес"
954;"АО Кудрявцев, Трофимов и Макаров";"Средний бизнес"
955;"Пестов Групп";"Средний бизнес"
956;"Курганмашзавод";"Средний бизнес"
957;"ОАО Галкина-Рожков";"Средний бизнес"
958;"ИП Гордеева";"Малый бизнес"
959;"ООО Ильина-Пахомова";"Малый бизнес"
960;"ЗАО Попова, Моисеев и Тарасова";"Малый бизнес"
961;"ОАО Яковлева-Бирюков";"Средний бизнес"
962;"ИП Носов, Буров и Федотова";"Малый бизнес"
963;"Меркушева и партнеры";"Средний бизнес"
964;"ООО Рогова-Селиверстов";"Малый бизнес"
965;"НПО Дроздов, Субботин и Ковалева";"Средний бизнес"
966;"Захарова Групп";"Средний бизнес"
967;"Росморпорт";"Малый бизнес"
968;"ООО Бурова Ширяева";"Средний бизнес"
969;"Родионова Лтд";"Средний бизнес"
970;"РАО Терентьева";"Малый бизнес"
971;"ООО Коновалова Ларионов";"Средний бизнес"
972;"ООО Федоров-Соболева";"Малый бизнес"
973;"РАО Смирнов Миронова";"Малый бизнес"
974;"НПО Дмитриева Кононова";"Средний бизнес"
975;"ИП Сазонов, Тарасов и Хохлов";"Малый бизнес"
976;"ИП Смирнова-Марков";"Малый бизнес"
977;"Терентьев Лимитед";"Средний бизнес"
978;"АО Полякова, Зайцева и Зимина";"Малый бизнес"
979;"ОАО Воронцова Медведев";"Средний бизнес"
980;"РАО Чернова";"Малый бизнес"
981;"РАО Селезнев-Суханова";"Средний бизнес"
982;"ОАО Кононов";"Средний бизнес"
983;"ООО Козлова Алексеева";"Малый бизнес"
984;"Газпром автоматизация";"Малый бизнес"
985;"Беркс";"Средний бизнес"
986;"ООО Некрасова, Лебедева и Баранов";"Средний бизнес"
987;"НПО Гусев, Голубев и Соколова";"Малый бизнес"
988;"НПО Соболева, Лебедева и Цветков";"Малый бизнес"
989;"ТД Агроторг";"Средний бизнес"
990;"ОАО Стрелкова";"Малый бизнес"
991;"ИП Шаров Селиверстов";"Средний бизнес"
992;"ЗАО Субботин, Блохина и Блинова";"Малый бизнес"
993;"РАО Андреев-Субботин";"Средний бизнес"
994;"НПО Муравьева";"Средний бизнес"
995;"Стрелков Групп";"Малый бизнес"
996;"ИП Семенова Чернов";"Средний бизнес"
997;"ИП Кулагина Лазарева";"Малый бизнес"
998;"ООО Лихачева Гурьева";"Средний бизнес"
999;"ООО Колесникова, Пономарева и Сазонов";"Средний бизнес"
1000;"ОАО Васильев Антонова";"Средний бизнес"
1001;"ОАО Евсеева-Андреев";"Малый бизнес"
1002;"ИП Ильин-Евсеев";"Малый бизнес"
1003;"ИП Бурова, Ситникова и Никонов";"Средний бизнес"
1004;"Воробьев Групп";"Средний бизнес"
1005;"Михеева Инкорпорэйтед";"Средний бизнес"
1006;"АО Комарова Баранова";"Средний бизнес"
1007;"Гришина Групп";"Средний бизнес"
1008;"ЗАО Власова";"Средний бизнес"
1009;"РАО Носкова Гришин";"Средний бизнес"
1010;"Гуляева Лтд";"Малый бизнес"
1011;"АО Маслов, Исаев и Степанов";"Малый бизнес"
1012;"Субботин Инкорпорэйтед";"Малый бизнес"
1013;"Блинов Инкорпорэйтед";"Средний бизнес"
1014;"Самсонова Инкорпорэйтед";"Средний бизнес"
1015;"ЗАО Панфилов, Вишняков и Фомин";"Малый бизнес"
1016;"НПО Ильина Дмитриева";"Средний бизнес"
1017;"Мельников Лимитед";"Малый бизнес"
1018;"Ростелеком";"Малый бизнес"
1019;"ОАО Большакова Фролов";"Средний бизнес"
1020;"ИП Гущина, Афанасьева и Фомина";"Средний бизнес"
1021;"Королев Инк";"Малый бизнес"
1022;"Первый завод";"Малый бизнес"
1023;"Якушева Инк";"Средний бизнес"
1024;"ЗАО Кузьмин Маслов";"Средний бизнес"
1025;"НК Дулисьма";"Средний бизнес"
1026;"Магнолия";"Малый бизнес"
1027;"Исаева Лимитед";"Средний бизнес"
1028;"Игнатьева Инк";"Малый бизнес"
1029;"Группа Мэйджор";"Малый бизнес"
1030;"Лента";"Малый бизнес"
1031;"ВТБ";"Малый бизнес"
1032;"РАО Чернова, Белоусов и Панфилов";"Малый бизнес"
1033;"ИП Ларионов-Кулагин";"Средний бизнес"
1034;"Шестакова Инк";"Средний бизнес"
1035;"ОАО Петрова";"Средний бизнес"
1036;"АО Игнатов-Воронцов";"Средний бизнес"
1037;"РАО Турова";"Средний бизнес"
1038;"Ингосстрах";"Средний бизнес"
1039;"Прохоров и партнеры";"Средний бизнес"
1040;"РАО Зайцев";"Малый бизнес"
1041;"ОАО Карпова-Пахомов";"Малый бизнес"
1042;"РАО Логинова";"Средний бизнес"
1043;"НПО Соколов";"Малый бизнес"
1044;"Арконик СМЗ";"Средний бизнес"
1045;"ОАО Новикова, Ефимова и Комаров";"Малый бизнес"
1046;"РАО Зимина Алексеева";"Средний бизнес"
1047;"ОАО Красильникова";"Средний бизнес"
1048;"ЗАО Горбунова-Мельников";"Малый бизнес"
1049;"НПО Калашников";"Малый бизнес"
1050;"Егоров Инк";"Средний бизнес"
1051;"Быкова и партнеры";"Малый бизнес"
1052;"Росатом";"Средний бизнес"
1053;"Фадеев Лимитед";"Малый бизнес"
1054;"АО Казакова, Морозов и Фокина";"Малый бизнес"
1055;"ООО Турова-Лазарев";"Средний бизнес"
1056;"Королев Инк";"Малый бизнес"
1057;"Колесников и партнеры";"Средний бизнес"
1058;"Тарасова Лтд";"Средний бизнес"
1059;"НПО Белов-Красильников";"Средний бизнес"
1060;"АО Александров Маслова";"Малый бизнес"
1061;"ООО Рожкова Жукова";"Средний бизнес"
1062;"Катерпиллар Евразия (Caterpillar)";"Малый бизнес"
1063;"АО Козлов Агафонова";"Малый бизнес"
1064;"ЗАО Вишнякова-Нестерова";"Малый бизнес"
1065;"РАО Андреев Гурьев";"Средний бизнес"
1066;"НПО Маслов, Виноградова и Владимиров";"Средний бизнес"
1067;"ООО Иванов";"Малый бизнес"
1068;"Игнатова и партнеры";"Малый бизнес"
1069;"Михайлов и партнеры";"Малый бизнес"
1070;"ГК Агропромкомплектация";"Малый бизнес"
1071;"ЗАО Мясников-Прохорова";"Средний бизнес"
1072;"РАО Селезнева, Борисов и Воронов";"Средний бизнес"
1073;"ООО Воронова-Лебедев";"Средний бизнес"
1074;"ЗАО Зимин, Терентьева и Михеева";"Средний бизнес"
1075;"ООО Силина-Громова";"Малый бизнес"
1076;"НПО Меркушев-Шаров";"Малый бизнес"
1077;"Дон-Строй Инвест";"Малый бизнес"
1078;"Никонов Инкорпорэйтед";"Средний бизнес"
1079;"АО Беляков";"Малый бизнес"
1080;"ООО Дорофеев-Воронова";"Средний бизнес"
1081;"НПО Цветкова Афанасьев";"Средний бизнес"
1082;"ОАО Ларионова Суханова";"Малый бизнес"
1083;"ООО Князев, Осипов и Волков";"Средний бизнес"
1084;"Л'Этуаль";"Средний бизнес"
1085;"ЗАО Моисеева";"Средний бизнес"
1086;"ЗАО Тихонова";"Малый бизнес"
1087;"ЗАО Фомичев";"Малый бизнес"
1088;"АО Тетерина-Алексеева";"Малый бизнес"
1089;"ИП Панов";"Малый бизнес"
1090;"НПО Панфилова";"Средний бизнес"
1091;"АО Петров Фадеева";"Средний бизнес"
1092;"РАО Третьякова, Кошелев и Некрасова";"Малый бизнес"
1093;"ОАО Логинов-Дмитриева";"Средний бизнес"
1094;"Бурова Лтд";"Малый бизнес"
1095;"ОАО Никифоров";"Средний бизнес"
1096;"Суворова Групп";"Средний бизнес"
1097;"Зиновьев Лтд";"Малый бизнес"
1098;"НПО Устинов-Щербаков";"Малый бизнес"
1099;"Туров и партнеры";"Средний бизнес"
1100;"ИП Ершов Громов";"Средний бизнес"
1101;"Калашников Лимитед";"Малый бизнес"
1102;"Фармкомплект";"Малый бизнес"
1103;"ИП Александров Быков";"Средний бизнес"
1104;"Русаков Лтд";"Малый бизнес"
1105;"НПО Морозова";"Средний бизнес"
1106;"ЦЭНКИ";"Малый бизнес"
1107;"ИП Крюков";"Малый бизнес"
1108;"ООО Петухова-Ершова";"Малый бизнес"
1109;"ОАО Попов";"Малый бизнес"
1110;"Петров Инкорпорэйтед";"Средний бизнес"
1111;"Командор-Холдинг";"Средний бизнес"
1112;"ОАО Осипова";"Средний бизнес"
1113;"Компания Металл Профиль";"Средний бизнес"
1114;"НПО Щербакова, Архипова и Суханова";"Средний бизнес"
1115;"Герасимова Лимитед";"Средний бизнес"
1116;"АО Антонова Данилов";"Малый бизнес"
1117;"Михеев Групп";"Средний бизнес"
1118;"РАО Ларионов-Сафонов";"Малый бизнес"
1119;"Транстрейдойл";"Средний бизнес"
1120;"ОАО Суворов-Прохорова";"Средний бизнес"
1121;"РАО Степанов";"Малый бизнес"
1122;"ЗАО Воронцов, Волков и Захарова";"Малый бизнес"
1123;"ЗАО Осипова-Журавлев";"Средний бизнес"
1124;"Назаров Инкорпорэйтед";"Средний бизнес"
1125;"ИП Киселев";"Малый бизнес"
1126;"Таграс (ТНГ-Групп)";"Малый бизнес"
1127;"Лобанов Лимитед";"Средний бизнес"
1128;"Эппл Рус (Apple)";"Малый бизнес"
1129;"РАО Воронцов-Денисова";"Малый бизнес"
1130;"Фадеев Инкорпорэйтед";"Малый бизнес"
1131;"ИП Колесникова, Сазонова и Прохоров";"Малый бизнес"
1132;"АО Куликова";"Средний бизнес"
1133;"ЗАО Кузнецов Муравьева";"Малый бизнес"
1134;"Щербаков Лимитед";"Малый бизнес"
1135;"РАО Журавлева";"Малый бизнес"
1136;"АО Морозов";"Малый бизнес"
1137;"Росбанк (Societe General)";"Средний бизнес"
1138;"Фадеева Лтд";"Малый бизнес"
1139;"АО Капустин, Миронов и Колесников";"Малый бизнес"
1140;"Агафонова Групп";"Малый бизнес"
1141;"НПО Копылов-Беляков";"Малый бизнес"
1142;"Агафонов Инк";"Малый бизнес"
1143;"ООО Зайцев, Виноградов и Сорокина";"Малый бизнес"
1144;"ОАО Кондратьев Шубина";"Средний бизнес"
1145;"Вишнякова и партнеры";"Малый бизнес"
1146;"РАО Дементьева Архипова";"Средний бизнес"
1147;"ООО Ершов";"Средний бизнес"
1148;"ИП Зыков";"Средний бизнес"
1149;"Рожкова Инкорпорэйтед";"Малый бизнес"
1150;"НПО Уварова Никитина";"Малый бизнес"
1151;"ИП Жуков Назарова";"Средний бизнес"
1152;"ООО Павлова Сергеева";"Средний бизнес"
1153;"Банк Русский стандарт";"Малый бизнес"
1154;"А Групп";"Малый бизнес"
1155;"ЗАО Меркушева, Красильникова и Родионова";"Средний бизнес"
1156;"Сазонова Инкорпорэйтед";"Малый бизнес"
1157;"РАО Симонова Михеев";"Средний бизнес"
1158;"Борисов и партнеры";"Средний бизнес"
1159;"Объединенные кондитеры";"Малый бизнес"
1160;"ООО Гущина, Смирнова и Шарапов";"Малый бизнес"
1161;"Киселева Инкорпорэйтед";"Средний бизнес"
1162;"Журавлева Групп";"Средний бизнес"
1163;"ООО Мельникова, Николаева и Кононова";"Малый бизнес"
1164;"ЗАО Гордеев Галкина";"Средний бизнес"
1165;"ОАО Крюков";"Малый бизнес"
1166;"Силина Лтд";"Средний бизнес"
1167;"Егорова и партнеры";"Малый бизнес"
1168;"ИП Богданов, Назарова и Белов";"Средний бизнес"
1169;"МегаФон";"Малый бизнес"
1170;"QIWI";"Средний бизнес"
1171;"НПО Осипова, Турова и Соколова";"Средний бизнес"
1172;"НПО Мартынов";"Средний бизнес"
1173;"РАО Борисова Кулагин";"Малый бизнес"
1174;"Ренейссанс Констракшн (Ronesans Holding Anonim Sirketi)";"Малый бизнес"
1175;"ИП Баранова Матвеев";"Средний бизнес"
1176;"Сафонов Инк";"Средний бизнес"
1177;"ОАО Савельев, Кулакова и Якушева";"Малый бизнес"
1178;"НПО Ермаков-Мельников";"Малый бизнес"
1179;"АО Шарова";"Малый бизнес"
1180;"ОАО Некрасова Красильников";"Средний бизнес"
1181;"ООО Назаров-Куликов";"Средний бизнес"
1182;"ООО Русаков";"Средний бизнес"
1183;"Nordgold";"Средний бизнес"
1184;"Филиппова Инк";"Средний бизнес"
1185;"Кубанская нефтегазовая компания";"Средний бизнес"
1186;"Белуга Групп";"Средний бизнес"
1187;"ОАО Зуев, Большаков и Морозова";"Средний бизнес"
1188;"ИП Тихонов Нестерова";"Средний бизнес"
1189;"РАО Титова, Белоусова и Осипова";"Малый бизнес"
1190;"НК Дулисьма";"Средний бизнес"
1191;"Банк Санкт-Петербург";"Малый бизнес"
1192;"ЛокоТех";"Малый бизнес"
1193;"ОАО Гришина Евдокимова";"Средний бизнес"
1194;"ЗАО Петров-Савина";"Средний бизнес"
1195;"АО Захарова";"Малый бизнес"
1196;"ООО Воробьева Князев";"Средний бизнес"
1197;"ОАО Шестаков, Мартынов и Фролова";"Малый бизнес"
1198;"Ягуар ленд ровер";"Малый бизнес"
1199;"Степанова Лимитед";"Средний бизнес"
1200;"ООО Исаков-Гаврилов";"Средний бизнес"
1201;"АО Зиновьева Белова";"Малый бизнес"
1202;"НПО Ефимов-Королев";"Средний бизнес"
1203;"Фомичев Инкорпорэйтед";"Малый бизнес"
1204;"ИП Самойлова";"Средний бизнес"
1205;"ОАО Дементьева Прохоров";"Средний бизнес"
1206;"Носов и партнеры";"Средний бизнес"
1207;"Дж.Т.И. Россия (JTI)";"Средний бизнес"
1208;"Ларионов Инкорпорэйтед";"Малый бизнес"
1209;"Нефтехимремстрой";"Малый бизнес"
1210;"РАО Мишин Некрасова";"Средний бизнес"
1211;"ООО Ширяев-Белозерова";"Малый бизнес"
1212;"Мясникова Лимитед";"Малый бизнес"
1213;"Воронов Лимитед";"Малый бизнес"
1214;"РАО Аксенова-Маркова";"Малый бизнес"
1215;"ОАО Бурова, Миронова и Никитина";"Средний бизнес"
1216;"ЗАО Русакова Исакова";"Средний бизнес"
1217;"ИП Дроздов Горбачева";"Малый бизнес"
1218;"ООО Ефимов, Пахомов и Пономарев";"Средний бизнес"
1219;"РАО Вишняков Борисова";"Малый бизнес"
1220;"ЗАО Блохина-Пахомов";"Средний бизнес"
1221;"ЗАО Королева";"Малый бизнес"
1222;"ОАО Кириллова-Сергеев";"Малый бизнес"
1223;"ИП Щукина, Шарапова и Носов";"Малый бизнес"
1224;"НПО Зайцева, Константинов и Горбачев";"Средний бизнес"
1225;"Терентьева и партнеры";"Малый бизнес"
1226;"ООО Моисеев Сысоев";"Малый бизнес"
1227;"Рыбаков Групп";"Малый бизнес"
1228;"Бурова Инк";"Малый бизнес"
1229;"НПО Журавлев";"Средний бизнес"
1230;"Тимофеева Инкорпорэйтед";"Средний бизнес"
1231;"Рив Гош";"Средний бизнес"
1232;"Юнипро (Uniper)";"Средний бизнес"
1233;"Ситников Инкорпорэйтед";"Средний бизнес"
1234;"НПО Рябов, Сергеева и Уваров";"Малый бизнес"
1235;"АО Гуляева, Турова и Федотова";"Средний бизнес"
1236;"ИП Игнатов, Бирюкова и Крылов";"Средний бизнес"
1237;"ООО Матвеев, Фадеев и Самойлова";"Средний бизнес"
1238;"ЗАО Рыбаков";"Малый бизнес"
1239;"ООО Алексеева-Николаева";"Малый бизнес"
1240;"ОАО Гущин";"Средний бизнес"
1241;"РАО Русаков-Осипова";"Средний бизнес"
1242;"Прохорова и партнеры";"Средний бизнес"
1243;"ООО Афанасьев";"Малый бизнес"
1244;"НПО Мартынова Жданова";"Средний бизнес"
1245;"Мособлгаз";"Малый бизнес"
1246;"Жданов Групп";"Малый бизнес"
1247;"Лебедев Инк";"Малый бизнес"
1248;"Самсонова Лимитед";"Малый бизнес"
1249;"РАО Никифорова-Семенов";"Малый бизнес"
1250;"НПО Белова-Ковалев";"Средний бизнес"
1251;"Устинова Групп";"Средний бизнес"
1252;"ООО Киселева-Николаева";"Малый бизнес"
1253;"Конар";"Малый бизнес"
1254;"ЗАО Дорофеев Воронцов";"Средний бизнес"
1255;"Мишина Инк";"Малый бизнес"
1256;"АО Агафонова-Рогова";"Малый бизнес"
1257;"Группа ГМС";"Малый бизнес"
1258;"Богданов и партнеры";"Малый бизнес"
1259;"НПО Данилова";"Малый бизнес"
1260;"ИП Щукина";"Средний бизнес"
1261;"Орехова и партнеры";"Средний бизнес"
1262;"АХ Степь";"Малый бизнес"
1263;"Фармкомплект";"Малый бизнес"
1264;"ООО Гордеев, Князева и Кудрявцев";"Малый бизнес"
1265;"Макарова Групп";"Малый бизнес"
1266;"ОАО Лобанова-Жукова";"Малый бизнес"
1267;"ОМПК";"Средний бизнес"
1268;"НПО Новиков";"Средний бизнес"
1269;"РАО Лазарева Уваров";"Средний бизнес"
1270;"РАО Бобылева-Калинин";"Средний бизнес"
1271;"ЗАО Рогов, Ершов и Якушева";"Малый бизнес"
1272;"Южуралзолото ГК";"Средний бизнес"
1273;"ГК Мегаполис";"Малый бизнес"
1274;"ООО Одинцов";"Малый бизнес"
1275;"ЗАО Фокина, Лапина и Осипов";"Малый бизнес"
1276;"Дементьев Лтд";"Малый бизнес"
1277;"ИП Ситников";"Малый бизнес"
1278;"НПО Козлов-Орлова";"Малый бизнес"
1279;"НПО Овчинников Авдеева";"Малый бизнес"
1280;"РАО Соболева, Беляева и Жданов";"Средний бизнес"
1281;"ОАО Стрелкова-Дементьева";"Малый бизнес"
1282;"РАО Горбунов, Петухов и Пахомов";"Средний бизнес"
1283;"НПО Копылов Андреев";"Средний бизнес"
1284;"АО Дьячкова, Назаров и Молчанов";"Малый бизнес"
1285;"НПО Логинова, Нестеров и Колесникова";"Малый бизнес"
1286;"ООО Терентьев-Николаев";"Средний бизнес"
1287;"ЗАО Матвеев Князев";"Средний бизнес"
1288;"Ситников Групп";"Средний бизнес"
1289;"Краснодарзернопродукт-Экспо";"Средний бизнес"
1290;"ИП Жданов, Савельев и Буров";"Средний бизнес"
1291;"Архангельский ЦБК";"Средний бизнес"
1292;"Мираторг";"Малый бизнес"
1293;"ИП Маслова";"Малый бизнес"
1374;"НПО Тетерина-Фокин";"Малый бизнес"
1294;"НПО Тетерин Орехова";"Средний бизнес"
1295;"Белоусова и партнеры";"Малый бизнес"
1296;"Зара СНГ (Zara)";"Малый бизнес"
1297;"Петрова Лимитед";"Средний бизнес"
1298;"АО Шашкова Белоусова";"Средний бизнес"
1299;"Пахомов Групп";"Малый бизнес"
1300;"НПО Быков, Юдина и Доронина";"Малый бизнес"
1301;"НПО Маркова-Симонова";"Малый бизнес"
1302;"ЗАО Карпов";"Малый бизнес"
1303;"Рыбакова Инк";"Средний бизнес"
1304;"ООО Иванов";"Малый бизнес"
1305;"ЗАО Герасимова-Гурьев";"Малый бизнес"
1306;"Билла (Rewe)";"Средний бизнес"
1307;"Славнефть";"Средний бизнес"
1308;"ИП Семенова";"Средний бизнес"
1309;"ООО Панова Лыткина";"Средний бизнес"
1310;"ОАО Мамонтова-Гурьева";"Средний бизнес"
1311;"САФМАР";"Малый бизнес"
1312;"НПО Александрова, Гришин и Шилова";"Малый бизнес"
1313;"ООО Калинин Кудрявцева";"Средний бизнес"
1314;"ГКНПЦ им. М.В.Хруничева";"Средний бизнес"
1315;"НПФ Газфонд пенсионные накопления";"Средний бизнес"
1316;"ИП Овчинникова";"Средний бизнес"
1317;"ОАО Кондратьев, Рогов и Крюков";"Средний бизнес"
1318;"Аксель-Моторс";"Средний бизнес"
1319;"Мерседес-Бенц Рус (Mercedes-Benz)";"Малый бизнес"
1320;"РАО Субботин";"Малый бизнес"
1321;"НПО Мельников-Туров";"Малый бизнес"
1322;"АО Киселев-Фокин";"Средний бизнес"
1323;"АО Пахомова, Щербаков и Субботин";"Малый бизнес"
1324;"РАО Ковалев, Селиверстова и Шаров";"Малый бизнес"
1325;"АО Кондратьева, Силин и Николаева";"Средний бизнес"
1326;"САП СНГ (SAP)";"Малый бизнес"
1327;"НПО Дьячкова, Гуляева и Кондратьева";"Средний бизнес"
1328;"Мартынова Лтд";"Средний бизнес"
1329;"ЗАО Жукова, Попов и Архипов";"Средний бизнес"
1330;"РАО Бобылев";"Средний бизнес"
1331;"Копылов Лимитед";"Малый бизнес"
1332;"Ковалев Инк";"Малый бизнес"
1333;"Егорова Инк";"Малый бизнес"
1334;"НПО Смирнов, Кудряшов и Григорьева";"Средний бизнес"
1335;"ЗАО Веселов";"Средний бизнес"
1336;"ООО Андреев, Моисеев и Мухина";"Малый бизнес"
1337;"ОАО Куликов";"Малый бизнес"
1338;"ООО Устинов-Марков";"Средний бизнес"
1339;"Пономарев Лимитед";"Средний бизнес"
1340;"Давыдова Лимитед";"Средний бизнес"
1341;"АО Сазонова, Суворова и Мясников";"Средний бизнес"
1342;"ООО Большаков";"Средний бизнес"
1343;"ИП Максимова Воронова";"Средний бизнес"
1344;"Филиппов Инкорпорэйтед";"Малый бизнес"
1345;"НПО Шилова-Кузьмин";"Малый бизнес"
1346;"НПО Зимин, Панфилов и Горбунова";"Малый бизнес"
1347;"ЗАО Орлов";"Средний бизнес"
1348;"АО Воробьев, Котов и Харитонов";"Средний бизнес"
1349;"Лихачева Групп";"Малый бизнес"
1350;"НПО Сергеева Шубина";"Малый бизнес"
1351;"Калинина Лимитед";"Средний бизнес"
1352;"Архипова Лтд";"Средний бизнес"
1353;"ООО Орлов";"Малый бизнес"
1354;"ЗАО Воронцова, Зиновьева и Михайлов";"Малый бизнес"
1355;"АО Лобанова, Пономарев и Колесникова";"Малый бизнес"
1356;"ООО Титова-Фомичев";"Малый бизнес"
1357;"ОАО Захаров, Исаева и Зуев";"Малый бизнес"
1358;"АО Хохлов Бобылева";"Малый бизнес"
1359;"ИП Русакова, Турова и Щукин";"Средний бизнес"
1360;"АО Ершова, Рожков и Фадеев";"Средний бизнес"
1361;"ООО Моисеев Борисова";"Средний бизнес"
1362;"Быкова Лимитед";"Средний бизнес"
1363;"ООО Одинцов Королев";"Средний бизнес"
1364;"Ново-Уренгойская газовая компания";"Малый бизнес"
1365;"ОАО Захаров Александров";"Средний бизнес"
1366;"РАО Павлов";"Средний бизнес"
1367;"НПО Кузнецов";"Средний бизнес"
1368;"АО Гущина, Рябова и Медведева";"Средний бизнес"
1369;"Мострансавто";"Малый бизнес"
1370;"НПО Лазарев";"Средний бизнес"
1371;"Командор-Холдинг";"Малый бизнес"
1372;"Коновалов Лимитед";"Средний бизнес"
1373;"Жданова Инк";"Малый бизнес"
1375;"АО Зыков Мишина";"Малый бизнес"
1376;"Группа агропредприятий Ресурс";"Малый бизнес"
1377;"АО Шашкова";"Средний бизнес"
1378;"Бобылев Инкорпорэйтед";"Средний бизнес"
1379;"ЦЭНКИ";"Средний бизнес"
1380;"ИП Казакова";"Средний бизнес"
1381;"Кошелев Лимитед";"Малый бизнес"
1382;"ООО Кабанов, Сергеев и Лапин";"Малый бизнес"
1383;"Елисеева Лимитед";"Средний бизнес"
1384;"АО Ильин-Тимофеева";"Средний бизнес"
1385;"Европа";"Средний бизнес"
1386;"ИП Зайцева, Буров и Дмитриев";"Малый бизнес"
1387;"Аксенова Инк";"Средний бизнес"
1388;"Родионова и партнеры";"Средний бизнес"
1389;"АО Елисеева, Фролова и Алексеева";"Малый бизнес"
1390;"ООО Никитина-Юдин";"Малый бизнес"
1391;"АО Федотова, Захаров и Титов";"Малый бизнес"
1392;"РАО Панфилов Павлов";"Средний бизнес"
1393;"АО Авдеев, Рожков и Кузнецов";"Малый бизнес"
1394;"НПО Лихачев";"Малый бизнес"
1395;"ООО Миронова-Гордеева";"Малый бизнес"
1396;"ИП Лобанова";"Средний бизнес"
1397;"РАО Крылова";"Малый бизнес"
1398;"Петролеум Трейдинг";"Малый бизнес"
1399;"ЗАО Дроздова-Николаев";"Средний бизнес"
1400;"Антонов Лтд";"Средний бизнес"
1401;"ООО Афанасьев Воронова";"Средний бизнес"
1402;"ООО Нестерова-Тихонов";"Средний бизнес"
1403;"ЗАО Рыбакова, Васильев и Крылова";"Малый бизнес"
1404;"Компания Луис Дрейфус Восток (Louis Dreyfus)";"Средний бизнес"
1405;"Комиссаров Инкорпорэйтед";"Средний бизнес"
1406;"НПО Гущин-Гордеева";"Малый бизнес"
1407;"НПО Ефремов";"Малый бизнес"
1408;"АльфаСтрахование";"Малый бизнес"
1409;"Трофимов Лтд";"Малый бизнес"
1410;"ЗАО Гуляева Воронова";"Средний бизнес"
1411;"РАО Михайлова";"Малый бизнес"
1412;"Транслом";"Малый бизнес"
1413;"Авторусь";"Средний бизнес"
1414;"ООО Быков-Гурьева";"Средний бизнес"
1415;"РАО Тарасова, Кудряшова и Куликов";"Малый бизнес"
1416;"Беляева Инкорпорэйтед";"Малый бизнес"
1417;"ООО Кабанова, Герасимова и Муравьев";"Средний бизнес"
1418;"ЗАО Лихачева, Тихонов и Лаврентьева";"Малый бизнес"
1419;"АО Авдеев";"Средний бизнес"
1420;"ОАО Хохлов, Ширяев и Антонов";"Средний бизнес"
1421;"НПО Туров, Суворова и Горшкова";"Средний бизнес"
1422;"Степанова Инк";"Средний бизнес"
1423;"РАО Сидоров Русакова";"Средний бизнес"
1424;"РАО Чернова Кудрявцев";"Малый бизнес"
1425;"Зайцев Инкорпорэйтед";"Малый бизнес"
1426;"НПО Дроздов, Тимофеева и Пономарева";"Средний бизнес"
1427;"Джонсон & Джонсон (Johnson & Johnson)";"Малый бизнес"
1428;"Корнилова Групп";"Средний бизнес"
1429;"Меркушева Лтд";"Средний бизнес"
1430;"ООО Жданова Боброва";"Малый бизнес"
1431;"АО Селезнева Ларионов";"Малый бизнес"
1432;"ИП Мясников-Воробьев";"Средний бизнес"
1433;"Сбербанк России";"Малый бизнес"
1434;"ООО Константинова-Харитонова";"Малый бизнес"
1435;"Иркутская нефтяная компания";"Малый бизнес"
1436;"ИП Дементьев, Кудряшов и Карпов";"Малый бизнес"
1437;"КРКА Фарма (KRKA)";"Средний бизнес"
1438;"АО Кузнецова-Лапин";"Малый бизнес"
1439;"РАО Зуев-Евдокимова";"Малый бизнес"
1440;"Сибирская горно-металлургическая компания";"Малый бизнес"
1441;"РАО Мельников Муравьев";"Средний бизнес"
1442;"ОАО Логинов Рожков";"Средний бизнес"
1443;"ОАО Галкина, Ковалев и Якушев";"Малый бизнес"
1444;"ЗАО Павлова, Мамонтова и Лазарев";"Малый бизнес"
1445;"ООО Логинов";"Средний бизнес"
1446;"Родионова и партнеры";"Малый бизнес"
1447;"РАО Мамонтова";"Средний бизнес"
1448;"ООО Марков";"Средний бизнес"
1449;"НПО Кулаков Пахомова";"Малый бизнес"
1450;"Логинов Лимитед";"Средний бизнес"
1451;"РАО Власов Маслов";"Средний бизнес"
1452;"РАО Петров, Муравьев и Савельева";"Малый бизнес"
1532;"Таграс (ТНГ-Групп)";"Малый бизнес"
1453;"Объединенная судостроительная корпорация";"Средний бизнес"
1454;"ОАО Силин Лаврентьева";"Малый бизнес"
1455;"ООО Галкин";"Средний бизнес"
1456;"Сладковско-Заречное";"Малый бизнес"
1457;"Сони Электроникс (Sony)";"Средний бизнес"
1458;"Калинина Инкорпорэйтед";"Малый бизнес"
1459;"РАО Сазонова-Лазарева";"Средний бизнес"
1460;"ИП Крюкова-Красильников";"Средний бизнес"
1461;"Агентство по страхованию вкладов (АСВ)";"Малый бизнес"
1462;"ТД Агроторг";"Малый бизнес"
1463;"ЗАО Иванов Никитина";"Малый бизнес"
1464;"НПО Харитонова";"Средний бизнес"
1465;"НПО Андреев";"Средний бизнес"
1466;"Ферронордик машины (Ferronordic)";"Малый бизнес"
1467;"Роснефть";"Малый бизнес"
1468;"РАО Ларионова";"Средний бизнес"
1469;"ОАО Елисеев-Рыбакова";"Средний бизнес"
1470;"Данон  (Danone)";"Малый бизнес"
1471;"АО Лебедева, Котова и Самойлова";"Средний бизнес"
1472;"ОАО Сидорова-Лазарева";"Малый бизнес"
1473;"Дьячков Лтд";"Средний бизнес"
1474;"Макдоналдc (McDonald`s)";"Малый бизнес"
1475;"Корпорация Тактическое ракетное вооружение";"Малый бизнес"
1476;"ИП Лаврентьев Назаров";"Средний бизнес"
1477;"Блохина Инкорпорэйтед";"Малый бизнес"
1478;"Самойлова и партнеры";"Малый бизнес"
1479;"АО Беляева Крылова";"Средний бизнес"
1480;"АО Фокина-Кузьмина";"Средний бизнес"
1481;"ОАО Пестова-Силина";"Средний бизнес"
1482;"ОАО Титов";"Малый бизнес"
1483;"ИП Никитина";"Средний бизнес"
1484;"Группа компаний Пионер";"Малый бизнес"
1485;"Ростелеком";"Малый бизнес"
1486;"ОАО Комиссарова Федотова";"Малый бизнес"
1487;"Бобылева Инк";"Малый бизнес"
1488;"РАО Туров, Гуляева и Никонова";"Средний бизнес"
1489;"НПО Стрелков-Трофимова";"Малый бизнес"
1490;"Филиппов и партнеры";"Средний бизнес"
1491;"Исакова Групп";"Малый бизнес"
1492;"Дорофеева Лимитед";"Средний бизнес"
1493;"ООО Орехова-Ларионова";"Средний бизнес"
1494;"ЗАО Сафонова, Большакова и Яковлев";"Малый бизнес"
1495;"ООО Быков";"Малый бизнес"
1496;"РАО Боброва Соловьева";"Малый бизнес"
1497;"ООО Орлова-Рыбакова";"Малый бизнес"
1498;"ИП Герасимова";"Малый бизнес"
1499;"АО Ершова, Савельева и Матвеев";"Малый бизнес"
1500;"ЗАО Кузьмина Котов";"Средний бизнес"
1501;"ОАО Калинина";"Средний бизнес"
1502;"ООО Гущин-Белоусова";"Средний бизнес"
1503;"Тинькофф Банк";"Малый бизнес"
1504;"ОХК Уралхим";"Малый бизнес"
1505;"РАО Емельянова";"Средний бизнес"
1506;"ЗАО Макарова, Носков и Уваров";"Средний бизнес"
1507;"НПО Колесников Боброва";"Средний бизнес"
1508;"НПО Смирнов";"Малый бизнес"
1509;"Матвеев Групп";"Малый бизнес"
1510;"Уральский банк реконструкции и развития";"Малый бизнес"
1511;"ОАО Новикова-Васильева";"Средний бизнес"
1512;"РАО Громова-Крюкова";"Малый бизнес"
1513;"Петров Инкорпорэйтед";"Средний бизнес"
1514;"АО Егоров, Ильина и Сидоров";"Малый бизнес"
1515;"ООО Константинова";"Средний бизнес"
1516;"ИП Антонов, Комиссарова и Панфилов";"Средний бизнес"
1517;"Брагин Лимитед";"Малый бизнес"
1518;"АО Семенов, Ефремова и Горбачева";"Малый бизнес"
1519;"Михеев Групп";"Средний бизнес"
1520;"НПО Щербакова, Назарова и Кузнецов";"Средний бизнес"
1521;"ИП Калинина, Яковлев и Носкова";"Средний бизнес"
1522;"Сталепромышленная компания";"Средний бизнес"
1523;"Рябов Инкорпорэйтед";"Малый бизнес"
1524;"РАО Суворов Хохлова";"Малый бизнес"
1525;"Авдеева и партнеры";"Малый бизнес"
1526;"ООО Щербакова Цветкова";"Малый бизнес"
1527;"Владимиров Лтд";"Средний бизнес"
1528;"НПО Тарасова, Некрасова и Филиппов";"Средний бизнес"
1529;"ООО Блохин Вишняков";"Средний бизнес"
1530;"АО Голубев";"Малый бизнес"
1531;"РАО Потапов Панов";"Средний бизнес"
1533;"Лукина и партнеры";"Средний бизнес"
1534;"Шилов Групп";"Малый бизнес"
1535;"ОАО Котова, Мамонтова и Гущина";"Средний бизнес"
1536;"АО Белоусов-Шаров";"Малый бизнес"
1537;"Первый завод";"Средний бизнес"
1538;"ОАО Родионова Макаров";"Малый бизнес"
1539;"НПО Дорофеев";"Средний бизнес"
1540;"РАО Рожков Кабанов";"Средний бизнес"
1541;"Герасимова Лтд";"Средний бизнес"
1542;"ООО Михайлов Лапина";"Малый бизнес"
1543;"Шарова и партнеры";"Средний бизнес"
1544;"ОАО Артемьева, Никифорова и Муравьева";"Средний бизнес"
1545;"ООО Фомичева-Агафонов";"Малый бизнес"
1546;"НПО Красильникова";"Малый бизнес"
1547;"АО Якушева Лазарев";"Средний бизнес"
1548;"Гусев Инк";"Средний бизнес"
1549;"ФМСМ (PMI)";"Малый бизнес"
1550;"Нестеров Инкорпорэйтед";"Малый бизнес"
1551;"ИП Шашкова";"Средний бизнес"
1552;"НПО Михеев";"Малый бизнес"
1553;"ООО Третьякова";"Средний бизнес"
1554;"Лаборатория Касперского";"Средний бизнес"
1555;"Капустина Инк";"Малый бизнес"
1556;"Миронова Инк";"Средний бизнес"
1557;"АО Сергеева, Баранов и Соловьев";"Средний бизнес"
1558;"ИП Харитонов";"Средний бизнес"
1559;"НПО Евсеева, Буров и Логинова";"Средний бизнес"
1560;"Фомин и партнеры";"Средний бизнес"
1561;"ВАД";"Малый бизнес"
1562;"ИП Лаврентьева-Комиссарова";"Малый бизнес"
1563;"ОАО Коновалова, Фомин и Шестаков";"Средний бизнес"
1564;"ООО Бобылев-Константинов";"Средний бизнес"
1565;"Гордеева Групп";"Малый бизнес"
1566;"ООО Гуляев, Михайлова и Потапов";"Малый бизнес"
1567;"Русский уголь";"Средний бизнес"
1568;"ООО Попова Костин";"Средний бизнес"
1569;"Доронин Лимитед";"Малый бизнес"
1570;"Дорофеева Инк";"Средний бизнес"
1571;"Вольво Карс (Zhejiang Geely)";"Малый бизнес"
1572;"Корнилова Лимитед";"Средний бизнес"
1573;"НПО Мартынова-Вишняков";"Малый бизнес"
1574;"ИП Карпова";"Малый бизнес"
1575;"Цветкова Лимитед";"Средний бизнес"
1576;"Белякова Лимитед";"Средний бизнес"
1577;"АО Герасимова-Громова";"Средний бизнес"
1578;"РАО Беляев-Логинова";"Средний бизнес"
1579;"РАО Потапова-Суханова";"Малый бизнес"
1580;"РАО Лукина-Мельникова";"Средний бизнес"
1581;"ГК Мегаполис";"Малый бизнес"
1582;"Овчинников Инкорпорэйтед";"Средний бизнес"
1583;"ЗАО Блохина-Шубина";"Средний бизнес"
1584;"АО Щукина Кононова";"Средний бизнес"
1585;"САМ-МБ";"Средний бизнес"
1586;"Самсонова Лимитед";"Малый бизнес"
1587;"ООО Бобылев-Лыткин";"Малый бизнес"
1588;"ГК Титан";"Малый бизнес"
1589;"ЗАО Бобылева, Кулагин и Поляков";"Малый бизнес"
1590;"Лихачева Лтд";"Малый бизнес"
1591;"Егорова и партнеры";"Средний бизнес"
1592;"АО Белова Шарапов";"Средний бизнес"
1593;"ОАО Молчанова Шилов";"Средний бизнес"
1594;"ЗАО Воронцов Веселова";"Средний бизнес"
1595;"ЗАО Дроздова Блохин";"Средний бизнес"
1596;"ОАО Игнатьев Федоров";"Малый бизнес"
1597;"ООО Мамонтова-Лобанова";"Средний бизнес"
1598;"Рогов и партнеры";"Средний бизнес"
1599;"ОАО Меркушева-Веселов";"Малый бизнес"
1600;"Силин и партнеры";"Средний бизнес"
1601;"ЗАО Виноградова Ефремова";"Малый бизнес"
1602;"ИП Ильина, Трофимова и Жукова";"Малый бизнес"
1603;"Никитин Лимитед";"Малый бизнес"
1604;"Салым Петролеум";"Средний бизнес"
1605;"ЗАО Суворова, Смирнов и Гусев";"Средний бизнес"
1606;"Группа М.Видео-Эльдорадо";"Средний бизнес"
1607;"ОАО Потапов";"Средний бизнес"
1608;"ОАО Сысоев-Рябов";"Малый бизнес"
1609;"ИП Самсонова Хохлова";"Средний бизнес"
1610;"Горшкова Групп";"Средний бизнес"
1611;"ГК Орими Трэйд";"Малый бизнес"
1612;"Лапин Лимитед";"Малый бизнес"
1613;"Томскнефть ВНК";"Малый бизнес"
1614;"ЭР-Телеком Холдинг";"Средний бизнес"
1615;"ИП Третьякова, Одинцова и Ефремов";"Средний бизнес"
1616;"Воронова Групп";"Малый бизнес"
1617;"Mail.Ru Group";"Малый бизнес"
1618;"ОАО Семенова Тихонова";"Средний бизнес"
1619;"Дроздов Групп";"Малый бизнес"
1620;"ЗАО Лебедев-Федосеева";"Средний бизнес"
1621;"АО Кириллова";"Средний бизнес"
1622;"ООО Титов, Дмитриева и Субботина";"Средний бизнес"
1623;"ЗАО Беляков Поляков";"Средний бизнес"
1624;"ООО Корнилова";"Малый бизнес"
1625;"НЗНП";"Средний бизнес"
1626;"АО Копылова";"Средний бизнес"
1627;"Волков Лимитед";"Средний бизнес"
1628;"ЗАО Пономарев Копылов";"Средний бизнес"
1629;"ОАО Котова-Агафонов";"Средний бизнес"
1630;"Игнатов и партнеры";"Средний бизнес"
1631;"НПО Куликов Сергеева";"Малый бизнес"
1632;"Игнатов Групп";"Малый бизнес"
1633;"Волков Инк";"Малый бизнес"
1634;"НПО Авдеев-Морозова";"Средний бизнес"
1635;"Коновалов Групп";"Малый бизнес"
1636;"Завод имени Дегтярева";"Средний бизнес"
1637;"ЗАО Алексеева-Калашникова";"Средний бизнес"
1638;"НПО Соколов-Котов";"Средний бизнес"
1639;"ОАО Белозерова, Костина и Горбунов";"Средний бизнес"
1640;"АО Макарова Копылов";"Малый бизнес"
1641;"ИП Власов Горбунов";"Малый бизнес"
1642;"АО Шубина";"Средний бизнес"
1643;"Туров и партнеры";"Средний бизнес"
1644;"ЗАО Панов-Шарова";"Средний бизнес"
1645;"ТЭК СПБ";"Средний бизнес"
1646;"Анисимов Лтд";"Средний бизнес"
1647;"Русагро";"Средний бизнес"
1648;"Запсибгазпром";"Средний бизнес"
1649;"ОАО Карпов, Петров и Тетерина";"Средний бизнес"
1650;"Кузьмина Лимитед";"Малый бизнес"
1651;"ОАО Осипова, Дьячкова и Ковалева";"Малый бизнес"
1652;"Самсонов Групп";"Малый бизнес"
1653;"ООО Самсонова, Федорова и Тетерин";"Малый бизнес"
1654;"Roust";"Малый бизнес"
1655;"ОАО Симонова Воробьев";"Малый бизнес"
1656;"ТЭК СПБ";"Малый бизнес"
1657;"ОАО Стрелкова";"Средний бизнес"
1658;"РАО Воронцов Пономарева";"Малый бизнес"
1659;"Дьячков Лимитед";"Малый бизнес"
1660;"ИП Харитонов-Петухов";"Средний бизнес"
1661;"РАО Шилова";"Средний бизнес"
1662;"ООО Фролов Медведев";"Малый бизнес"
1663;"НПО Попова Носова";"Малый бизнес"
1664;"ЗАО Гордеев-Некрасова";"Средний бизнес"
1665;"ОТП Банк";"Средний бизнес"
1666;"РАО Королева, Лукин и Зиновьев";"Малый бизнес"
1667;"Хоум Кредит энд Финанс Банк (PPF)";"Малый бизнес"
1668;"Самараэнерго";"Малый бизнес"
1669;"Луидор";"Средний бизнес"
1670;"РАО Гришина, Егоров и Маркова";"Малый бизнес"
1671;"НПО Афанасьев-Тарасов";"Малый бизнес"
1672;"Техинком";"Средний бизнес"
1673;"АО Капустина-Сорокина";"Малый бизнес"
1674;"Жукова Лимитед";"Средний бизнес"
1675;"АО Давыдов Попова";"Малый бизнес"
1676;"ИП Тимофеев-Тихонов";"Малый бизнес"
1677;"РАО Ларионова Орехова";"Средний бизнес"
1678;"Камский кабель";"Средний бизнес"
1679;"ОАО Авдеева Крылов";"Малый бизнес"
1680;"КДВ Групп";"Средний бизнес"
1681;"ОАО Калинина";"Средний бизнес"
1682;"ИП Казаков, Исаков и Носова";"Средний бизнес"
1683;"ООО Доронина";"Малый бизнес"
1684;"Михеева Инк";"Средний бизнес"
1685;"Зиновьева Лтд";"Малый бизнес"
1686;"ООО Титов, Воронов и Тихонов";"Малый бизнес"
1687;"ABI Product";"Средний бизнес"
1688;"ОАО Егорова-Королева";"Средний бизнес"
1689;"ИП Шашкова Исакова";"Средний бизнес"
1690;"Филатова Лтд";"Средний бизнес"
1691;"ОАО Смирнова, Рожков и Федотов";"Средний бизнес"
1692;"ИП Зимин, Меркушева и Стрелкова";"Малый бизнес"
1693;"ОАО Игнатова";"Малый бизнес"
1694;"Интер РАО";"Средний бизнес"
1695;"ООО Антонов";"Средний бизнес"
1696;"Трансбункер";"Средний бизнес"
1697;"РАО Панов, Пахомова и Устинова";"Малый бизнес"
1698;"АО Сидоров Носова";"Средний бизнес"
1699;"Никифоров и партнеры";"Малый бизнес"
1700;"АО Сергеев Дорофеев";"Средний бизнес"
1701;"РАО Петрова Федорова";"Средний бизнес"
1702;"РАО Зайцева-Лыткин";"Средний бизнес"
1703;"Соллерс";"Средний бизнес"
1704;"Гурьев Инк";"Малый бизнес"
1705;"Катерпиллар Евразия (Caterpillar)";"Средний бизнес"
1706;"ИП Шестакова-Павлов";"Малый бизнес"
1707;"РАО Ширяев-Носков";"Средний бизнес"
1708;"НПО Матвеев";"Малый бизнес"
1709;"РАО Орлова";"Средний бизнес"
1710;"ОАО Дементьев, Никонов и Прохорова";"Малый бизнес"
1711;"ОАО Александрова-Костин";"Средний бизнес"
1712;"АО Воробьева";"Малый бизнес"
1713;"ЗАО Буров-Буров";"Малый бизнес"
1714;"ГК Эфко";"Малый бизнес"
1715;"ООО Ильин";"Средний бизнес"
1716;"ООО Гущина Титов";"Малый бизнес"
1717;"ОАО Кулакова Блохина";"Малый бизнес"
1718;"РАО Ширяев";"Средний бизнес"
1719;"РАО Карпова-Зиновьева";"Малый бизнес"
1720;"ОАО Алексеева Савин";"Малый бизнес"
1721;"НПО Сафонов, Панов и Александрова";"Малый бизнес"
1722;"Сибирская сервисная компания";"Средний бизнес"
1723;"НПО Мясников, Князева и Соболева";"Средний бизнес"
1724;"ИП Прохорова-Прохорова";"Малый бизнес"
1725;"АО Воронцов-Белозеров";"Малый бизнес"
1726;"Новикова Лтд";"Средний бизнес"
1727;"ЗАО Щукин-Суханов";"Средний бизнес"
1728;"ИП Сидорова, Савин и Фомина";"Средний бизнес"
1729;"РАО Бурова Захаров";"Малый бизнес"
1730;"Дементьева Инк";"Малый бизнес"
1731;"ООО Афанасьева, Козлов и Хохлов";"Средний бизнес"
1732;"АО Нестеров";"Малый бизнес"
1733;"РАО Шестаков Пономарева";"Малый бизнес"
1734;"РАО Моисеева, Гущина и Молчанов";"Средний бизнес"
1735;"РАО Маслова";"Малый бизнес"
1736;"АО Кудрявцева, Лыткин и Прохоров";"Средний бизнес"
1737;"Приосколье";"Малый бизнес"
1738;"Газнефтетрэйдинг";"Средний бизнес"
1739;"АО Попова";"Средний бизнес"
1740;"ЗАО Яковлева, Петухов и Колобов";"Средний бизнес"
1741;"Волгоградэнергосбыт";"Средний бизнес"
1742;"АО Дмитриев Кузнецов";"Малый бизнес"
1743;"НПО Калинина, Котова и Котова";"Малый бизнес"
1744;"РАО Шаров";"Средний бизнес"
1745;"ООО Беляков Дементьев";"Малый бизнес"
1746;"Фармперспектива";"Малый бизнес"
1747;"АО Максимова Тихонов";"Средний бизнес"
1748;"АО Турова Фомина";"Средний бизнес"
1749;"ОАО Соловьева Голубев";"Малый бизнес"
1750;"ЮниКредит Банк (UniCredit)";"Малый бизнес"
1751;"РАО Кононов, Дьячкова и Кабанов";"Малый бизнес"
1752;"ЗАО Кошелев Сафонов";"Средний бизнес"
1753;"Субботина Групп";"Малый бизнес"
1754;"Громова Лтд";"Малый бизнес"
1755;"НПО Рогова Устинов";"Средний бизнес"
1756;"ОАО Герасимова, Гущина и Богданова";"Средний бизнес"
1757;"Алкоторг";"Средний бизнес"
1758;"ЗАО Киселев";"Средний бизнес"
1759;"НПО Ситникова, Николаева и Беляева";"Средний бизнес"
1760;"НПО Комиссарова Белоусова";"Средний бизнес"
1761;"ИП Новиков-Мясникова";"Средний бизнес"
1762;"ООО Тимофеев, Власова и Тетерин";"Малый бизнес"
1763;"ИП Фомичева-Белозеров";"Средний бизнес"
1764;"ИП Суворова-Дмитриева";"Средний бизнес"
1765;"Объединенная двигателестроительная корпорация";"Средний бизнес"
1766;"НПО Воробьев";"Средний бизнес"
1767;"ЗАО Носов, Григорьев и Виноградова";"Средний бизнес"
1768;"ИП Панфилов Козлов";"Малый бизнес"
1769;"АО Костина Давыдов";"Средний бизнес"
1770;"НПО Пахомов Гусева";"Средний бизнес"
1771;"ИП Соболев";"Средний бизнес"
1772;"Селиверстова Инкорпорэйтед";"Малый бизнес"
1773;"РАО Фомина, Быков и Доронина";"Средний бизнес"
1774;"АО Суханов-Гордеев";"Средний бизнес"
1775;"ООО Ефремов, Казаков и Фролова";"Средний бизнес"
1937;"ИП Котова Силин";"Малый бизнес"
1776;"ОАО Некрасов, Александрова и Рогова";"Средний бизнес"
1777;"Колобова и партнеры";"Малый бизнес"
1778;"АО Сорокина, Самойлова и Михеев";"Средний бизнес"
1779;"НПО Федосеев-Моисеев";"Малый бизнес"
1780;"ООО Соколов Гаврилова";"Малый бизнес"
1781;"ВСК";"Малый бизнес"
1782;"РАО Шубина";"Малый бизнес"
1783;"АО Третьякова, Костина и Цветкова";"Малый бизнес"
1784;"ЗАО Белозеров Кузьмин";"Средний бизнес"
1785;"АО Петров-Андреева";"Малый бизнес"
1786;"ИП Иванова, Богданова и Макарова";"Средний бизнес"
1787;"Московский аэропорт Домодедово";"Малый бизнес"
1788;"АО Шестакова";"Малый бизнес"
1789;"Панова Лимитед";"Малый бизнес"
1790;"РАО Колобов-Тихонова";"Средний бизнес"
1791;"Ершов и партнеры";"Малый бизнес"
1792;"Тетерина Лтд";"Средний бизнес"
1793;"ООО Шилова";"Малый бизнес"
1794;"Казаньоргсинтез";"Средний бизнес"
1795;"НПО Воробьева Жуков";"Малый бизнес"
1796;"ГВСУ по специальным объектам";"Средний бизнес"
1797;"Афанасьева Групп";"Средний бизнес"
1798;"РАО Евдокимов, Дементьева и Макаров";"Средний бизнес"
1799;"Белова Лимитед";"Средний бизнес"
1800;"Архипова Лтд";"Малый бизнес"
1801;"ФК Гранд Капитал";"Средний бизнес"
1802;"НПО Назаров-Чернов";"Малый бизнес"
1803;"НПО Егоров, Степанов и Ларионова";"Малый бизнес"
1804;"Щербаков Лтд";"Средний бизнес"
1805;"ОАО Комарова Корнилов";"Средний бизнес"
1806;"ИП Журавлева, Одинцов и Шарапова";"Средний бизнес"
1807;"ООО Гущин";"Малый бизнес"
1808;"ОАО Потапова Блохина";"Средний бизнес"
1809;"ООО Игнатова Ефремова";"Малый бизнес"
1810;"Селезнев Групп";"Малый бизнес"
1811;"ИП Силин Шестаков";"Малый бизнес"
1812;"ИП Никифорова-Денисов";"Средний бизнес"
1813;"Кондратьева Лтд";"Средний бизнес"
1814;"ОАО Ефремова Князев";"Малый бизнес"
1815;"ООО Алексеева";"Средний бизнес"
1816;"ИП Аксенова Шубина";"Средний бизнес"
1817;"ОАО Белозеров";"Малый бизнес"
1818;"ООО Крюкова";"Малый бизнес"
1819;"ОАО Блохин-Лаврентьева";"Средний бизнес"
1820;"НПО Белозерова Ковалев";"Средний бизнес"
1821;"ЗАО Муравьев, Савин и Комиссаров";"Средний бизнес"
1822;"ЗАО Титова, Ширяева и Богданова";"Малый бизнес"
1823;"ГК Фаворит Моторс";"Малый бизнес"
1824;"РАО Филиппова";"Средний бизнес"
1825;"ООО Быков";"Малый бизнес"
1826;"ИП Уварова-Исаков";"Малый бизнес"
1827;"НПО Шилов-Громова";"Малый бизнес"
1828;"Орлова Лимитед";"Малый бизнес"
1829;"Шилова Лтд";"Малый бизнес"
1830;"ОАО Маслова Брагина";"Малый бизнес"
1831;"ООО Орлова-Лазарева";"Малый бизнес"
1832;"ООО Ларионов Шарапова";"Средний бизнес"
1833;"Субботин Инкорпорэйтед";"Средний бизнес"
1834;"РАО Антонова, Беляева и Владимиров";"Малый бизнес"
1835;"Арконик СМЗ";"Средний бизнес"
1836;"Уралвтормет";"Средний бизнес"
1837;"ИП Лукина";"Малый бизнес"
1838;"Дьячкова Групп";"Малый бизнес"
1839;"ИП Сысоев-Рогов";"Малый бизнес"
1840;"ЗАО Быкова, Симонов и Беляева";"Средний бизнес"
1841;"РАО Захарова Шубина";"Малый бизнес"
1842;"РАО Артемьев Кулакова";"Малый бизнес"
1843;"ИП Гордеев-Зыкова";"Средний бизнес"
1844;"НПО Яковлева Савельева";"Средний бизнес"
1845;"Матвеева Лтд";"Малый бизнес"
1846;"Русская медная компания";"Средний бизнес"
1847;"Сегежа";"Средний бизнес"
1848;"Полиметалл";"Малый бизнес"
1849;"ОАО Никифоров Орехова";"Малый бизнес"
1850;"СБСВ-Ключавто";"Средний бизнес"
1851;"АБ Инбев Эфес (Anheuser-Busch Inbev)";"Малый бизнес"
1852;"ОАО Назарова-Кошелев";"Малый бизнес"
1853;"ООО Ситников-Николаев";"Средний бизнес"
1854;"Familia";"Средний бизнес"
1855;"ИП Гурьев-Кондратьев";"Малый бизнес"
1856;"НПО Николаева, Копылова и Волков";"Малый бизнес"
1857;"ООО Сергеев Капустин";"Средний бизнес"
1858;"ООО Уварова Мамонтова";"Малый бизнес"
1859;"ЗАО Игнатов-Петухова";"Средний бизнес"
1860;"ЗАО Панфилов Кулакова";"Средний бизнес"
1861;"РАО Рябов";"Малый бизнес"
1862;"Калашникова Инкорпорэйтед";"Малый бизнес"
1863;"ОАО Дмитриева Белозерова";"Малый бизнес"
1864;"ООО Копылов Комиссаров";"Малый бизнес"
1865;"Группа Черкизово";"Малый бизнес"
1866;"ООО Фокин";"Малый бизнес"
1867;"РАО Алексеева, Голубев и Денисова";"Средний бизнес"
1868;"ООО Мишина, Копылова и Денисова";"Средний бизнес"
1869;"РАО Емельянова, Титова и Громов";"Средний бизнес"
1870;"Продимекс-Холдинг";"Средний бизнес"
1871;"АО Гурьев Куликов";"Средний бизнес"
1872;"Компания Луис Дрейфус Восток (Louis Dreyfus)";"Малый бизнес"
1873;"Рожков Лтд";"Средний бизнес"
1874;"ООО Белоусова-Яковлев";"Средний бизнес"
1875;"ОАО Мамонтов";"Средний бизнес"
1876;"АО Одинцова";"Малый бизнес"
1877;"ООО Брагина, Герасимова и Беляева";"Малый бизнес"
1878;"НПО Быкова";"Средний бизнес"
1879;"ООО Овчинникова";"Малый бизнес"
1880;"Цветков Групп";"Средний бизнес"
1881;"ЗАО Константинов Колобова";"Малый бизнес"
1882;"РАО Мишин Карпов";"Средний бизнес"
1883;"Русский уголь";"Средний бизнес"
1884;"Т2 РТК Холдинг";"Малый бизнес"
1885;"РАО Зуев, Муравьева и Комиссаров";"Малый бизнес"
1886;"РАО Яковлева-Коновалов";"Средний бизнес"
1887;"ОАО Иванова";"Малый бизнес"
1888;"ЗАО Кузьмина";"Малый бизнес"
1889;"ОАО Агафонов";"Средний бизнес"
1890;"РКЦ Прогресс";"Малый бизнес"
1891;"ЗАО Афанасьева-Емельянова";"Малый бизнес"
1892;"ОАО Степанов Хохлова";"Средний бизнес"
1893;"Мельников Инк";"Средний бизнес"
1894;"ЗАО Капустина Павлов";"Средний бизнес"
1895;"НПО Дорофеева";"Малый бизнес"
1896;"АО Котова, Никитин и Блохин";"Средний бизнес"
1897;"НПО Корнилов-Новикова";"Малый бизнес"
1898;"НПО Селезнев Сергеева";"Средний бизнес"
1899;"АО Пономарева";"Средний бизнес"
1900;"НПО Михеева, Блохин и Федотов";"Средний бизнес"
1901;"ЗАО Ефимов";"Средний бизнес"
1902;"ЗАО Колесников Рожкова";"Малый бизнес"
1903;"НПО Бобылева";"Малый бизнес"
1904;"РТИ";"Малый бизнес"
1905;"РАО Смирнов Казакова";"Средний бизнес"
1906;"АО Комарова-Афанасьев";"Малый бизнес"
1907;"НПО Рыбаков-Орлова";"Средний бизнес"
1908;"АО Устинов Шестакова";"Малый бизнес"
1909;"НПО Бобылев, Савельев и Карпов";"Средний бизнес"
1910;"НПО Кулагина";"Малый бизнес"
1911;"Казакова Инкорпорэйтед";"Малый бизнес"
1912;"ИП Кудряшов";"Средний бизнес"
1913;"ООО Потапова Фомин";"Малый бизнес"
1914;"АО Брагина";"Средний бизнес"
1915;"Московский метрополитен";"Средний бизнес"
1916;"РАО Белозерова-Быков";"Средний бизнес"
1917;"ООО Вишняков, Шилов и Анисимова";"Средний бизнес"
1918;"РАО Ковалев";"Малый бизнес"
1919;"НПО Андреева";"Малый бизнес"
1920;"ИП Петухов";"Малый бизнес"
1921;"АО Якушева, Прохорова и Субботин";"Малый бизнес"
1922;"Попова Инкорпорэйтед";"Малый бизнес"
1923;"ООО Тарасова Попов";"Малый бизнес"
1924;"ОАО Никонова, Богданов и Сафонов";"Средний бизнес"
1925;"ЗАО Федоров-Зыков";"Малый бизнес"
1926;"Блинова Лтд";"Малый бизнес"
1927;"АО Мясникова Комаров";"Средний бизнес"
1928;"АО Кириллов-Комарова";"Средний бизнес"
1929;"ИП Селезнева, Абрамов и Филатова";"Средний бизнес"
1930;"ООО Соболева Дорофеев";"Малый бизнес"
1931;"ООО Комаров-Савин";"Средний бизнес"
1932;"НПО Соколова-Белоусов";"Средний бизнес"
1933;"ИП Молчанов-Красильников";"Средний бизнес"
1934;"АвтоГермес";"Малый бизнес"
1935;"АО Жданова, Галкин и Кузнецов";"Средний бизнес"
1936;"Дроздова Групп";"Средний бизнес"
1938;"АО Власова-Зайцева";"Средний бизнес"
1939;"ООО Федорова, Степанов и Зиновьева";"Малый бизнес"
1940;"АО Николаев, Копылова и Марков";"Малый бизнес"
1941;"НПО Мухин";"Средний бизнес"
1942;"ЗАО Дмитриева";"Средний бизнес"
1943;"РАО Самсонова-Копылов";"Малый бизнес"
1944;"АО Пестова, Кудрявцева и Попова";"Малый бизнес"
1945;"АО Герасимов, Фомин и Мельников";"Малый бизнес"
1946;"ОАО Меркушева, Михеев и Чернов";"Малый бизнес"
1947;"РАО Маслова-Белоусов";"Малый бизнес"
1948;"ОАО Колобова Егоров";"Средний бизнес"
1949;"РАО Дмитриева Карпов";"Средний бизнес"
1950;"ОАО Шаров-Гуляева";"Малый бизнес"
1951;"РАО Авдеев Ермаков";"Малый бизнес"
1952;"ИП Лазарева, Семенов и Цветков";"Малый бизнес"
1953;"РАО Кузьмин";"Средний бизнес"
1954;"ЗАО Ермаков Мельников";"Средний бизнес"
1955;"ИП Родионов, Костина и Медведев";"Малый бизнес"
1956;"ЗАО Савин, Субботина и Уваров";"Средний бизнес"
1957;"РАО Одинцов-Савина";"Средний бизнес"
1958;"РАО Сазонов, Громов и Быков";"Малый бизнес"
1959;"ИП Исаев Баранов";"Малый бизнес"
1960;"АО Орехова Игнатов";"Средний бизнес"
1961;"Аксель-Моторс";"Средний бизнес"
1962;"ОАО Туров";"Малый бизнес"
1963;"Брагин Инк";"Малый бизнес"
1964;"ООО Куликова Муравьева";"Малый бизнес"
1965;"ЗАО Евсеева-Гуляев";"Малый бизнес"
1966;"ОАО Жукова-Мишина";"Малый бизнес"
1967;"НПО Фадеева Воронов";"Малый бизнес"
1968;"Панфилова Групп";"Малый бизнес"
1969;"Петров Инк";"Средний бизнес"
1970;"АО Шубин-Гаврилов";"Малый бизнес"
1971;"ЗАО Макаров-Фадеев";"Малый бизнес"
1972;"Авдеева Лтд";"Средний бизнес"
1973;"АО Мишин Якушев";"Малый бизнес"
1974;"АО Суханова, Поляков и Комаров";"Малый бизнес"
1975;"Шестакова и партнеры";"Малый бизнес"
1976;"ЗАО Носков-Горшкова";"Средний бизнес"
1977;"ИП Кабанов-Молчанова";"Малый бизнес"
1978;"Гознак";"Малый бизнес"
1979;"Бобров Групп";"Средний бизнес"
1980;"Шубина Инк";"Средний бизнес"
1981;"ГСЛ";"Средний бизнес"
1982;"ОАО Харитонова";"Средний бизнес"
1983;"Трансмашхолдинг";"Средний бизнес"
1984;"ЗАО Соловьева, Ефимов и Доронин";"Средний бизнес"
1985;"ИП Соколов";"Малый бизнес"
1986;"ООО Евдокимов";"Малый бизнес"
1987;"ОАО Рогова Тетерин";"Малый бизнес"
1988;"UCL Holding";"Малый бизнес"
1989;"ИП Исаков, Григорьева и Дорофеев";"Средний бизнес"
1990;"Европа";"Малый бизнес"
1991;"ОАО Нестерова, Филиппов и Михеева";"Средний бизнес"
1992;"Данилова Групп";"Малый бизнес"
1993;"Ефимов Групп";"Малый бизнес"
1994;"Лапина Инк";"Средний бизнес"
1995;"ПК Борец";"Малый бизнес"
1996;"ЗАО Суворов, Лихачева и Дроздова";"Малый бизнес"
1997;"Такеда Фармасьютикалс (Takeda Pharmaceutical)";"Средний бизнес"
1998;"ЗАО Журавлева";"Средний бизнес"
1999;"Магнолия";"Малый бизнес"
2000;"РАО Жданова";"Средний бизнес"
2001;"ИП Дементьева";"Малый бизнес"
2002;"РАО Петров";"Малый бизнес"
2003;"ООО Мишина";"Средний бизнес"
2004;"НПО Тарасов Гришин";"Малый бизнес"
2005;"РАО Субботин Шубина";"Малый бизнес"
2006;"Григорьева Инк";"Малый бизнес"
2007;"ООО Лапин Фокина";"Малый бизнес"
2008;"НПО Бобылев";"Средний бизнес"
2009;"РАО Трофимова Журавлева";"Средний бизнес"
2010;"ОАО Александрова";"Средний бизнес"
2011;"МТС-банк";"Малый бизнес"
2012;"АСР-Углесбыт";"Малый бизнес"
2013;"НПО Молчанова, Гришина и Волкова";"Малый бизнес"
2014;"НПО Данилов";"Средний бизнес"
2015;"АО Щербакова, Беляева и Тетерина";"Средний бизнес"
2016;"Зуева Лимитед";"Малый бизнес"
2017;"НПО Шаров";"Малый бизнес"
2018;"Конар";"Малый бизнес"
2019;"Отисифарм";"Средний бизнес"
2020;"ИП Князева";"Малый бизнес"
2021;"ОАО Блинов-Королева";"Средний бизнес"
2022;"Кудрявцева Инкорпорэйтед";"Малый бизнес"
2023;"ОАО Моисеева Мельникова";"Средний бизнес"
2024;"Богданова Лтд";"Малый бизнес"
2025;"НПО Щукин Наумова";"Средний бизнес"
2026;"ОАО Суворов Князев";"Средний бизнес"
2027;"ОАО Комарова-Колобова";"Малый бизнес"
2028;"Кириллова Лтд";"Малый бизнес"
2029;"АО Котов";"Малый бизнес"
2030;"Зыков Инкорпорэйтед";"Средний бизнес"
2031;"ООО Коновалов Абрамова";"Средний бизнес"
2032;"ЗАО Чернов Степанов";"Средний бизнес"
2033;"ОАО Гришина";"Малый бизнес"
2034;"ОАО Ларионова-Ильина";"Малый бизнес"
2035;"Лаврентьев Лимитед";"Средний бизнес"
2036;"Авдеева Инкорпорэйтед";"Средний бизнес"
2037;"ЗАО Дьячкова Стрелкова";"Средний бизнес"
2038;"РАО Филатов-Логинова";"Средний бизнес"
2039;"Лыткин Лтд";"Малый бизнес"
2040;"Сэтл групп";"Малый бизнес"
2041;"ОАО Виноградова, Исакова и Кулакова";"Средний бизнес"
2042;"ОАО Романов Боброва";"Средний бизнес"
2043;"Полякова Лтд";"Средний бизнес"
2044;"Уралкалий";"Малый бизнес"
2045;"ОАО Абрамова, Александров и Прохорова";"Средний бизнес"
2046;"171 Меридиан";"Средний бизнес"
2047;"РАО Соколова-Белякова";"Средний бизнес"
2048;"НПО Павлова";"Малый бизнес"
2049;"Газэнергосервис";"Средний бизнес"
2050;"ООО Симонова";"Малый бизнес"
2051;"ИП Корнилов-Суханов";"Малый бизнес"
2052;"Кириллов и партнеры";"Малый бизнес"
2053;"НПО Воробьева-Кулагина";"Малый бизнес"
2054;"Нокиан Шина (Nokian)";"Малый бизнес"
2055;"Веселов Групп";"Малый бизнес"
2056;"ОАО Егорова, Лобанова и Жуков";"Малый бизнес"
2057;"ЗАО Прохоров";"Малый бизнес"
2058;"Агафонов Лимитед";"Малый бизнес"
2059;"Борисов Инк";"Средний бизнес"
2060;"ИП Одинцова-Гришин";"Малый бизнес"
2061;"ИП Шилова-Степанов";"Малый бизнес"
2062;"ЗАО Блохин Сафонова";"Малый бизнес"
2063;"ООО Маслов, Дмитриева и Исаков";"Средний бизнес"
2064;"РАО Крылова-Тетерин";"Средний бизнес"
2065;"Емельянова Инкорпорэйтед";"Средний бизнес"
2066;"ОАО Кириллова, Ситникова и Тихонова";"Малый бизнес"
2067;"Inventive Retail Group";"Средний бизнес"
2068;"Техкомпания Хуавэй (Huawei)";"Средний бизнес"
2069;"ООО Тарасова-Ермакова";"Средний бизнес"
2070;"Медведев и партнеры";"Малый бизнес"
2071;"АО Комаров";"Средний бизнес"
2072;"ООО Морозов";"Малый бизнес"
2073;"НПО Кудрявцев";"Средний бизнес"
2074;"Третьякова Инкорпорэйтед";"Средний бизнес"
2075;"АО Устинова Панова";"Средний бизнес"
2076;"ЗАО Евдокимов";"Средний бизнес"
2077;"ЗАО Владимирова";"Средний бизнес"
2078;"ООО Иванов-Колобова";"Средний бизнес"
2079;"Фадеева Групп";"Малый бизнес"
2080;"Моисеева и партнеры";"Малый бизнес"
2081;"ООО Кудрявцева Крылова";"Средний бизнес"
2082;"ОАО Жданова";"Средний бизнес"
2083;"ИП Исаева, Гурьева и Одинцов";"Средний бизнес"
2084;"ОАО Крюков, Красильников и Голубева";"Средний бизнес"
2085;"Роберт Бош (Robert Bosch)";"Малый бизнес"
2086;"АО Вишняков-Лукина";"Малый бизнес"
2087;"ООО Тимофеев-Егоров";"Средний бизнес"
2088;"Лазарев Инкорпорэйтед";"Средний бизнес"
2089;"АО Колесников Титова";"Средний бизнес"
2090;"АО Быков-Рожкова";"Малый бизнес"
2091;"ЗАО Федоров Шубин";"Малый бизнес"
2092;"ООО Дьячков, Филиппова и Беляков";"Средний бизнес"
2093;"ООО Артемьева, Силин и Чернова";"Малый бизнес"
2094;"ООО Федотова";"Средний бизнес"
2095;"Егоров Инк";"Малый бизнес"
2096;"ОАО Афанасьев-Зуева";"Средний бизнес"
2097;"ГК Ташир";"Малый бизнес"
2098;"Князева Инк";"Средний бизнес"
2099;"ООО Костин-Соболева";"Средний бизнес"
2100;"ОАО Архипова, Зуев и Пахомова";"Средний бизнес"
2101;"АО Федоров Егорова";"Малый бизнес"
2102;"ИП Белозеров Цветков";"Средний бизнес"
2103;"ОАО Ершов-Харитонова";"Средний бизнес"
2104;"Кимберли-Кларк (Kimberly-Clark)";"Средний бизнес"
2105;"ЗАО Фролов Шубина";"Средний бизнес"
2106;"НПО Силина-Бобылева";"Средний бизнес"
2107;"АО Пономарева";"Малый бизнес"
2108;"АО Казакова Виноградова";"Средний бизнес"
2109;"ООО Поляков";"Малый бизнес"
2110;"АО Горшков Ершов";"Средний бизнес"
2111;"Группа Илим";"Малый бизнес"
2112;"ИП Тетерина";"Малый бизнес"
2113;"НПО Сафонов";"Малый бизнес"
2114;"ООО Матвеева, Королев и Суханова";"Средний бизнес"
2115;"ОАО Гаврилов Меркушев";"Малый бизнес"
2116;"РАО Стрелков";"Средний бизнес"
2117;"РАО Гаврилова-Васильев";"Малый бизнес"
2118;"Кудряшов Инкорпорэйтед";"Средний бизнес"
2119;"НПО Большаков, Куликова и Мартынова";"Малый бизнес"
2120;"Белоусов и партнеры";"Малый бизнес"
2121;"ООО Дементьева-Александров";"Малый бизнес"
2122;"РАО Власова, Овчинников и Родионова";"Малый бизнес"
2123;"ОАО Евсеева-Зимин";"Средний бизнес"
2124;"Мираторг";"Средний бизнес"
2125;"АО Дементьева, Пестов и Константинов";"Средний бизнес"
2126;"Капустина Лтд";"Малый бизнес"
2127;"НПО Ефремова-Воронов";"Малый бизнес"
2128;"АО Калашников, Ширяев и Дорофеев";"Средний бизнес"
2129;"Воронцова Лтд";"Средний бизнес"
2130;"Ман Трак Энд Бас Рус (Volkswagen)";"Средний бизнес"
2131;"ИП Титов, Лаврентьев и Архипова";"Малый бизнес"
2132;"Шестаков Лтд";"Средний бизнес"
2133;"ООО Гришина, Лапин и Кудрявцева";"Средний бизнес"
2134;"ИП Воробьев Якушева";"Средний бизнес"
2135;"ИП Зимина Савельев";"Средний бизнес"
2136;"ИП Устинов";"Средний бизнес"
2137;"ВкусВилл";"Средний бизнес"
2138;"АК Алроса";"Средний бизнес"
2139;"ИП Панов-Степанова";"Малый бизнес"
2140;"ООО Князев-Евсеева";"Малый бизнес"
2141;"РАО Дементьева-Дементьев";"Средний бизнес"
2142;"ВО Промсырьеимпорт";"Малый бизнес"
2143;"Нестеров Инк";"Малый бизнес"
2144;"РАО Зайцев, Зуева и Устинов";"Средний бизнес"
2145;"ИП Логинова, Ермакова и Меркушева";"Малый бизнес"
2146;"ОАО Одинцова, Некрасов и Петров";"Малый бизнес"
2147;"НПО Ковалев Семенова";"Средний бизнес"
2148;"Новиков Инкорпорэйтед";"Средний бизнес"
2149;"РАО Горбунов, Мартынов и Горбунова";"Средний бизнес"
2150;"Hoff (Домашний интерьер)";"Средний бизнес"
2151;"ИП Гаврилов, Борисов и Тихонова";"Средний бизнес"
2152;"Воронова Инкорпорэйтед";"Средний бизнес"
2153;"ЗАО Карпов-Шубин";"Средний бизнес"
2154;"ИП Тетерин Горшков";"Средний бизнес"
2155;"РАО Матвеев Фомичева";"Средний бизнес"
2156;"РАО Громов";"Малый бизнес"
2157;"ООО Лобанов-Щербаков";"Малый бизнес"
2158;"ИП Крюков Коновалов";"Средний бизнес"
2159;"ЗАО Колесникова";"Средний бизнес"
2160;"ИП Афанасьева-Бурова";"Малый бизнес"
2161;"Т Плюс";"Средний бизнес"
2162;"НПО Егорова, Чернов и Овчинникова";"Малый бизнес"
2163;"Удмуртнефть";"Малый бизнес"
2164;"Смирнов Инкорпорэйтед";"Малый бизнес"
2165;"ИП Павлов";"Малый бизнес"
2166;"ИП Кудрявцев, Мельников и Савин";"Малый бизнес"
2167;"НПО Потапова-Симонова";"Средний бизнес"
2168;"ЗАО Гущин, Симонов и Шарапов";"Средний бизнес"
2169;"АО Поляков, Соколов и Сафонов";"Средний бизнес"
2170;"Куликов Инкорпорэйтед";"Малый бизнес"
2171;"ЗАО Савина";"Средний бизнес"
2172;"НПО Силина-Хохлов";"Средний бизнес"
2173;"ОАО Устинова-Муравьев";"Средний бизнес"
2174;"Архипова Лимитед";"Средний бизнес"
2175;"АО Васильева Громова";"Средний бизнес"
2176;"НПО Соловьев-Горбунова";"Средний бизнес"
2177;"Веселова Лтд";"Средний бизнес"
2178;"Кошелев Лимитед";"Средний бизнес"
2179;"Военторг";"Малый бизнес"
2180;"ОАО Рогова";"Средний бизнес"
2181;"РАО Журавлева";"Малый бизнес"
2182;"ЗАО Гусева Семенов";"Средний бизнес"
2183;"РАО Котова";"Малый бизнес"
2184;"АО Прохорова-Антонов";"Средний бизнес"
2185;"ЗАО Туров Крылов";"Средний бизнес"
2186;"Металлстандарт";"Средний бизнес"
2187;"АО Лыткина";"Малый бизнес"
2188;"АО Ефремова Медведева";"Малый бизнес"
2189;"ООО Терентьев-Лыткина";"Средний бизнес"
2190;"АО Кузьмин Николаев";"Малый бизнес"
2191;"ОАО Рожков-Абрамов";"Средний бизнес"
2192;"Загорский трубный завод";"Средний бизнес"
2193;"Орехова и партнеры";"Малый бизнес"
2194;"КамАЗ";"Средний бизнес"
2195;"АО Лапин";"Средний бизнес"
2196;"ПК Балтика (Carlsbergfondet)";"Средний бизнес"
2197;"АО Ковалева-Сидоров";"Средний бизнес"
2198;"Юг Руси";"Малый бизнес"
2199;"ЗАО Цветкова";"Малый бизнес"
2200;"РАО Мельникова-Силин";"Средний бизнес"
2201;"Андреева Инк";"Малый бизнес"
2202;"КМР и СНГ (KIA)";"Малый бизнес"
2203;"ОАО Кулагина";"Малый бизнес"
2204;"Маркова и партнеры";"Средний бизнес"
2205;"ИП Горбачева Фролова";"Средний бизнес"
2206;"РАО Устинов Михеева";"Малый бизнес"
2207;"ООО Потапова Орлов";"Малый бизнес"
2208;"Тарасов Инк";"Средний бизнес"
2209;"ОАО Веселова-Игнатов";"Малый бизнес"
2210;"ООО Колобова";"Средний бизнес"
2211;"ООО Наумова, Лаврентьев и Вишняков";"Малый бизнес"
2212;"АО Максимов, Миронова и Блинов";"Малый бизнес"
2213;"РАО Воронов-Антонова";"Средний бизнес"
2214;"ОАО Титов, Колесников и Сидоров";"Малый бизнес"
2215;"Новикомбанк";"Средний бизнес"
2216;"Терентьев Инк";"Малый бизнес"
2217;"ИП Михеев, Князева и Борисова";"Малый бизнес"
2218;"НПО Егорова Чернов";"Малый бизнес"
2219;"Почта России";"Средний бизнес"
2220;"Назаров Инк";"Средний бизнес"
2221;"ООО Тихонов, Ефимов и Ермаков";"Малый бизнес"
2222;"ОАО Титова-Пахомова";"Средний бизнес"
2223;"Казаков и партнеры";"Средний бизнес"
2224;"ОАО Селезнева";"Средний бизнес"
2225;"Петров Лимитед";"Малый бизнес"
2226;"Овчинникова Инкорпорэйтед";"Средний бизнес"
2227;"АО Бирюков, Тетерин и Беляева";"Средний бизнес"
2228;"Велесстрой";"Средний бизнес"
2229;"Воронцова Лтд";"Средний бизнес"
2230;"ИП Фомин, Мухин и Петухов";"Средний бизнес"
2231;"Сони Электроникс (Sony)";"Средний бизнес"
2232;"Сибтрейд";"Средний бизнес"
2233;"НПО Федотова";"Малый бизнес"
2234;"НПО Костин";"Малый бизнес"
2235;"Алексеев Инк";"Средний бизнес"
2236;"ИП Мельникова";"Средний бизнес"
2237;"ИП Мясникова-Андреева";"Средний бизнес"
2238;"РАО Блохина-Рябов";"Малый бизнес"
2239;"ЗАО Медведев-Крюкова";"Малый бизнес"
2240;"Третьяков и партнеры";"Малый бизнес"
2241;"Рябов Групп";"Малый бизнес"
2242;"РАО Рябова-Игнатьев";"Средний бизнес"
2243;"ОАО Потапов";"Малый бизнес"
2244;"ИП Сидоров";"Средний бизнес"
2245;"ИП Савин, Савина и Максимова";"Малый бизнес"
2246;"Савин Групп";"Средний бизнес"
2247;"Бобров Групп";"Малый бизнес"
2248;"ООО Игнатьев, Дементьев и Брагин";"Средний бизнес"
2249;"ООО Дементьева";"Малый бизнес"
2250;"ИП Уваров Лаврентьева";"Средний бизнес"
2251;"ОАО Константинова-Афанасьева";"Средний бизнес"
2252;"РАО Козлов, Фомина и Иванов";"Средний бизнес"
2253;"Тинькофф Банк";"Малый бизнес"
2254;"НПО Алексеев";"Малый бизнес"
2255;"ЗАО Семенов Трофимов";"Средний бизнес"
2256;"ОАО Орехова, Фадеева и Пестов";"Малый бизнес"
2257;"ОАО Михеев, Горбачев и Фролов";"Малый бизнес"
2258;"АО Громов Ковалева";"Малый бизнес"
2259;"НПО Полякова";"Малый бизнес"
2260;"Нефтепродукттрейд";"Средний бизнес"
2261;"НПО Колесникова-Рябова";"Средний бизнес"
2262;"Фармстандарт";"Малый бизнес"
2263;"ООО Крылов-Панфилов";"Средний бизнес"
2264;"РАО Фокина";"Средний бизнес"
2265;"Прохоров и партнеры";"Малый бизнес"
2266;"Емельянов Групп";"Малый бизнес"
2267;"ИП Лыткина Брагина";"Средний бизнес"
2268;"ЗАО Семенов";"Малый бизнес"
2269;"Филиппова Лтд";"Малый бизнес"
2270;"ООО Пахомова, Кулагин и Рыбаков";"Средний бизнес"
2271;"ИП Аксенов, Стрелкова и Елисеева";"Средний бизнес"
2272;"ИП Кириллова-Пахомова";"Средний бизнес"
2273;"Группа Содружество";"Малый бизнес"
2274;"ИП Данилов, Самойлова и Громов";"Малый бизнес"
2275;"НПО Никонов-Петухова";"Средний бизнес"
2276;"ИП Коновалов-Филатов";"Малый бизнес"
2277;"Кабанова Групп";"Средний бизнес"
2278;"ООО Пахомов, Никитина и Исаков";"Малый бизнес"
2279;"НПО Трофимова-Коновалов";"Средний бизнес"
2280;"Большаков Лимитед";"Средний бизнес"
2281;"ЗАО Александрова-Захарова";"Малый бизнес"
2282;"РАО Зуева Лукин";"Средний бизнес"
2283;"ЗАО Зуев-Пахомова";"Малый бизнес"
2284;"ИП Прохорова Денисова";"Средний бизнес"
2285;"Международный центр";"Средний бизнес"
2286;"Блинова Инкорпорэйтед";"Средний бизнес"
2287;"НПО Цветкова";"Средний бизнес"
2288;"Тимофеев Лимитед";"Средний бизнес"
2289;"РАО Фомин Тихонова";"Средний бизнес"
2290;"ОАО Горбунов, Дроздов и Рыбаков";"Средний бизнес"
2291;"АО Денисова Тетерина";"Малый бизнес"
2292;"Ман Трак Энд Бас Рус (Volkswagen)";"Средний бизнес"
2293;"НПО Мельников Мамонтов";"Малый бизнес"
2294;"РАО Носова Терентьев";"Малый бизнес"
2295;"НПО Молчанова";"Малый бизнес"
2296;"ВО Машиноимпорт";"Средний бизнес"
2297;"ИП Лобанова-Кузнецов";"Малый бизнес"
2298;"РАО Соловьева, Смирнова и Вишнякова";"Малый бизнес"
2299;"Тарасов Инкорпорэйтед";"Средний бизнес"
2300;"Таграс (ТНГ-Групп)";"Средний бизнес"
2301;"РАО Зиновьева, Миронов и Никитина";"Малый бизнес"
2302;"РАО Силина";"Малый бизнес"
2303;"ОАО Захарова-Исаев";"Малый бизнес"
2304;"Харитонова Инк";"Малый бизнес"
2305;"Сталепромышленная компания";"Средний бизнес"
2306;"Катерпиллар Евразия (Caterpillar)";"Малый бизнес"
2307;"ОАО Поляков Титов";"Малый бизнес"
2308;"ИП Макаров-Орехов";"Средний бизнес"
2309;"ЗАО Сорокин, Соколова и Денисов";"Средний бизнес"
2310;"Банк Ак Барс";"Малый бизнес"
2311;"Якушева и партнеры";"Средний бизнес"
2312;"Комус";"Средний бизнес"
2313;"ЗАО Панова Крылова";"Малый бизнес"
2314;"АО Горшкова-Сысоев";"Средний бизнес"
2315;"ОАО Субботина, Никифорова и Полякова";"Средний бизнес"
2316;"ОАО Кудряшов, Цветков и Константинова";"Малый бизнес"
2317;"НПО Шарапова-Павлов";"Средний бизнес"
2318;"ЗАО Федорова";"Малый бизнес"
2319;"РАО Маслова Романова";"Средний бизнес"
2320;"ООО Тетерин Петрова";"Средний бизнес"
2321;"РАО Елисеева Гришина";"Средний бизнес"
2322;"АО Герасимова-Васильева";"Малый бизнес"
2323;"ОАО Уварова, Миронова и Денисова";"Средний бизнес"
2324;"АО Маслов, Беляков и Дементьев";"Малый бизнес"
2325;"ООО Фадеев Селезнев";"Малый бизнес"
2326;"ЗАО Чернова-Уваров";"Малый бизнес"
2327;"Фадеева Инк";"Средний бизнес"
2328;"Санофи Россия (Sanofi)";"Малый бизнес"
2329;"ООО Филатова Самойлов";"Малый бизнес"
2330;"ООО Фомичева, Жуков и Лазарева";"Малый бизнес"
2331;"Поляков Инкорпорэйтед";"Малый бизнес"
2332;"ОАО Куликова Суворов";"Средний бизнес"
2333;"Данилов Лимитед";"Средний бизнес"
2334;"ЗАО Колесникова";"Малый бизнес"
2335;"ИП Ширяев-Гришин";"Малый бизнес"
2336;"Зимин Инкорпорэйтед";"Средний бизнес"
2337;"АО Чернова";"Малый бизнес"
2338;"ООО Пестов";"Малый бизнес"
2339;"ИП Воробьева-Мясникова";"Малый бизнес"
2340;"НПО Романов";"Средний бизнес"
2341;"РАО Сорокин Белов";"Малый бизнес"
2342;"ООО Лукина-Калинин";"Малый бизнес"
2343;"ИП Федотова, Аксенов и Голубев";"Средний бизнес"
2344;"ИП Макарова";"Средний бизнес"
2345;"ИП Филатов Михеев";"Средний бизнес"
2346;"ОАО Панов";"Малый бизнес"
2347;"ЦЭНКИ";"Малый бизнес"
2348;"ЗАО Баранова, Петухов и Зимина";"Средний бизнес"
2349;"ООО Хохлов";"Малый бизнес"
2350;"ИП Денисов";"Малый бизнес"
2351;"Нортгаз";"Малый бизнес"
2352;"171 Меридиан";"Малый бизнес"
2353;"АО Нестерова, Юдин и Нестерова";"Малый бизнес"
2354;"А Групп";"Малый бизнес"
2355;"РАО Кузьмин, Фадеев и Кабанова";"Средний бизнес"
2356;"РАО Семенов";"Малый бизнес"
2357;"Гордеев и партнеры";"Малый бизнес"
2358;"ОАО Титов-Марков";"Малый бизнес"
2359;"НПО Ильин Борисова";"Малый бизнес"
2360;"НПО Юдина, Осипов и Маслова";"Средний бизнес"
2361;"НПО Рыбакова";"Средний бизнес"
2362;"АО Комиссарова, Красильников и Маслова";"Малый бизнес"
2363;"РАО Беляков Михеев";"Малый бизнес"
2364;"ООО Вишняков-Смирнов";"Малый бизнес"
2365;"НПО Аксенова Андреева";"Малый бизнес"
2366;"ООО Борисов Крылова";"Малый бизнес"
2367;"ЗАО Щукина Рожков";"Средний бизнес"
2368;"ООО Герасимов";"Средний бизнес"
2369;"Чернов и партнеры";"Средний бизнес"
2370;"Корнилов и партнеры";"Малый бизнес"
2371;"ЗАО Мартынова-Николаев";"Средний бизнес"
2372;"ООО Афанасьева";"Малый бизнес"
2373;"НПО Овчинникова, Гришина и Буров";"Средний бизнес"
2374;"ООО Вишнякова, Суханов и Дементьев";"Средний бизнес"
2375;"НПО Кошелев, Полякова и Суворов";"Малый бизнес"
2376;"АО Вишняков Мартынова";"Средний бизнес"
2377;"ООО Самсонов, Гусев и Михайлов";"Малый бизнес"
2378;"НПО Иванов";"Средний бизнес"
2379;"ООО Соболева";"Средний бизнес"
2380;"ЗАО Громова";"Малый бизнес"
2381;"Елисеева Лимитед";"Малый бизнес"
2382;"ОАО Ильина, Никонова и Логинов";"Средний бизнес"
2383;"ИП Бобров Алексеева";"Малый бизнес"
2384;"ОАО Самсонова-Панов";"Малый бизнес"
2385;"АО Капустин, Зиновьева и Гурьев";"Малый бизнес"
2386;"НПО Михайлов, Козлова и Логинов";"Средний бизнес"
2387;"Игнатов и партнеры";"Малый бизнес"
2388;"КамАЗ";"Малый бизнес"
2389;"ООО Якушева, Лапин и Блинова";"Малый бизнес"
2390;"АО Игнатова-Цветков";"Малый бизнес"
2391;"ООО Зиновьева, Гурьева и Смирнова";"Средний бизнес"
2392;"ОАО Казакова, Некрасова и Шашкова";"Малый бизнес"
2393;"НПО Ширяев Гуляев";"Средний бизнес"
2394;"Каргилл (Cargill)";"Средний бизнес"
2395;"ИП Зуева, Терентьева и Бобылева";"Малый бизнес"
2396;"РАО Архипов-Устинов";"Малый бизнес"
2397;"Командор-Холдинг";"Средний бизнес"
2398;"ООО Киселев Цветков";"Малый бизнес"
2399;"ЗАО Орлова, Горбунов и Исаков";"Средний бизнес"
2400;"ЗАО Субботина-Доронин";"Малый бизнес"
2401;"Шубина Групп";"Средний бизнес"
2402;"РАО Киселев Воронцова";"Малый бизнес"
2403;"АО Козлова";"Средний бизнес"
2404;"Осипова Групп";"Средний бизнес"
2405;"НПО Лобанов-Самойлов";"Малый бизнес"
2406;"ИП Пахомов";"Малый бизнес"
2407;"ООО Гаврилова Федоров";"Средний бизнес"
2408;"ООО Орехова-Рожков";"Средний бизнес"
2409;"Яндекс";"Средний бизнес"
2410;"АО Ильин-Ларионова";"Средний бизнес"
2411;"Кулаков Инк";"Малый бизнес"
2412;"Гущин Инк";"Средний бизнес"
2413;"Виноградов Инкорпорэйтед";"Средний бизнес"
2414;"Делл (Dell)";"Малый бизнес"
2415;"ОАО Бирюков Архипов";"Малый бизнес"
2416;"ЦЭНКИ";"Средний бизнес"
2417;"Фармимэкс";"Малый бизнес"
2418;"Карпова Групп";"Малый бизнес"
2419;"РАО Казаков-Медведева";"Средний бизнес"
2420;"Ларионова Лимитед";"Средний бизнес"
2421;"Объединенная компания Связной — Евросеть";"Малый бизнес"
2422;"Иркутская нефтяная компания";"Средний бизнес"
2423;"ЗАО Романова-Соловьев";"Средний бизнес"
2424;"НПО Федоров";"Малый бизнес"
2425;"ООО Бурова, Назаров и Буров";"Малый бизнес"
2426;"Петров Инк";"Малый бизнес"
2427;"АО Зуева-Носова";"Средний бизнес"
2428;"Брагин Лимитед";"Средний бизнес"
2429;"НПО Ларионова";"Средний бизнес"
2430;"Якушев Инкорпорэйтед";"Средний бизнес"
2431;"АО Брагина-Исаев";"Средний бизнес"
2432;"НПО Федотова Турова";"Средний бизнес"
2433;"ОАО Савин Колесникова";"Средний бизнес"
2434;"АО Егорова, Агафонов и Никифорова";"Малый бизнес"
2435;"РАО Симонова, Евсеев и Ширяев";"Средний бизнес"
2436;"Ларионов Инкорпорэйтед";"Малый бизнес"
2437;"НПО Козлов";"Малый бизнес"
2438;"ЗАО Комиссаров-Колобова";"Малый бизнес"
2439;"РАО Тетерина Пономарев";"Средний бизнес"
2440;"ЗАО Некрасов";"Малый бизнес"
2441;"Баранов и партнеры";"Малый бизнес"
2442;"Буров и партнеры";"Средний бизнес"
2443;"ОАО Шарова";"Малый бизнес"
2444;"ИП Козлов Голубев";"Средний бизнес"
2445;"ИП Попова, Быкова и Хохлова";"Средний бизнес"
2446;"Дементьев Инкорпорэйтед";"Средний бизнес"
2447;"ИП Казакова";"Средний бизнес"
2448;"ОАО Алексеева, Михайлов и Федотов";"Средний бизнес"
2449;"НК Дулисьма";"Малый бизнес"
2450;"ИП Мясников Зимина";"Малый бизнес"
2451;"Полиметалл";"Средний бизнес"
2452;"РАО Беляева-Комиссаров";"Малый бизнес"
2453;"Военторг";"Малый бизнес"
2454;"МАКС";"Малый бизнес"
2455;"ЗАО Щукина";"Средний бизнес"
2456;"НПО Блохин, Денисова и Марков";"Малый бизнес"
2457;"Шубина Инк";"Средний бизнес"
2458;"Мишлен (Michelin)";"Малый бизнес"
2459;"ОАО Блохина Беспалов";"Малый бизнес"
2460;"ИП Крылова Панов";"Средний бизнес"
2461;"НПО Лыткина, Васильев и Максимов";"Средний бизнес"
2462;"НПО Чернов, Голубев и Лебедев";"Средний бизнес"
2463;"ОАО Силин Крылов";"Средний бизнес"
2464;"РАО Лебедев";"Малый бизнес"
2465;"ОАО Киселева Новикова";"Средний бизнес"
2466;"Кононов Инк";"Средний бизнес"
2467;"РАО Анисимов";"Малый бизнес"
2468;"РАО Сысоева-Жданов";"Малый бизнес"
2469;"ИП Константинова, Шубин и Макарова";"Средний бизнес"
2470;"ООО Федотов";"Средний бизнес"
2471;"РАО Ильина, Петухова и Зуев";"Малый бизнес"
2472;"Группа Стройтрансгаз";"Средний бизнес"
2473;"Порше Руссланд (Porsche)";"Средний бизнес"
2474;"Михайлов Лтд";"Малый бизнес"
2475;"НПО Якушева, Абрамова и Морозова";"Малый бизнес"
2476;"Кока-Кола Эйчбиси Евразия (Coca-Cola)";"Малый бизнес"
2477;"ОАО Воронцов";"Малый бизнес"
2478;"НПО Журавлева Дорофеева";"Малый бизнес"
2479;"Делл (Dell)";"Средний бизнес"
2480;"Уваров Лимитед";"Малый бизнес"
2481;"ЗАО Никонов, Суханова и Карпова";"Средний бизнес"
2482;"ОАО Кудрявцева Мамонтова";"Средний бизнес"
2483;"ОАО Зуев-Колобов";"Средний бизнес"
2484;"Рыбаков Групп";"Малый бизнес"
2485;"Ягуар ленд ровер";"Средний бизнес"
2486;"АО Воронов";"Средний бизнес"
2487;"Великолукский мясокомбинат";"Малый бизнес"
2488;"ИП Громов Афанасьева";"Малый бизнес"
2489;"ЗАО Устинова-Кириллов";"Малый бизнес"
2490;"ООО Суворов-Комарова";"Малый бизнес"
2491;"ОАО Титова-Власов";"Средний бизнес"
2492;"ИП Владимирова-Копылова";"Средний бизнес"
2493;"Константинова и партнеры";"Малый бизнес"
2494;"Водоканал Санкт-Петербурга";"Малый бизнес"
2495;"РАО Коновалова Маркова";"Средний бизнес"
2496;"ОАО Комаров-Красильникова";"Средний бизнес"
2497;"Аэрофлот — Российские авиалинии";"Малый бизнес"
2498;"НПО Большакова";"Малый бизнес"
2499;"ИП Воронцов-Рябова";"Малый бизнес"
2500;"Маслова Лимитед";"Малый бизнес"
2501;"ООО Егорова Буров";"Малый бизнес"
2502;"ЗАО Фадеев-Зиновьева";"Малый бизнес"
2503;"РАО Самсонова-Аксенова";"Малый бизнес"
2504;"НПО Корнилов";"Малый бизнес"
2505;"Матвеева Инк";"Малый бизнес"
2506;"ИП Назарова Панфилова";"Малый бизнес"
2507;"ЗАО Моисеева, Авдеева и Архипова";"Малый бизнес"
2508;"НПО Суханов, Титова и Авдеев";"Малый бизнес"
2509;"ОАО Федотова Третьякова";"Средний бизнес"
2510;"НПО Лукина";"Средний бизнес"
2511;"РАО Рогов Павлов";"Малый бизнес"
2512;"НПО Меркушева-Колобова";"Малый бизнес"
2513;"ООО Орлов Белозерова";"Средний бизнес"
2514;"ИП Коновалов Самойлов";"Средний бизнес"
2515;"Сафонова и партнеры";"Средний бизнес"
2516;"РАО Козлов";"Малый бизнес"
2517;"РАО Наумов, Осипова и Федоров";"Средний бизнес"
2518;"РАО Тетерин, Кошелева и Агафонов";"Малый бизнес"
2519;"ИП Куликов-Карпов";"Средний бизнес"
2520;"ООО Антонова, Журавлева и Рожкова";"Малый бизнес"
2521;"НПО Шарапов-Лукин";"Малый бизнес"
2522;"ИП Попов";"Средний бизнес"
2523;"ОАО Доронина Игнатова";"Средний бизнес"
2524;"НПО Лазарев Волков";"Малый бизнес"
2525;"Сахалин Энерджи";"Средний бизнес"
2526;"ЗАО Дмитриева";"Малый бизнес"
2527;"АО Богданов Агафонова";"Малый бизнес"
2528;"ОАО Давыдов";"Средний бизнес"
2529;"ЮниКредит Банк (UniCredit)";"Средний бизнес"
2530;"Буров Инк";"Малый бизнес"
2531;"АО Алексеева";"Средний бизнес"
2532;"НПО Савельева, Матвеев и Никитин";"Малый бизнес"
2533;"НПО Новиков";"Малый бизнес"
2534;"Власова Групп";"Малый бизнес"
2535;"ГК Невада (Самбери)";"Малый бизнес"
2536;"НПО Капустин-Авдеева";"Малый бизнес"
2537;"НПО Игнатов-Селезнев";"Средний бизнес"
2538;"РАО Куликова-Пономарева";"Малый бизнес"
2539;"РАО Селезнев-Ларионова";"Средний бизнес"
2540;"НПО Цветков Игнатов";"Средний бизнес"
2541;"ОАО Бирюков Самсонова";"Средний бизнес"
2542;"НПО Денисов Киселев";"Средний бизнес"
2543;"Абрамов Групп";"Средний бизнес"
2544;"Русагро";"Средний бизнес"
2545;"НПО Сорокин-Соловьева";"Малый бизнес"
2546;"Герасимов Лимитед";"Малый бизнес"
2547;"ТАИФ-НК";"Малый бизнес"
2548;"ИП Котова";"Малый бизнес"
2549;"ЗАО Романов, Артемьев и Некрасов";"Малый бизнес"
2550;"ИП Игнатьев Юдин";"Средний бизнес"
2551;"АО Уваров";"Средний бизнес"
2552;"АО Жданова, Быков и Орлова";"Малый бизнес"
2553;"Газпром";"Средний бизнес"
2554;"НПО Мишина-Фомичев";"Средний бизнес"
2555;"ОАО Лыткина";"Малый бизнес"
2556;"РАО Борисова, Комиссарова и Субботин";"Средний бизнес"
2557;"Архангельский ЦБК";"Малый бизнес"
2558;"ОАО Быков, Селиверстов и Александров";"Малый бизнес"
2559;"ООО Шашков-Константинова";"Малый бизнес"
2560;"ОАО Одинцова";"Малый бизнес"
2561;"ИП Григорьева";"Средний бизнес"
2562;"НПО Никонов Самсонова";"Малый бизнес"
2563;"АО Горбачева, Николаев и Горшков";"Средний бизнес"
2564;"РАО Жданова-Калинин";"Малый бизнес"
2565;"АО Максимова, Русаков и Гусева";"Средний бизнес"
2566;"Газпром";"Малый бизнес"
2567;"Зыкова Инкорпорэйтед";"Средний бизнес"
2568;"Кулагин Инк";"Средний бизнес"
2569;"ЗАО Ситников, Федосеев и Белоусов";"Средний бизнес"
2570;"НПО Пономарева-Красильников";"Средний бизнес"
2571;"АО Волков, Ершова и Титов";"Средний бизнес"
2572;"НПО Суворова-Лыткин";"Средний бизнес"
2573;"Группа Магнезит";"Малый бизнес"
2574;"Тарасова Инкорпорэйтед";"Малый бизнес"
2575;"ИП Прохорова";"Средний бизнес"
2576;"ИП Казакова-Сазонов";"Малый бизнес"
2577;"Mail.Ru Group";"Малый бизнес"
2578;"НПО Белоусов Филиппов";"Малый бизнес"
2579;"ООО Ситников-Носкова";"Средний бизнес"
2580;"Брагин Лтд";"Средний бизнес"
2581;"Компания Адамас";"Средний бизнес"
2582;"НПО Стрелкова Жукова";"Малый бизнес"
2583;"НПО Шестаков, Кудрявцев и Колобова";"Малый бизнес"
2584;"Техинком";"Средний бизнес"
2585;"Воронцов Групп";"Малый бизнес"
2586;"Белозеров Инк";"Средний бизнес"
2587;"ОАО Одинцова Копылова";"Средний бизнес"
2588;"НПО Селиверстова";"Малый бизнес"
2589;"ГВСУ по специальным объектам";"Малый бизнес"
2590;"Акционерный банк Россия";"Малый бизнес"
2591;"ЗАО Гордеева Исакова";"Средний бизнес"
2592;"Громова Групп";"Средний бизнес"
2593;"Доронин Лимитед";"Малый бизнес"
2594;"ООО Горбачев Зайцев";"Средний бизнес"
2595;"ЗАО Марков, Мишин и Устинова";"Средний бизнес"
2596;"Гурьева Инкорпорэйтед";"Средний бизнес"
2597;"ИП Маркова";"Средний бизнес"
2598;"ИП Лукин-Савельева";"Малый бизнес"
2599;"ООО Пономарева Лукин";"Средний бизнес"
2600;"НПО Зайцева, Романова и Агафонов";"Малый бизнес"
2601;"ЦЭНКИ";"Средний бизнес"
2602;"НПО Шашкова-Фокина";"Средний бизнес"
2603;"РАО Цветкова";"Средний бизнес"
2604;"Субботина Групп";"Малый бизнес"
2605;"Белозерова Групп";"Средний бизнес"
2606;"ЗАО Гуляев Лапин";"Малый бизнес"
2607;"Авиакомпания ЮТэйр";"Малый бизнес"
2608;"Щукин Инк";"Средний бизнес"
2609;"РАО Абрамова Дроздова";"Малый бизнес"
2610;"НПО Тихонов, Семенова и Носов";"Средний бизнес"
2611;"Стрелков и партнеры";"Малый бизнес"
2612;"ОАО Карпова";"Малый бизнес"
2613;"ОАО Фадеев";"Малый бизнес"
2614;"ЗАО Мишин";"Малый бизнес"
2615;"ЗАО Комиссаров-Антонов";"Средний бизнес"
2616;"НПО Киселева-Жданов";"Малый бизнес"
2617;"Татнефть";"Малый бизнес"
2618;"НПО Блинова-Афанасьева";"Средний бизнес"
2619;"ИП Кудряшов, Дорофеева и Голубев";"Средний бизнес"
2620;"НПО Вишнякова-Стрелков";"Средний бизнес"
2621;"НПО Власова Гурьева";"Средний бизнес"
2622;"ООО Лазарев-Крылов";"Малый бизнес"
2623;"Молчанова и партнеры";"Малый бизнес"
2624;"Миронова Групп";"Малый бизнес"
2625;"Несте Санкт-Петербург (Neste)";"Малый бизнес"
2626;"Вишняков Инкорпорэйтед";"Средний бизнес"
2627;"АО Лаврентьева-Рожков";"Малый бизнес"
2628;"ФСК Лидер";"Средний бизнес"
2629;"ЗАО Киселев-Овчинников";"Средний бизнес"
2630;"НПО Субботин, Кабанов и Дьячков";"Средний бизнес"
2631;"Детский мир";"Средний бизнес"
2632;"НПО Савина-Фомичев";"Малый бизнес"
2633;"ОАО Дементьев, Мамонтов и Гуляева";"Малый бизнес"
2634;"РАО Кузнецова-Макаров";"Малый бизнес"
2635;"РАО Виноградов Веселов";"Средний бизнес"
2636;"РАО Агафонова, Орехова и Крюков";"Средний бизнес"
2637;"Гусев Инк";"Малый бизнес"
2638;"Самсонова и партнеры";"Средний бизнес"
2639;"НПО Савина";"Средний бизнес"
2640;"Шестаков Групп";"Средний бизнес"
2641;"Корнилова Инк";"Малый бизнес"
2642;"Соловьева Лимитед";"Малый бизнес"
2643;"Крюков Инкорпорэйтед";"Средний бизнес"
2644;"Воронов Инк";"Малый бизнес"
2645;"Турова и партнеры";"Малый бизнес"
2646;"Васильев Инк";"Малый бизнес"
2647;"АО Константинов-Гришина";"Средний бизнес"
2648;"НПО Крюкова, Кондратьева и Максимов";"Средний бизнес"
2649;"Емельянов Групп";"Средний бизнес"
2650;"Метрострой";"Малый бизнес"
2651;"ИП Гурьева";"Малый бизнес"
2652;"ЗАО Мельникова, Мамонтов и Федоров";"Средний бизнес"
2653;"АО Галкина Зайцева";"Малый бизнес"
2654;"ОАО Смирнов";"Малый бизнес"
2655;"ОАО Зиновьев-Мартынова";"Малый бизнес"
2656;"Козлов Инкорпорэйтед";"Малый бизнес"
2657;"Комиссаров Инкорпорэйтед";"Малый бизнес"
2658;"ЗАО Туров-Сазонова";"Средний бизнес"
2659;"АО Селезнева, Горбунов и Романова";"Малый бизнес"
2660;"ЗАО Гуляева Абрамов";"Малый бизнес"
2661;"Слата супермаркет";"Малый бизнес"
2662;"Григорьев Лтд";"Малый бизнес"
2663;"ТД Интерторг";"Средний бизнес"
2664;"НПО Терентьева-Комиссарова";"Малый бизнес"
2665;"АО Субботин";"Средний бизнес"
2666;"РАО Зиновьев-Молчанов";"Малый бизнес"
2667;"ИП Марков-Морозова";"Средний бизнес"
2668;"Проктер Энд Гэмбл. Дистрибьюторская компания (Procter & Gamble)";"Малый бизнес"
2669;"Группа Стройтрансгаз";"Средний бизнес"
2670;"Новороссийский морской торговый порт";"Малый бизнес"
2671;"Сидоров Групп";"Средний бизнес"
2672;"ИП Анисимов-Емельянова";"Малый бизнес"
2673;"РАО Денисова Семенова";"Малый бизнес"
2674;"НПО Носов Маслова";"Малый бизнес"
2675;"ЗАО Фролов, Казакова и Красильникова";"Средний бизнес"
2676;"ОАО Архипова Костин";"Малый бизнес"
2677;"Ростех";"Средний бизнес"
2678;"РАО Галкина, Логинов и Гуляева";"Малый бизнес"
2679;"НПО Голубева Лапин";"Средний бизнес"
2680;"АО Тимофеев";"Малый бизнес"
2681;"Беркс";"Средний бизнес"
2682;"Овчинникова Инкорпорэйтед";"Малый бизнес"
2683;"Самойлов и партнеры";"Малый бизнес"
2684;"ОАО Шубина, Князева и Калинина";"Малый бизнес"
2685;"ОАО Яковлев, Лихачев и Медведева";"Средний бизнес"
2686;"ИП Тихонов-Михеев";"Средний бизнес"
2687;"ИП Копылова";"Средний бизнес"
2688;"НПО Гурьев-Авдеева";"Средний бизнес"
2689;"АО Кузнецова Жуков";"Малый бизнес"
2690;"РАО Кулагин Пономарева";"Средний бизнес"
2691;"АО Лазарев, Одинцова и Игнатьева";"Малый бизнес"
2692;"РАО Шаров, Гаврилова и Медведев";"Средний бизнес"
2693;"Алексеев Лимитед";"Средний бизнес"
2694;"АО Савельев";"Средний бизнес"
2695;"Шестакова и партнеры";"Малый бизнес"
2696;"РАО Быкова, Медведева и Петухов";"Малый бизнес"
2697;"ЗАО Морозов-Данилов";"Малый бизнес"
2698;"ИП Носова-Рожкова";"Средний бизнес"
2699;"Зимин Лимитед";"Средний бизнес"
2700;"АБ Инбев Эфес (Anheuser-Busch Inbev)";"Малый бизнес"
2701;"ООО Анисимов Наумова";"Средний бизнес"
2702;"Ковалев Групп";"Малый бизнес"
2703;"РАО Королева Чернова";"Малый бизнес"
2704;"АО Антонова Семенов";"Средний бизнес"
2705;"НПО Моисеева, Веселова и Воронцов";"Средний бизнес"
2706;"ООО Данилова-Чернова";"Малый бизнес"
2707;"РАО Иванова, Тарасов и Мамонтова";"Средний бизнес"
2708;"ОАО Тарасова";"Малый бизнес"
2709;"ЗАО Калашникова-Кононов";"Малый бизнес"
2710;"Беляков и партнеры";"Средний бизнес"
2711;"Ягуар ленд ровер";"Средний бизнес"
2712;"ООО Сидоров, Щербаков и Орлов";"Малый бизнес"
2713;"РАО Сазонова Орехова";"Средний бизнес"
2714;"ОАО Пономарева-Савина";"Малый бизнес"
2715;"Mail.Ru Group";"Малый бизнес"
2716;"Лаврентьев Инк";"Средний бизнес"
2717;"АО Михайлов-Беляков";"Средний бизнес"
2718;"ИП Силина";"Малый бизнес"
2719;"ООО Селиверстов";"Малый бизнес"
2720;"ООО Дорофеева";"Малый бизнес"
2721;"АвтоГермес";"Малый бизнес"
2722;"Некрасова Лтд";"Малый бизнес"
2723;"ООО Михайлов Кулагин";"Малый бизнес"
2724;"АО Воронцов-Королев";"Малый бизнес"
2725;"Самараэнерго";"Средний бизнес"
2726;"ММС Рус (Mitsubishi Motors)";"Малый бизнес"
2727;"Профитмед";"Средний бизнес"
2728;"UCL Holding";"Средний бизнес"
2729;"РАО Турова Игнатов";"Малый бизнес"
2730;"ИП Зайцева-Исаева";"Средний бизнес"
2731;"Исаков Групп";"Средний бизнес"
2732;"ООО Доронин-Маслов";"Средний бизнес"
2733;"Ямал СПГ";"Средний бизнес"
2734;"ООО Михеева, Колесникова и Лукина";"Малый бизнес"
2735;"ЗАО Ширяева Горшков";"Средний бизнес"
2736;"ИП Гордеев-Рожкова";"Средний бизнес"
2737;"ОАО Соловьев, Логинов и Мясников";"Средний бизнес"
2738;"ТОАЗ";"Малый бизнес"
2739;"АО Шарапова";"Малый бизнес"
2740;"АО Зуева Гришин";"Малый бизнес"
2741;"НПО Шубина, Алексеев и Русаков";"Малый бизнес"
2742;"АО Афанасьева-Селиверстов";"Малый бизнес"
2743;"Спортмастер";"Малый бизнес"
2744;"НПО Нестерова, Шарапова и Аксенова";"Средний бизнес"
2745;"НПО Одинцов, Кулакова и Силина";"Средний бизнес"
2746;"НПО Фролова-Аксенова";"Малый бизнес"
2747;"ОАО Филатов-Осипов";"Малый бизнес"
2748;"Фармкомплект";"Малый бизнес"
2749;"НПО Логинов, Игнатов и Ларионов";"Средний бизнес"
2750;"ИП Власова-Макаров";"Средний бизнес"
2751;"ЗАО Самойлов-Козлов";"Средний бизнес"
2752;"АО Галкин-Жданов";"Средний бизнес"
2753;"ОАО Макаров, Шестаков и Соболев";"Средний бизнес"
2754;"Автозаправочные комплексы Atan";"Средний бизнес"
2755;"Муравьева Инкорпорэйтед";"Средний бизнес"
2756;"ОАО Никифорова-Комиссарова";"Средний бизнес"
2757;"ЗАО Агафонова Герасимов";"Малый бизнес"
2758;"ООО Силин";"Малый бизнес"
2759;"ООО Гуляев Сорокин";"Средний бизнес"
2760;"АО Быкова Ситников";"Малый бизнес"
2761;"РАО Никифоров Белоусов";"Малый бизнес"
2762;"Катерпиллар Евразия (Caterpillar)";"Средний бизнес"
2763;"ООО Федосеев";"Малый бизнес"
2764;"АО Фролова-Баранова";"Малый бизнес"
2765;"Игнатов Лтд";"Малый бизнес"
2766;"Фармстандарт";"Средний бизнес"
2767;"ООО Суворова Селезнев";"Малый бизнес"
2768;"НМЖК";"Малый бизнес"
2769;"ИП Романов-Устинов";"Малый бизнес"
2770;"АО Мухин-Гусева";"Средний бизнес"
2771;"АО Сорокин-Гуляев";"Малый бизнес"
2772;"РАО Романова-Носков";"Малый бизнес"
2773;"ООО Князев";"Малый бизнес"
2774;"Слата супермаркет";"Малый бизнес"
2775;"РАО Сидорова";"Средний бизнес"
2776;"АО Жданов";"Средний бизнес"
2777;"АО Орлова";"Средний бизнес"
2778;"ИП Уварова";"Средний бизнес"
2779;"Башкирэнерго";"Малый бизнес"
2780;"РАО Потапова, Субботин и Абрамова";"Средний бизнес"
2781;"Эркафарм";"Средний бизнес"
2782;"НПО Лаврентьев Евдокимова";"Средний бизнес"
2783;"ЗАО Анисимова, Мухин и Суворова";"Средний бизнес"
2784;"РАО Блохина, Крюков и Пономарев";"Малый бизнес"
2785;"Шилова Лтд";"Средний бизнес"
2786;"Шестакова и партнеры";"Малый бизнес"
2787;"НПО Крылов, Игнатьева и Рожков";"Малый бизнес"
2788;"Мишин Инкорпорэйтед";"Малый бизнес"
2789;"РАО Маслов, Потапов и Казакова";"Малый бизнес"
2790;"ИП Мартынов";"Малый бизнес"
2791;"Агафонова Лтд";"Средний бизнес"
2792;"ОАО Трофимов";"Малый бизнес"
2793;"РАО Комиссарова Фролов";"Малый бизнес"
2794;"ИП Фомин-Блинов";"Малый бизнес"
2795;"ИП Медведева-Сидоров";"Средний бизнес"
2796;"РАО Наумова-Савин";"Малый бизнес"
2797;"Группа НПФ Благосостояние";"Малый бизнес"
2798;"Пестов Лимитед";"Средний бизнес"
2799;"ОАО Аксенова-Исакова";"Средний бизнес"
2800;"АО Захаров, Лыткин и Цветкова";"Средний бизнес"
2801;"Елисеев Лтд";"Средний бизнес"
2802;"Тетерина Инк";"Средний бизнес"
2803;"АО Денисов, Мартынова и Трофимова";"Средний бизнес"
2804;"ООО Комиссаров, Александрова и Ершова";"Средний бизнес"
2805;"ИП Никитин-Стрелков";"Средний бизнес"
2806;"Соболева Инк";"Средний бизнес"
2807;"ОАО Соколов Тарасова";"Средний бизнес"
2808;"РАО Сорокин-Потапов";"Малый бизнес"
2809;"АО Исаева, Некрасова и Попова";"Малый бизнес"
2810;"Юг-Авто";"Средний бизнес"
2811;"АО Селезнева, Марков и Бобылев";"Малый бизнес"
2812;"ГК Автодилерство";"Средний бизнес"
2813;"Ларионов Инк";"Средний бизнес"
2814;"Корпорация ВСМПО-АВИСМА";"Средний бизнес"
2815;"Некрасова Групп";"Средний бизнес"
2816;"Росморпорт";"Средний бизнес"
2817;"РАО Давыдов";"Малый бизнес"
2818;"АО Лыткин-Зайцева";"Средний бизнес"
2819;"РАО Горбунова, Быков и Данилов";"Малый бизнес"
2820;"Данон  (Danone)";"Малый бизнес"
2821;"Аксенова Инк";"Средний бизнес"
2822;"ОАО Абрамова";"Средний бизнес"
2823;"СБСВ-Ключавто";"Малый бизнес"
2824;"НПО Муравьева, Галкина и Терентьев";"Малый бизнес"
2825;"РАО Беляева";"Малый бизнес"
2826;"ТК Шлюмберже (Schlumberger)";"Малый бизнес"
2827;"Стрелкова Лимитед";"Средний бизнес"
2828;"Наумов и партнеры";"Малый бизнес"
2829;"ИП Бурова, Королева и Беляков";"Малый бизнес"
2830;"ООО Юдин, Корнилова и Журавлев";"Малый бизнес"
2831;"ИП Артемьев Маслова";"Малый бизнес"
2832;"ОАО Исаев, Волков и Дмитриева";"Малый бизнес"
2833;"ГК ТНС энерго";"Малый бизнес"
2834;"Абрамов Инк";"Средний бизнес"
2835;"Системный оператор Единой энергетической системы";"Средний бизнес"
2836;"ЗАО Лукина, Фролова и Блохина";"Средний бизнес"
2837;"ЗАО Симонов, Пестов и Туров";"Малый бизнес"
2838;"ООО Шестакова Бурова";"Средний бизнес"
2839;"ИП Кудрявцева";"Средний бизнес"
2840;"НПО Кондратьев Пестова";"Средний бизнес"
2841;"Никитин и партнеры";"Малый бизнес"
2842;"ИП Котов-Дьячкова";"Средний бизнес"
2843;"ОАО Аксенова-Мишина";"Средний бизнес"
2844;"Ильина Инкорпорэйтед";"Малый бизнес"
2845;"Ширяева Лимитед";"Средний бизнес"
2846;"ИП Шашкова Королев";"Малый бизнес"
2847;"ООО Наумов-Федотова";"Малый бизнес"
2848;"ОАО Козлова Стрелков";"Средний бизнес"
2849;"ИП Мясникова, Селиверстов и Антонова";"Средний бизнес"
2850;"Вольво Восток (AB Volvo)";"Малый бизнес"
2851;"ЗАО Белова Смирнова";"Малый бизнес"
2852;"РАО Кулаков";"Малый бизнес"
2853;"ООО Меркушева Исаков";"Средний бизнес"
2854;"АО Савина, Капустина и Никифорова";"Средний бизнес"
2855;"Кабанов Инк";"Средний бизнес"
2856;"Холдинг Транспортные компоненты";"Средний бизнес"
2857;"Герасимова Лтд";"Малый бизнес"
2858;"Рожков Инк";"Средний бизнес"
2859;"Анисимова и партнеры";"Малый бизнес"
2860;"Михайлова Инкорпорэйтед";"Средний бизнес"
2861;"ООО Беляева, Ширяева и Сафонова";"Малый бизнес"
2862;"Терентьева Инкорпорэйтед";"Малый бизнес"
2863;"ИП Щукина Зиновьева";"Средний бизнес"
2864;"ИП Романов-Чернов";"Средний бизнес"
2865;"ИП Горбунова";"Малый бизнес"
2866;"ЗАО Кулакова-Калинина";"Малый бизнес"
2867;"НПО Одинцов Назаров";"Малый бизнес"
2868;"ЗАО Сорокин-Васильев";"Малый бизнес"
2869;"Блинов и партнеры";"Малый бизнес"
2870;"РАО Гаврилов, Михайлов и Колобов";"Малый бизнес"
2871;"АО Харитонова-Сафонов";"Средний бизнес"
2872;"РАО Афанасьева-Симонова";"Малый бизнес"
2873;"РАО Уварова Попова";"Средний бизнес"
2874;"Журавлев Инкорпорэйтед";"Средний бизнес"
2875;"ООО Кириллова";"Средний бизнес"
2876;"Дроздова Инкорпорэйтед";"Малый бизнес"
2877;"ОАО Коновалов";"Средний бизнес"
2878;"Чернова Лтд";"Малый бизнес"
2879;"РАО Сысоева, Мухин и Блохин";"Малый бизнес"
2880;"Соколова и партнеры";"Малый бизнес"
2881;"НПО Одинцова";"Малый бизнес"
2882;"ЗАО Уваров-Дьячков";"Средний бизнес"
2883;"ИП Соколова";"Средний бизнес"
2884;"ОАО Галкин-Шубин";"Малый бизнес"
2885;"НПО Потапов";"Средний бизнес"
2886;"РАО Лобанов-Федосеева";"Малый бизнес"
2887;"ЗАО Симонов";"Средний бизнес"
2888;"НПО Кононов Ершов";"Малый бизнес"
2889;"РАО Герасимова Пестов";"Средний бизнес"
2890;"Роберт Бош (Robert Bosch)";"Малый бизнес"
2891;"Петухова и партнеры";"Малый бизнес"
2892;"ИП Крюков Беспалова";"Малый бизнес"
2893;"ЗАО Колобова-Беляев";"Средний бизнес"
2894;"Группа компаний ПИК";"Средний бизнес"
2895;"РАО Русакова Шарова";"Малый бизнес"
2896;"ИП Григорьев, Владимиров и Селезнев";"Средний бизнес"
2897;"Компания Луис Дрейфус Восток (Louis Dreyfus)";"Средний бизнес"
2898;"ДСК Автобан";"Средний бизнес"
2899;"ОАО Аксенов";"Малый бизнес"
2900;"РАО Лазарева Борисова";"Средний бизнес"
2901;"НПО Артемьева-Беляева";"Малый бизнес"
2902;"ИП Дементьев-Савельева";"Средний бизнес"
2903;"АО Тарасов, Панов и Блинов";"Средний бизнес"
2904;"РАО Борисов, Комаров и Артемьев";"Средний бизнес"
2905;"Борисов и партнеры";"Малый бизнес"
3147;"ЗАО Ширяев Королева";"Малый бизнес"
2906;"АО Шестаков, Субботина и Зиновьев";"Средний бизнес"
2907;"Казаньоргсинтез";"Малый бизнес"
2908;"АО Кудряшов";"Малый бизнес"
2909;"ЗАО Анисимова-Романов";"Малый бизнес"
2910;"Ачимгаз";"Малый бизнес"
2911;"Самсонов Лтд";"Малый бизнес"
2912;"ЗАО Александрова-Шарова";"Средний бизнес"
2913;"НПО Рогов, Михеева и Исакова";"Малый бизнес"
2914;"АО Горбачева Юдин";"Средний бизнес"
2915;"РАО Фокин Сафонов";"Малый бизнес"
2916;"РАО Мухин";"Средний бизнес"
2917;"ОАО Сысоева";"Средний бизнес"
2918;"РАО Устинов, Зайцева и Турова";"Средний бизнес"
2919;"ИП Комиссарова";"Средний бизнес"
2920;"Вишнякова Лтд";"Малый бизнес"
2921;"Техкомпания Хуавэй (Huawei)";"Малый бизнес"
2922;"ИП Анисимов Александров";"Средний бизнес"
2923;"Филиппова Групп";"Малый бизнес"
2924;"ИП Тимофеев Овчинников";"Средний бизнес"
2925;"ООО Быков";"Малый бизнес"
2926;"Петропавловск";"Малый бизнес"
2927;"ОАО Семенова-Киселева";"Малый бизнес"
2928;"ОАО Анисимов, Елисеев и Борисов";"Малый бизнес"
2929;"ИП Титов";"Средний бизнес"
2930;"АО Никонова";"Средний бизнес"
2931;"АО Борисова-Фокин";"Средний бизнес"
2932;"Агросила Групп";"Средний бизнес"
2933;"ЗАО Данилов, Агафонов и Носов";"Малый бизнес"
2934;"ОАО Федотова, Крылов и Лаврентьева";"Средний бизнес"
2935;"АО Соболева-Жукова";"Малый бизнес"
2936;"ОАО Пахомова, Кабанова и Уваров";"Средний бизнес"
2937;"НПО Зайцева-Федосеева";"Малый бизнес"
2938;"ИП Елисеева-Гурьева";"Малый бизнес"
2939;"АО Степанова-Терентьева";"Малый бизнес"
2940;"Суханов Инкорпорэйтед";"Малый бизнес"
2941;"ЗАО Беляева-Абрамова";"Средний бизнес"
2942;"ОАО Пономарев-Кузнецова";"Средний бизнес"
2943;"ЗАО Попова Фомичев";"Малый бизнес"
2944;"РАО Турова";"Средний бизнес"
2945;"ОАО Казакова Пономарева";"Средний бизнес"
2946;"ООО Лыткин, Одинцова и Васильев";"Малый бизнес"
2947;"ОАО Горбачева";"Малый бизнес"
2948;"ИП Одинцов, Антонов и Карпова";"Малый бизнес"
2949;"ООО Русакова, Лебедев и Сафонов";"Средний бизнес"
2950;"ЗАО Воробьева, Королев и Лихачев";"Малый бизнес"
2951;"НПО Кабанов";"Средний бизнес"
2952;"ЗАО Мухина";"Малый бизнес"
2953;"ОАО Фомичев, Королев и Федорова";"Средний бизнес"
2954;"НПО Петрова Маслов";"Малый бизнес"
2955;"ООО Кузьмина Маслова";"Средний бизнес"
2956;"ИП Фадеева-Федотова";"Малый бизнес"
2957;"МУМТ (BAT)";"Средний бизнес"
2958;"НПО Сергеева";"Средний бизнес"
2959;"РАО Дорофеева-Денисова";"Малый бизнес"
2960;"АО Орехова-Якушева";"Малый бизнес"
2961;"Воробьева Лтд";"Малый бизнес"
2962;"Носов и партнеры";"Средний бизнес"
2963;"ООО Захарова-Колобова";"Средний бизнес"
2964;"РАО Вишняков";"Малый бизнес"
2965;"ЗАО Емельянова";"Малый бизнес"
2966;"РАО Харитонов";"Малый бизнес"
2967;"ОАО Крылова Федосеев";"Малый бизнес"
2968;"Лобанова Групп";"Средний бизнес"
2969;"ЗАО Титов";"Малый бизнес"
2970;"АО Некрасова, Копылов и Агафонова";"Средний бизнес"
2971;"НПО Федотова, Кононова и Герасимова";"Малый бизнес"
2972;"РАО Дмитриева";"Малый бизнес"
2973;"Рожков Групп";"Средний бизнес"
2974;"Филатов Инк";"Малый бизнес"
2975;"ИП Кулакова-Сидорова";"Средний бизнес"
2976;"ОАО Дмитриев Савельев";"Малый бизнес"
2977;"СБСВ-Ключавто";"Средний бизнес"
2978;"ОАО Коновалова, Ларионова и Антонова";"Средний бизнес"
2979;"ОАО Гаврилов Тетерина";"Малый бизнес"
2980;"ЗАО Дементьев Зуева";"Малый бизнес"
2981;"АО Савина, Романова и Королева";"Малый бизнес"
2982;"НПО Исаева Ефимов";"Средний бизнес"
2983;"ЗАО Игнатов, Савин и Нестерова";"Малый бизнес"
2984;"ООО Егорова";"Средний бизнес"
2985;"ОАО Буров, Рожкова и Агафонова";"Малый бизнес"
2986;"Шарова и партнеры";"Средний бизнес"
2987;"Лаборатория Касперского";"Малый бизнес"
2988;"РАО Князева, Игнатова и Панова";"Средний бизнес"
2989;"ИП Пахомова, Агафонова и Макарова";"Малый бизнес"
2990;"ОАО Емельянов Зимин";"Малый бизнес"
2991;"Журавлева Лимитед";"Малый бизнес"
2992;"ООО Колобова Цветкова";"Средний бизнес"
2993;"ЗАО Сысоев-Кузьмина";"Малый бизнес"
2994;"ООО Павлова";"Средний бизнес"
2995;"Савин и партнеры";"Малый бизнес"
2996;"АО Авдеев, Антонова и Лихачев";"Средний бизнес"
2997;"Чернов Лтд";"Малый бизнес"
2998;"РАО Савельева";"Малый бизнес"
2999;"ЗАО Смирнова, Харитонов и Гущина";"Средний бизнес"
3000;"Протек";"Средний бизнес"
3001;"ООО Исакова-Гордеева";"Средний бизнес"
3002;"НПО Титова-Шарова";"Малый бизнес"
3003;"Новороссийский морской торговый порт";"Средний бизнес"
3004;"РАО Лапина Зайцева";"Средний бизнес"
3005;"Колобова и партнеры";"Средний бизнес"
3006;"ИП Карпова Дементьев";"Средний бизнес"
3007;"НПО Горбачев";"Малый бизнес"
3008;"ОАО Дорофеев, Блинов и Соболев";"Средний бизнес"
3009;"ЗАО Петухов Якушев";"Малый бизнес"
3010;"Доронина Инк";"Средний бизнес"
3011;"ООО Прохорова";"Малый бизнес"
3012;"ОАО Поляков, Самсонов и Ефремов";"Малый бизнес"
3013;"Власова Инк";"Малый бизнес"
3014;"АО Белоусова";"Малый бизнес"
3015;"ООО Трофимов, Орлова и Шарапова";"Малый бизнес"
3016;"АО Родионов, Родионова и Герасимов";"Средний бизнес"
3017;"Армтек";"Средний бизнес"
3018;"НПО Ситникова-Елисеев";"Средний бизнес"
3019;"ООО Ковалева-Лыткин";"Малый бизнес"
3020;"Группа О'кей";"Малый бизнес"
3021;"СДС Азот";"Малый бизнес"
3022;"Газпромбанк";"Малый бизнес"
3023;"Вольво Карс (Zhejiang Geely)";"Малый бизнес"
3024;"НПО Воробьев-Нестеров";"Средний бизнес"
3025;"ООО Карпов-Русакова";"Малый бизнес"
3026;"Николаев Групп";"Малый бизнес"
3027;"ИП Ефремов Якушева";"Средний бизнес"
3028;"Герасимов Инкорпорэйтед";"Средний бизнес"
3029;"ООО Калинина-Никонов";"Средний бизнес"
3030;"ЗАО Третьякова";"Малый бизнес"
3031;"Соловьев Лимитед";"Средний бизнес"
3032;"АО Анисимов Субботин";"Малый бизнес"
3033;"Маркова и партнеры";"Средний бизнес"
3034;"ООО Бирюков, Абрамова и Нестерова";"Средний бизнес"
3035;"ЗАО Воробьев";"Средний бизнес"
3036;"АО Федосеев";"Малый бизнес"
3037;"Цветков Лимитед";"Средний бизнес"
3038;"Бирюков и партнеры";"Средний бизнес"
3039;"Алтайвагон";"Малый бизнес"
3040;"ООО Жданов, Колесников и Лыткин";"Средний бизнес"
3041;"НПО Крылова, Емельянова и Капустина";"Средний бизнес"
3042;"ОАО Титов";"Малый бизнес"
3043;"Тойота Мотор (Toyota)";"Средний бизнес"
3044;"ЗАО Хохлов Сазонов";"Средний бизнес"
3045;"РАО Степанова, Власов и Ситникова";"Средний бизнес"
3046;"ИП Костина";"Малый бизнес"
3047;"Сибирский антрацит";"Малый бизнес"
3048;"РАО Орлов, Воронцова и Кудрявцев";"Малый бизнес"
3049;"Компания Трасса";"Средний бизнес"
3050;"Сталепромышленная компания";"Малый бизнес"
3051;"ЗАО Александрова";"Малый бизнес"
3052;"ЗАО Корнилова, Сысоева и Жданов";"Малый бизнес"
3053;"АО Лебедева, Кузьмина и Беляков";"Средний бизнес"
3054;"Никифоров Лимитед";"Малый бизнес"
3055;"ООО Баранова Сергеев";"Малый бизнес"
3056;"Райффайзенбанк (Raiffeisen)";"Средний бизнес"
3057;"ООО Родионова";"Средний бизнес"
3058;"ООО Никитин";"Малый бизнес"
3059;"Терентьева и партнеры";"Средний бизнес"
3060;"НПО Ларионов-Авдеев";"Средний бизнес"
3061;"НПО Тимофеев, Терентьева и Бурова";"Средний бизнес"
3062;"ООО Зыкова Самсонов";"Малый бизнес"
3063;"Пестова Инкорпорэйтед";"Средний бизнес"
3064;"ООО Крюков";"Средний бизнес"
3065;"РАО Суханов Дмитриев";"Средний бизнес"
3066;"ООО Харитонов-Шарапова";"Средний бизнес"
3067;"Терентьева Инкорпорэйтед";"Средний бизнес"
3068;"ЗАО Назаров Щукин";"Малый бизнес"
3069;"НПО Данилова";"Средний бизнес"
3070;"ООО Лазарев";"Малый бизнес"
3071;"ОАО Савельев-Уваров";"Малый бизнес"
3072;"ИП Горбунов Харитонова";"Средний бизнес"
3073;"ИП Гущина-Сысоев";"Средний бизнес"
3074;"Воронцов Групп";"Средний бизнес"
3075;"Эссити (Essity)";"Малый бизнес"
3076;"НПО Силин, Исакова и Миронов";"Малый бизнес"
3077;"ЗАО Брагин Шилова";"Малый бизнес"
3078;"НПО Носова Сафонова";"Средний бизнес"
3079;"Устинова Лтд";"Малый бизнес"
3080;"Нефтепродукттрейд";"Малый бизнес"
3081;"Стройсервис";"Средний бизнес"
3082;"ИП Цветкова Морозова";"Средний бизнес"
3083;"НПО Орехов";"Малый бизнес"
3084;"Михайлов Групп";"Малый бизнес"
3085;"Афанасьев Инк";"Средний бизнес"
3086;"РАО Семенов Бурова";"Малый бизнес"
3087;"ИП Блинов";"Средний бизнес"
3088;"ИП Журавлев Лукин";"Средний бизнес"
3089;"Южуралзолото ГК";"Малый бизнес"
3090;"ЗАО Лихачев, Щукина и Савин";"Малый бизнес"
3091;"Маркова Инк";"Малый бизнес"
3092;"АО Жданова";"Малый бизнес"
3093;"ИП Баранова";"Малый бизнес"
3094;"НПО Тимофеев";"Малый бизнес"
3095;"ИП Моисеев";"Малый бизнес"
3096;"Миронова Инк";"Средний бизнес"
3097;"Федоров и партнеры";"Средний бизнес"
3098;"САФМАР";"Малый бизнес"
3099;"ЗАО Крылова, Беспалов и Галкин";"Малый бизнес"
3100;"Виноградова Инк";"Средний бизнес"
3101;"Владимирова Лтд";"Средний бизнес"
3102;"РАО Ковалев-Силина";"Средний бизнес"
3103;"ООО Лыткина-Савельева";"Малый бизнес"
3104;"ЗАО Владимирова Козлова";"Средний бизнес"
3105;"НПО Зуев-Фомичева";"Средний бизнес"
3106;"ЗАО Орехова, Гуляев и Никонов";"Малый бизнес"
3107;"ЗАО Турова, Шилова и Комиссаров";"Средний бизнес"
3108;"Сибирская сервисная компания";"Малый бизнес"
3109;"Игнатов Лтд";"Малый бизнес"
3110;"АО Евсеев";"Средний бизнес"
3111;"Мособлгаз";"Средний бизнес"
3112;"ЗАО Сидорова Носкова";"Малый бизнес"
3113;"Ефремова Инкорпорэйтед";"Малый бизнес"
3114;"ОАО Терентьева, Петухова и Кудрявцева";"Малый бизнес"
3115;"Банк Санкт-Петербург";"Средний бизнес"
3116;"Исакова Лимитед";"Малый бизнес"
3117;"НПО Ковалева Чернова";"Малый бизнес"
3118;"ИП Стрелкова Логинов";"Средний бизнес"
3119;"АО Белозерова, Беспалова и Афанасьева";"Малый бизнес"
3120;"НПО Фролова";"Средний бизнес"
3121;"РАО Лыткин-Герасимова";"Средний бизнес"
3122;"АО Исаев Прохорова";"Малый бизнес"
3123;"ЗАО Белозерова-Сазонова";"Средний бизнес"
3124;"ЗАО Ефремова Игнатьев";"Средний бизнес"
3125;"Виноградова Инкорпорэйтед";"Малый бизнес"
3126;"ООО Уварова, Котов и Муравьева";"Малый бизнес"
3127;"АО Алексеев, Воробьев и Молчанов";"Малый бизнес"
3128;"ГК Автомир";"Малый бизнес"
3129;"Крылов Инк";"Малый бизнес"
3130;"Тева (Teva)";"Средний бизнес"
3131;"ООО Коновалова-Денисова";"Средний бизнес"
3132;"Исаева Инкорпорэйтед";"Средний бизнес"
3133;"ООО Федосеев, Власов и Гордеева";"Малый бизнес"
3134;"ТЭК Мосэнерго";"Средний бизнес"
3135;"ООО Шубина";"Средний бизнес"
3136;"АО Власова-Ширяев";"Средний бизнес"
3137;"АО Голубева-Мартынова";"Средний бизнес"
3138;"АО Копылова Лобанова";"Средний бизнес"
3139;"Журавлева Инк";"Средний бизнес"
3140;"АО Сафонова, Бирюкова и Герасимов";"Малый бизнес"
3141;"ИП Горшков";"Средний бизнес"
3142;"ОАО Данилова Галкина";"Средний бизнес"
3143;"ОАО Субботин Овчинникова";"Малый бизнес"
3144;"Группа ГАЗ";"Малый бизнес"
3145;"МУМТ (BAT)";"Малый бизнес"
3146;"НПО Моисеева Авдеева";"Средний бизнес"
3148;"РАО Горбачева";"Средний бизнес"
3149;"ОАО Соловьева Кононова";"Малый бизнес"
3150;"НПО Артемьева-Филатов";"Малый бизнес"
3151;"ОАО Комаров, Константинов и Родионова";"Малый бизнес"
3152;"ООО Васильев, Моисеев и Никитин";"Средний бизнес"
3153;"Комацу СНГ (Komatsu)";"Средний бизнес"
3154;"КДВ Групп";"Средний бизнес"
3155;"АО Поляков Буров";"Малый бизнес"
3156;"Промышленно-металлургический холдинг";"Средний бизнес"
3157;"ООО Гордеева-Андреева";"Малый бизнес"
3158;"Лукин и партнеры";"Малый бизнес"
3159;"НПО Мамонтова-Шилова";"Средний бизнес"
3160;"РАО Карпова";"Малый бизнес"
3161;"ОАО Иванова Пономарева";"Средний бизнес"
3162;"Медведев Лимитед";"Средний бизнес"
3163;"Пестов Лимитед";"Средний бизнес"
3164;"ОАО Орлова-Селиверстова";"Средний бизнес"
3165;"АвтоГермес";"Средний бизнес"
3166;"Группа Синара";"Малый бизнес"
3167;"ИП Ситникова-Кулакова";"Средний бизнес"
3168;"Втормет";"Средний бизнес"
3169;"Дроздова Лтд";"Средний бизнес"
3170;"Миронов Групп";"Средний бизнес"
3171;"РАО Михеев";"Малый бизнес"
3172;"Горшкова Инк";"Средний бизнес"
3173;"Вишняков Групп";"Малый бизнес"
3174;"ЗАО Колесников";"Средний бизнес"
3175;"АО Исаева";"Малый бизнес"
3176;"ЗАО Осипова-Исаев";"Средний бизнес"
3177;"Колобова Групп";"Малый бизнес"
3178;"ГК ТНС энерго";"Средний бизнес"
3179;"НПО Носов";"Малый бизнес"
3180;"ОАО Уварова, Комиссарова и Костин";"Средний бизнес"
3181;"ИП Пономарев, Васильева и Веселова";"Малый бизнес"
3182;"АО Носков Воробьев";"Малый бизнес"
3183;"РАО Петрова-Ковалева";"Малый бизнес"
3184;"НПО Никитин";"Средний бизнес"
3185;"РАО Шилов-Коновалова";"Средний бизнес"
3186;"АО Титов Терентьев";"Малый бизнес"
3187;"Катрен";"Малый бизнес"
3188;"Байер";"Средний бизнес"
3189;"ООО Корнилов-Громов";"Средний бизнес"
3190;"НПО Гущина, Волкова и Калинин";"Средний бизнес"
3191;"НПО Карпов Гордеева";"Малый бизнес"
3192;"Устинова и партнеры";"Малый бизнес"
3193;"РАО Рогов, Филиппов и Фомин";"Средний бизнес"
3194;"ЗАО Куликова";"Средний бизнес"
3195;"Группа М.Видео-Эльдорадо";"Средний бизнес"
3196;"Вольво Карс (Zhejiang Geely)";"Малый бизнес"
3197;"Дроздова Инкорпорэйтед";"Средний бизнес"
3198;"Первый завод";"Средний бизнес"
3199;"ООО Потапова, Рябов и Самсонова";"Малый бизнес"
3200;"ЗАО Казаков";"Малый бизнес"
3201;"НПО Дорофеева, Борисова и Горбунова";"Малый бизнес"
3202;"ООО Воронцова Герасимова";"Малый бизнес"
3203;"РАО Назаров Ермакова";"Малый бизнес"
3204;"РАО Самсонова";"Средний бизнес"
3205;"АО Емельянов";"Малый бизнес"
3206;"АО Беспалова-Ефремова";"Средний бизнес"
3207;"ОАО Тимофеев";"Средний бизнес"
3208;"АО Горбунов";"Малый бизнес"
3209;"ОАО Ширяев, Шестакова и Филатов";"Малый бизнес"
3210;"ИП Шестакова";"Малый бизнес"
3211;"ООО Игнатьев";"Средний бизнес"
3212;"ИП Виноградова, Быков и Виноградов";"Малый бизнес"
3213;"ИП Горбунова-Тихонов";"Малый бизнес"
3214;"Камский кабель";"Средний бизнес"
3215;"ГК Агро-Белогорье";"Средний бизнес"
3216;"ОАО Сергеев-Жукова";"Средний бизнес"
3217;"ООО Доронина, Турова и Шубина";"Средний бизнес"
3218;"НПО Никонова, Казакова и Федотов";"Малый бизнес"
3219;"ООО Кулаков-Щукин";"Средний бизнес"
3220;"Большаков Инкорпорэйтед";"Средний бизнес"
3221;"ЗАО Панов-Калашникова";"Средний бизнес"
3222;"ЭС";"Малый бизнес"
3223;"КДВ Групп";"Средний бизнес"
3224;"ООО Фомичева-Третьяков";"Средний бизнес"
3225;"АО Терентьева";"Малый бизнес"
3226;"НПО Поляков, Пахомова и Рогов";"Малый бизнес"
3227;"НПО Муравьев";"Малый бизнес"
3228;"РАО Моисеева, Дорофеева и Алексеева";"Малый бизнес"
3229;"РАО Молчанов";"Средний бизнес"
3230;"РАО Зыкова, Мартынова и Иванов";"Средний бизнес"
3231;"РАО Федотова-Чернова";"Малый бизнес"
3232;"АО Калинина";"Малый бизнес"
3233;"РАО Одинцов Попов";"Малый бизнес"
3234;"ЗАО Сысоева-Ильина";"Малый бизнес"
3235;"АО Колобов, Лапина и Савин";"Средний бизнес"
3236;"РАО Козлова-Шаров";"Малый бизнес"
3237;"ОАО Морозова, Калашникова и Федоров";"Малый бизнес"
3238;"Компания СИМ-Авто";"Малый бизнес"
3239;"ООО Матвеев Артемьева";"Средний бизнес"
3240;"Сысоев и партнеры";"Малый бизнес"
3241;"ООО Авдеев, Мясников и Елисеева";"Средний бизнес"
3242;"АО Вишняков-Комарова";"Малый бизнес"
3243;"ООО Ситников Лазарева";"Малый бизнес"
3244;"Кузнецов Инк";"Средний бизнес"
3245;"НПО Шарапов";"Малый бизнес"
3246;"ЗАО Зимина Матвеев";"Малый бизнес"
3247;"ООО Карпова";"Средний бизнес"
3248;"ИП Вишнякова";"Средний бизнес"
3249;"АБ Инбев Эфес (Anheuser-Busch Inbev)";"Малый бизнес"
3250;"НЗНП";"Средний бизнес"
3251;"АО Кабанов, Федосеев и Турова";"Малый бизнес"
3252;"ОАО Русакова";"Малый бизнес"
3253;"ООО Кулагина-Суханов";"Средний бизнес"
3254;"АО Панфилов, Михайлов и Суханов";"Малый бизнес"
3255;"ЗАО Титова Петухов";"Малый бизнес"
3256;"Рогов Инкорпорэйтед";"Малый бизнес"
3257;"ООО Осипов";"Средний бизнес"
3258;"ЗАО Гордеева, Медведева и Денисов";"Средний бизнес"
3259;"ООО Коновалова, Григорьева и Попова";"Малый бизнес"
3260;"НПО Константинов-Молчанов";"Средний бизнес"
3261;"ВТБ";"Малый бизнес"
3262;"ОАО Кириллова";"Средний бизнес"
3263;"РАО Крылова Жуков";"Средний бизнес"
3264;"ОАО Громова Котова";"Малый бизнес"
3265;"ЗАО Кудряшова Сазонова";"Малый бизнес"
3266;"ЗАО Беспалов, Семенова и Быкова";"Малый бизнес"
3267;"Московский аэропорт Домодедово";"Средний бизнес"
3268;"ИП Дмитриева, Исаева и Терентьев";"Средний бизнес"
3269;"РАО Зыков-Белова";"Средний бизнес"
3270;"НПО Третьякова Котов";"Малый бизнес"
3271;"ЗАО Дорофеев";"Средний бизнес"
3272;"ЗАО Бурова-Орехова";"Малый бизнес"
3273;"АО Романова, Никонов и Давыдова";"Малый бизнес"
3274;"Веселов Инкорпорэйтед";"Средний бизнес"
3275;"ЗАО Крюков Фролов";"Средний бизнес"
3276;"Сибур Холдинг";"Малый бизнес"
3277;"ЗАО Романов-Михайлов";"Средний бизнес"
3278;"НПО Кононов-Павлов";"Средний бизнес"
3279;"Мамонтов Лимитед";"Средний бизнес"
3280;"АО Гурьева Савин";"Средний бизнес"
3281;"ООО Харитонова Наумова";"Малый бизнес"
3282;"НПО Суханова Носкова";"Средний бизнес"
3283;"АО Колесников-Щербакова";"Средний бизнес"
3284;"ЗАО Устинова";"Малый бизнес"
3285;"НПО Костин Константинова";"Средний бизнес"
3286;"ОАО Мартынов-Ситникова";"Малый бизнес"
3287;"Лазарева Групп";"Малый бизнес"
3288;"ИП Лаврентьев-Белоусов";"Малый бизнес"
3289;"НПО Борисов Ситников";"Средний бизнес"
3290;"ИП Гаврилова Егоров";"Малый бизнес"
3291;"АО Владимиров Попов";"Малый бизнес"
3292;"Крок инкорпорейтед";"Средний бизнес"
3293;"ООО Харитонов-Воронцов";"Средний бизнес"
3294;"ОАО Крюкова-Козлова";"Средний бизнес"
3295;"ЗАО Петухов Нестерова";"Средний бизнес"
3296;"АО Жуков";"Средний бизнес"
3297;"Осипов Инкорпорэйтед";"Средний бизнес"
3298;"Запсибгазпром";"Средний бизнес"
3299;"ОАО Михайлов-Матвеева";"Малый бизнес"
3300;"Металлокомплект-М";"Малый бизнес"
3301;"НПО Сергеева, Тихонов и Корнилова";"Средний бизнес"
3302;"НПО Никитин, Субботин и Жукова";"Малый бизнес"
3303;"АО Маркова-Воробьева";"Средний бизнес"
3304;"ИП Дроздова, Прохорова и Попов";"Малый бизнес"
3305;"НПО Гущин, Ермаков и Терентьев";"Малый бизнес"
3306;"РАО Самсонов Галкин";"Средний бизнес"
3307;"ЗАО Калашникова Попов";"Средний бизнес"
3308;"АО Овчинников-Котов";"Малый бизнес"
3309;"РАО Савина-Горбачев";"Малый бизнес"
3310;"АО Дорофеева";"Средний бизнес"
3311;"Владимирова и партнеры";"Средний бизнес"
3312;"ЗАО Михайлова-Фадеев";"Малый бизнес"
3313;"Мострансавто";"Малый бизнес"
3314;"ЗАО Голубева, Афанасьева и Николаева";"Малый бизнес"
3315;"Борисов и партнеры";"Малый бизнес"
3316;"Данилова Лтд";"Малый бизнес"
3317;"ОАО Горбунов";"Малый бизнес"
3318;"РАО Федосеева";"Средний бизнес"
3319;"ИП Макарова, Белякова и Копылова";"Средний бизнес"
3320;"ЗАО Игнатов, Копылов и Доронина";"Малый бизнес"
3321;"Верный";"Малый бизнес"
3322;"Авеста Фармацевтика (Baby Dream)";"Малый бизнес"
3323;"Шаров и партнеры";"Малый бизнес"
3324;"Елисеева Лимитед";"Малый бизнес"
3325;"НПО Шилов Соколов";"Средний бизнес"
3326;"ЗАО Родионов-Чернов";"Средний бизнес"
3327;"НПО Голубева-Игнатова";"Малый бизнес"
3328;"АО Аксенова, Фокина и Логинова";"Средний бизнес"
3329;"ЗАО Сергеев, Фокина и Жуков";"Малый бизнес"
3330;"Южуралзолото ГК";"Средний бизнес"
3331;"АО Шилова Елисеев";"Малый бизнес"
3332;"ЗАО Васильев-Григорьева";"Средний бизнес"
3333;"ИП Орехов-Денисова";"Средний бизнес"
3334;"Банковский холдинг Альфа-банка";"Средний бизнес"
3335;"ООО Сидорова Шашков";"Малый бизнес"
3336;"Райффайзенбанк (Raiffeisen)";"Средний бизнес"
3337;"Кузьмин Инкорпорэйтед";"Средний бизнес"
3338;"НПО Селезнев Котов";"Средний бизнес"
3339;"ООО Горшкова";"Средний бизнес"
3340;"Виноградова Инк";"Малый бизнес"
3341;"ООО Панова, Русакова и Сазонова";"Малый бизнес"
3342;"Брок-Инвест-Сервис и К";"Средний бизнес"
3343;"Вертолеты России";"Малый бизнес"
3344;"Максидом";"Средний бизнес"
3345;"НПО Захаров-Зайцева";"Средний бизнес"
3346;"ЗАО Жданова, Фролова и Галкина";"Малый бизнес"
3347;"Фаберлик";"Малый бизнес"
3348;"АО Шестаков-Мельникова";"Малый бизнес"
3349;"РАО Котова";"Средний бизнес"
3350;"Ростсельмаш";"Малый бизнес"
3351;"АО Меркушева";"Малый бизнес"
3352;"РАО Колобов Петрова";"Малый бизнес"
3353;"Петухова Групп";"Малый бизнес"
3354;"ЗАО Крюкова, Терентьева и Дроздова";"Малый бизнес"
3355;"ОАО Муравьев-Панов";"Средний бизнес"
3356;"РАО Агафонов, Орлова и Зайцева";"Малый бизнес"
3357;"ЗАО Ковалева, Гусева и Игнатов";"Средний бизнес"
3358;"ИП Рожкова, Панфилова и Медведев";"Малый бизнес"
3359;"ИП Орлов-Муравьева";"Малый бизнес"
3360;"Казакова и партнеры";"Средний бизнес"
3361;"ООО Блинов, Кошелева и Орлова";"Малый бизнес"
3362;"Устинова Лимитед";"Средний бизнес"
3363;"ОАО Королева, Юдин и Антонов";"Средний бизнес"
3364;"Александров Лтд";"Малый бизнес"
3365;"ИП Кулаков, Алексеев и Ильин";"Малый бизнес"
3366;"Русский уголь";"Средний бизнес"
3367;"ЗАО Гущин, Бобылева и Субботина";"Малый бизнес"
3368;"Третьякова Групп";"Малый бизнес"
3369;"НПО Егоров-Потапов";"Малый бизнес"
3370;"ОАО Анисимов-Федотова";"Малый бизнес"
3371;"ООО Степанова Филатов";"Малый бизнес"
3372;"Доронин Инкорпорэйтед";"Средний бизнес"
3373;"ОАО Сорокина Савин";"Средний бизнес"
3374;"ОАО Моисеева Рыбакова";"Средний бизнес"
3375;"НПО Гришин Кудрявцев";"Малый бизнес"
3376;"РЕ Трэйдинг (LPP)";"Средний бизнес"
3377;"ОАО Дьячкова Горшков";"Средний бизнес"
3378;"РАО Виноградова Поляков";"Малый бизнес"
3379;"РАО Афанасьева";"Средний бизнес"
3380;"ЧТПЗ";"Малый бизнес"
3381;"Томскнефть ВНК";"Средний бизнес"
3382;"ЗАО Шубина-Чернова";"Средний бизнес"
3383;"ИП Алексеев";"Малый бизнес"
3384;"НПО Егоров";"Малый бизнес"
3385;"Азур Эйр";"Малый бизнес"
3386;"ЗАО Воробьев Носкова";"Малый бизнес"
3387;"Зыкова Лтд";"Средний бизнес"
3388;"НПО Доронина, Макаров и Ковалев";"Средний бизнес"
3389;"РКК Энергия";"Малый бизнес"
3390;"ЗАО Дьячков, Шарапова и Фомичев";"Малый бизнес"
3391;"ОАО Пономарева Дьячкова";"Средний бизнес"
3392;"АО Шубин-Трофимов";"Малый бизнес"
3393;"НПО Гурьев Максимов";"Средний бизнес"
3394;"РАО Журавлева, Щукина и Евсеева";"Средний бизнес"
3395;"НПО Цветков, Васильев и Суворов";"Средний бизнес"
3396;"ЗАО Турова Шарова";"Средний бизнес"
3397;"Назаров Лтд";"Малый бизнес"
3398;"РАО Карпова";"Средний бизнес"
3399;"Фомичев Инкорпорэйтед";"Средний бизнес"
3400;"ОАО Шубин-Петухов";"Малый бизнес"
3401;"АО Кабанов, Исаева и Суханова";"Средний бизнес"
3402;"ОАО Григорьева-Яковлев";"Малый бизнес"
3403;"ИП Виноградова-Суханов";"Средний бизнес"
3404;"АО Комиссарова-Шилова";"Средний бизнес"
3405;"НПО Александрова Рожков";"Средний бизнес"
3406;"Компания Луис Дрейфус Восток (Louis Dreyfus)";"Средний бизнес"
3407;"Ферронордик машины (Ferronordic)";"Средний бизнес"
3408;"ИП Мамонтов, Карпов и Доронина";"Средний бизнес"
3409;"ОАО Пономарева";"Средний бизнес"
3410;"Акционерный банк Россия";"Малый бизнес"
3411;"Щукин Инк";"Малый бизнес"
3412;"Группа Магнезит";"Средний бизнес"
3413;"Лаврентьев Лтд";"Средний бизнес"
3414;"ЗАО Агафонов-Филиппова";"Средний бизнес"
3415;"РАО Денисов, Тетерина и Мартынов";"Средний бизнес"
3416;"ООО Филиппова, Никонова и Савин";"Малый бизнес"
3417;"Савельев Лимитед";"Малый бизнес"
3418;"Осипов Лтд";"Средний бизнес"
3419;"Сидорова Инк";"Малый бизнес"
3420;"АО Воробьева Мясников";"Средний бизнес"
3421;"НПО Молчанова";"Средний бизнес"
3422;"РАО Блинова";"Средний бизнес"
3423;"ООО Харитонова-Архипов";"Средний бизнес"
3424;"Кириллов Инкорпорэйтед";"Малый бизнес"
3425;"Дж.Т.И. Россия (JTI)";"Малый бизнес"
3426;"Пахомов Лтд";"Малый бизнес"
3427;"РАО Афанасьева Субботин";"Малый бизнес"
3428;"Денцу Эйджис Си Эс (Dentsu)";"Малый бизнес"
3429;"НПО Жукова-Елисеева";"Малый бизнес"
3430;"РАО Гордеева-Устинова";"Средний бизнес"
3431;"Мамонтов и партнеры";"Средний бизнес"
3432;"ЗАО Журавлев, Белозеров и Уварова";"Средний бизнес"
3433;"ИП Гусева-Шилова";"Малый бизнес"
3434;"Технониколь";"Средний бизнес"
3435;"Королева Лимитед";"Средний бизнес"
3436;"АО Евсеева";"Средний бизнес"
3437;"Дроздова Инкорпорэйтед";"Малый бизнес"
3438;"ОАО Чернов, Дмитриев и Рогова";"Малый бизнес"
3439;"НПК Объединенная вагонная компания";"Средний бизнес"
3440;"АО Васильева Зуева";"Средний бизнес"
3441;"ЗАО Бирюкова, Попов и Тарасов";"Средний бизнес"
3442;"UCL Holding";"Малый бизнес"
3443;"РАО Лобанова, Кулаков и Данилова";"Малый бизнес"
3444;"АО Пестова, Капустин и Коновалова";"Средний бизнес"
3445;"ООО Белоусова, Красильникова и Самсонова";"Малый бизнес"
3446;"НПО Рожков";"Средний бизнес"
3447;"НПО Маслова-Шестакова";"Средний бизнес"
3448;"ИП Силин, Стрелков и Зайцев";"Средний бизнес"
3449;"СТД Петрович";"Средний бизнес"
3450;"АО Белозеров Родионов";"Малый бизнес"
3451;"ООО Силина-Поляков";"Средний бизнес"
3452;"ООО Жуков, Крылова и Сазонова";"Средний бизнес"
3453;"ОАО Самсонов-Давыдова";"Средний бизнес"
3454;"НОВАТЭК";"Малый бизнес"
3455;"АО Соловьев";"Малый бизнес"
3456;"РАО Филиппов";"Средний бизнес"
3457;"НПО Зимина-Игнатов";"Средний бизнес"
3458;"РАО Дмитриев Мамонтова";"Средний бизнес"
3459;"ОАО Андреев-Жукова";"Малый бизнес"
3460;"ЗАО Степанова Ширяева";"Средний бизнес"
3461;"ООО Ермаков, Веселова и Калашников";"Малый бизнес"
3462;"НПО Блохин-Куликов";"Малый бизнес"
3463;"Лаврентьев Инк";"Малый бизнес"
3464;"Исаков Групп";"Средний бизнес"
3465;"Энел Россия";"Средний бизнес"
3466;"НПО Юдин";"Средний бизнес"
3467;"Рено Россия (Renault)";"Малый бизнес"
3468;"ЗАО Селезнева, Агафонов и Карпова";"Средний бизнес"
3469;"РАО Гусев, Стрелкова и Давыдов";"Средний бизнес"
3470;"Архипов Инкорпорэйтед";"Малый бизнес"
3471;"ОАО Селиверстов Попова";"Малый бизнес"
3472;"Каргилл (Cargill)";"Малый бизнес"
3473;"АО Шашкова Копылов";"Малый бизнес"
3474;"Великолукский мясокомбинат";"Малый бизнес"
3475;"ЗАО Данилов, Алексеев и Блинова";"Малый бизнес"
3476;"ИП Трофимов Абрамов";"Малый бизнес"
3477;"Евсеев Лтд";"Средний бизнес"
3478;"НПО Миронова, Фролова и Фадеев";"Малый бизнес"
3479;"ЗАО Савельева Нестеров";"Малый бизнес"
3480;"Овчинников Инкорпорэйтед";"Малый бизнес"
3481;"АО Лобанова-Щербаков";"Малый бизнес"
3482;"ОАО Дементьев-Сергеева";"Средний бизнес"
3483;"Верный";"Средний бизнес"
3484;"АО Дроздова Журавлев";"Малый бизнес"
3485;"РАО Кудрявцев-Селезнева";"Средний бизнес"
3486;"Лебедев Лтд";"Средний бизнес"
3487;"Соболева и партнеры";"Средний бизнес"
3488;"ОТП Банк";"Малый бизнес"
3489;"ООО Доронина-Лихачев";"Малый бизнес"
3490;"НПО Никонова-Крылова";"Средний бизнес"
3491;"Энергосбытовая компания Восток";"Средний бизнес"
3492;"ОАО Комиссаров-Савельева";"Малый бизнес"
3493;"ОАО Фомичев, Логинов и Ковалев";"Малый бизнес"
3494;"ЗАО Симонов";"Малый бизнес"
3495;"РАО Афанасьев, Алексеев и Авдеева";"Малый бизнес"
3496;"НПО Устинов Архипов";"Средний бизнес"
3497;"Новиков Лимитед";"Малый бизнес"
3498;"Отисифарм";"Средний бизнес"
3499;"ОАО Самсонова Мишин";"Средний бизнес"
3500;"ООО Попов Федоров";"Малый бизнес"
3501;"ООО Лихачева";"Малый бизнес"
3502;"Красильникова Групп";"Малый бизнес"
3503;"Зыков Инкорпорэйтед";"Малый бизнес"
3504;"ООО Брагин";"Малый бизнес"
3505;"РАО Зайцева";"Малый бизнес"
3506;"ООО Богданов Комиссаров";"Средний бизнес"
3507;"Яндекс";"Малый бизнес"
3508;"НПО Уварова";"Средний бизнес"
3509;"ООО Федотова, Архипов и Анисимов";"Малый бизнес"
3510;"Мишин и партнеры";"Малый бизнес"
3511;"АО Козлова-Марков";"Средний бизнес"
3512;"НПО Харитонова";"Малый бизнес"
3513;"Зуева Инкорпорэйтед";"Средний бизнес"
3514;"Юнипро (Uniper)";"Малый бизнес"
3515;"ТОАЗ";"Средний бизнес"
3516;"АО Ситников-Кулакова";"Малый бизнес"
3517;"НПО Бурова";"Малый бизнес"
3518;"Фомин Лимитед";"Средний бизнес"
3519;"РАО Яковлев, Осипова и Овчинникова";"Малый бизнес"
3520;"ЗАО Казакова Карпов";"Малый бизнес"
3521;"ИП Князев Жданов";"Средний бизнес"
3522;"ИП Александров";"Малый бизнес"
3523;"ТМК Чермет";"Малый бизнес"
3524;"АО Архипов, Носков и Попова";"Малый бизнес"
3525;"ОАО Тимофеева Муравьев";"Средний бизнес"
3526;"Гуляев Лимитед";"Средний бизнес"
3527;"РАО Костин-Молчанов";"Малый бизнес"
3528;"АО Носова Пономарева";"Малый бизнес"
3529;"РАО Комаров-Захаров";"Малый бизнес"
3530;"ООО Поляков-Суворова";"Средний бизнес"
3531;"ООО Никонов";"Средний бизнес"
3532;"Импэкснефтехим";"Малый бизнес"
3533;"ООО Орехов";"Малый бизнес"
3534;"Давыдова Лтд";"Малый бизнес"
3535;"АО Гордеев Гущин";"Средний бизнес"
3536;"Исаков Лимитед";"Средний бизнес"
3537;"ЗАО Селезнев, Зайцев и Тарасова";"Средний бизнес"
3538;"РАО Белоусова-Шашков";"Малый бизнес"
3539;"РАО Кудрявцева, Комиссарова и Ларионова";"Средний бизнес"
3540;"РАО Селезнева-Федоров";"Малый бизнес"
3541;"ООО Щербаков, Максимов и Белозерова";"Малый бизнес"
3542;"ИП Смирнов Кулаков";"Средний бизнес"
3543;"АО Антонова Новикова";"Средний бизнес"
3544;"РАО Ефремова";"Малый бизнес"
3545;"ФСК Лидер";"Средний бизнес"
3546;"ООО Трофимов Кошелев";"Средний бизнес"
3547;"Газпромбанк";"Средний бизнес"
3548;"Мясников Лимитед";"Средний бизнес"
3549;"Газпромбанк";"Малый бизнес"
3550;"РАО Стрелков-Ермакова";"Малый бизнес"
3551;"АО Калашникова-Якушева";"Малый бизнес"
3552;"НПО Нестерова, Орлов и Гордеева";"Средний бизнес"
3553;"Объединенные кондитеры";"Средний бизнес"
3554;"РАО Матвеева-Кулагин";"Малый бизнес"
3555;"Ефимов Инк";"Средний бизнес"
3556;"ООО Силин";"Малый бизнес"
3557;"ОАО Панов-Беляев";"Средний бизнес"
3558;"ЗАО Артемьева Мартынова";"Средний бизнес"
3559;"Борисов Инкорпорэйтед";"Средний бизнес"
3560;"Катрен";"Малый бизнес"
3561;"ИП Крылова, Лобанова и Субботин";"Малый бизнес"
3562;"ЗАО Пестова";"Средний бизнес"
3563;"РАО Селиверстова";"Малый бизнес"
3564;"НПО Костина Миронов";"Малый бизнес"
3565;"РАО Зиновьев";"Малый бизнес"
3566;"НПО Колобов";"Малый бизнес"
3567;"ИП Степанов Казакова";"Малый бизнес"
3568;"ЗАО Харитонов-Коновалов";"Малый бизнес"
3569;"Герасимова Лимитед";"Малый бизнес"
3570;"Росморпорт";"Малый бизнес"
3571;"ИП Шестаков";"Средний бизнес"
3572;"ИП Родионова Ершова";"Малый бизнес"
3573;"ООО Голубев Беляков";"Средний бизнес"
3574;"НПО Овчинников-Орлов";"Средний бизнес"
3575;"Громова Инкорпорэйтед";"Малый бизнес"
3576;"ОАО Блохин Уваров";"Средний бизнес"
3577;"Ершов Групп";"Средний бизнес"
3578;"Ренейссанс Хэви Индастрис Ronesans Endustri";"Средний бизнес"
3579;"Никитина Инкорпорэйтед";"Малый бизнес"
3580;"НПО Петухова, Агафонов и Молчанова";"Малый бизнес"
3581;"РАО Родионова-Денисов";"Средний бизнес"
3582;"ООО Соколов";"Средний бизнес"
3583;"Компания Трасса";"Малый бизнес"
3584;"НПО Кононов Никифорова";"Малый бизнес"
3585;"ИП Исаев-Тихонова";"Средний бизнес"
3586;"Верисел-трейдинг";"Средний бизнес"
3587;"ИП Тихонова Трофимов";"Средний бизнес"
3588;"АО Осипова";"Средний бизнес"
3589;"ОАО Александров-Кондратьева";"Малый бизнес"
3590;"РАО Лихачев, Давыдов и Антонова";"Средний бизнес"
3591;"РАО Денисова, Фомичев и Аксенов";"Средний бизнес"
3592;"ООО Новикова Филиппов";"Малый бизнес"
3593;"РАО Стрелкова-Коновалов";"Средний бизнес"
3594;"Рожкова и партнеры";"Средний бизнес"
3595;"ЗАО Логинов, Михайлов и Калашников";"Средний бизнес"
3596;"ЗАО Соболева-Хохлов";"Средний бизнес"
3597;"ГК Мегаполис";"Средний бизнес"
3598;"ОАО Ермаков, Горбунов и Колесникова";"Малый бизнес"
3599;"ОАО Мишина-Ларионова";"Средний бизнес"
3600;"Арконик СМЗ";"Средний бизнес"
3601;"Алексеева Лимитед";"Малый бизнес"
3602;"ИП Колобов-Сазонов";"Малый бизнес"
3603;"Быкова Инкорпорэйтед";"Малый бизнес"
3604;"РАО Некрасов-Калинин";"Малый бизнес"
3605;"ИП Федоров";"Малый бизнес"
3606;"ИП Пахомова";"Средний бизнес"
3607;"ОАО Ситникова, Карпова и Блохин";"Малый бизнес"
3608;"Мазда Соллерс Мануфэкчуринг Рус";"Средний бизнес"
3609;"АО Буров, Кулагина и Капустина";"Средний бизнес"
3610;"РАО Филиппов";"Средний бизнес"
3611;"Давыдова Инкорпорэйтед";"Малый бизнес"
3612;"ОАО Зыкова, Зиновьева и Марков";"Малый бизнес"
3613;"НПО Мельникова-Мясников";"Средний бизнес"
3614;"РАО Баранов, Якушева и Веселова";"Средний бизнес"
3615;"Шестаков Лимитед";"Малый бизнес"
3616;"ЗАО Рогов";"Средний бизнес"
3617;"ИП Игнатьева Чернов";"Малый бизнес"
3618;"Михеев Инк";"Малый бизнес"
3619;"НПО Иванов";"Средний бизнес"
3620;"РАО Гордеев-Корнилов";"Средний бизнес"
3621;"РАО Федосеева Андреев";"Малый бизнес"
3622;"РАО Сергеев Морозова";"Малый бизнес"
3623;"ООО Шилова, Лебедев и Фадеев";"Средний бизнес"
3624;"НПО Новикова Зимин";"Средний бизнес"
3705;"ИП Наумов-Дьячков";"Малый бизнес"
3625;"АО Брагина-Кононова";"Средний бизнес"
3626;"ИП Пестова, Селезнева и Горбачев";"Средний бизнес"
3627;"Кондратьев Инк";"Малый бизнес"
3628;"НПО Евсеева-Крылов";"Средний бизнес"
3629;"Денцу Эйджис Си Эс (Dentsu)";"Малый бизнес"
3630;"Большакова и партнеры";"Малый бизнес"
3631;"ЗАО Смирнова, Кабанов и Ковалев";"Средний бизнес"
3632;"ИП Тихонов, Орехова и Игнатова";"Средний бизнес"
3633;"РАО Мартынов, Федотов и Гордеева";"Средний бизнес"
3634;"НПО Блохина, Кузнецов и Шестаков";"Малый бизнес"
3635;"Крылова Лтд";"Средний бизнес"
3636;"ОАО Ефимова Борисова";"Средний бизнес"
3637;"Гуляева Групп";"Малый бизнес"
3638;"Копылова Инк";"Малый бизнес"
3639;"ОАО Морозова";"Средний бизнес"
3640;"РАО Егоров, Воробьев и Тарасова";"Средний бизнес"
3641;"ИП Кондратьева-Богданов";"Средний бизнес"
3642;"ОАО Киселева, Комиссарова и Гаврилова";"Малый бизнес"
3643;"ИП Бобров";"Средний бизнес"
3644;"ООО Панфилова-Никонова";"Средний бизнес"
3645;"АО Мухин";"Малый бизнес"
3646;"РАО Исаков Антонова";"Средний бизнес"
3647;"НПО Меркушева, Афанасьева и Емельянов";"Малый бизнес"
3648;"Railgo";"Малый бизнес"
3649;"РАО Сергеева, Борисова и Громов";"Средний бизнес"
3650;"РАО Буров";"Малый бизнес"
3651;"Группа Агат";"Малый бизнес"
3652;"ИП Савельев, Игнатова и Копылова";"Средний бизнес"
3653;"ОАО Мухин";"Средний бизнес"
3654;"АО Абрамов";"Малый бизнес"
3655;"ООО Котов-Мельникова";"Малый бизнес"
3656;"ЗАО Назарова";"Малый бизнес"
3657;"АО Русакова Панов";"Малый бизнес"
3658;"ОАО Макарова Пономарева";"Средний бизнес"
3659;"РАО Русакова Герасимов";"Малый бизнес"
3660;"ООО Николаев-Быков";"Малый бизнес"
3661;"Колобова Инк";"Малый бизнес"
3662;"АО Комаров, Лыткина и Зайцева";"Малый бизнес"
3663;"РАО Суханов, Морозов и Павлов";"Малый бизнес"
3664;"АО Терентьева Пестов";"Средний бизнес"
3665;"АО Кондратьев-Васильева";"Средний бизнес"
3666;"АО Авдеев";"Средний бизнес"
3667;"ОАО Молчанов-Куликова";"Малый бизнес"
3668;"Давыдов Лимитед";"Малый бизнес"
3669;"Орлов и партнеры";"Малый бизнес"
3670;"АО Потапова Соколов";"Малый бизнес"
3671;"Самсонова Групп";"Средний бизнес"
3672;"РАО Шарапова";"Малый бизнес"
3673;"ООО Ефимова-Трофимов";"Средний бизнес"
3674;"ЗАО Тетерина-Ширяева";"Средний бизнес"
3675;"ЗАО Борисов, Селиверстова и Фомичев";"Малый бизнес"
3676;"РАО Кулакова Исаков";"Малый бизнес"
3677;"Кудрявцева Лтд";"Средний бизнес"
3678;"Деловые линии";"Малый бизнес"
3679;"НПО Рожков-Власова";"Средний бизнес"
3680;"ООО Тарасов, Сидоров и Козлова";"Средний бизнес"
3681;"РАО Яковлева, Владимиров и Шестакова";"Средний бизнес"
3682;"АО Крылов";"Малый бизнес"
3683;"Шелл Нефть (Shell)";"Средний бизнес"
3684;"ООО Лихачева";"Средний бизнес"
3685;"Первый завод";"Малый бизнес"
3686;"ПК Балтика (Carlsbergfondet)";"Средний бизнес"
3687;"ООО Третьякова-Шарапов";"Малый бизнес"
3688;"ОАО Брагин Комаров";"Средний бизнес"
3689;"АО Королева, Прохорова и Афанасьева";"Средний бизнес"
3690;"Крылов и партнеры";"Средний бизнес"
3691;"РАО Титова-Савина";"Средний бизнес"
3692;"ООО Воробьева, Кудрявцева и Мельникова";"Средний бизнес"
3693;"Красцветмет";"Малый бизнес"
3694;"ООО Ларионова, Уварова и Сидоров";"Малый бизнес"
3695;"РАО Агафонов-Родионова";"Средний бизнес"
3696;"ГК Эталон";"Малый бизнес"
3697;"РАО Васильев Орехова";"Средний бизнес"
3698;"ТД Риф";"Малый бизнес"
3699;"РТИ";"Малый бизнес"
3700;"Промышленно-металлургический холдинг";"Средний бизнес"
3701;"Новосталь";"Малый бизнес"
3702;"РАО Нестеров";"Средний бизнес"
3703;"Логинова Инкорпорэйтед";"Средний бизнес"
3704;"РАО Поляков";"Малый бизнес"
3706;"Уральский банк реконструкции и развития";"Малый бизнес"
3707;"Николаева Инкорпорэйтед";"Средний бизнес"
3708;"Сергеева Лимитед";"Малый бизнес"
3709;"ОАО Анисимов";"Средний бизнес"
3710;"Ефимов Лимитед";"Средний бизнес"
3711;"АО Воробьева-Морозов";"Средний бизнес"
3712;"Смирнова Инк";"Малый бизнес"
3713;"ИП Лихачева-Михеева";"Средний бизнес"
3714;"ЗАО Агафонова Кононов";"Малый бизнес"
3715;"ОАО Алексеев, Жданов и Бобылев";"Средний бизнес"
3716;"ОАО Селиверстов-Антонов";"Малый бизнес"
3717;"АО Ситникова-Кабанов";"Малый бизнес"
3718;"ЗАО Сафонов, Капустин и Смирнова";"Средний бизнес"
3719;"РЕ Трэйдинг (LPP)";"Малый бизнес"
3720;"Ершов Групп";"Малый бизнес"
3721;"Доронин Лимитед";"Средний бизнес"
3722;"ОАО Гришина Мельников";"Малый бизнес"
3723;"ЛокоТех";"Средний бизнес"
3724;"Максимов Лимитед";"Малый бизнес"
3725;"АО Казаков, Некрасова и Моисеев";"Малый бизнес"
3726;"АО Орехов-Лихачев";"Средний бизнес"
3727;"АО Петухова-Сорокина";"Малый бизнес"
3728;"ЗАО Одинцов, Дорофеева и Кабанова";"Средний бизнес"
3729;"ООО Селезнева Панова";"Средний бизнес"
3730;"ООО Горбунов, Большаков и Ершова";"Средний бизнес"
3731;"РАО Силина Горбунова";"Средний бизнес"
3732;"Филиппов и партнеры";"Средний бизнес"
3733;"НПО Смирнов Ершова";"Малый бизнес"
3734;"РАО Игнатьев-Кириллова";"Средний бизнес"
3735;"ИП Смирнова Лапин";"Малый бизнес"
3736;"ЗАО Вишняков Макаров";"Малый бизнес"
3737;"Новосталь";"Малый бизнес"
3738;"Куликова Групп";"Средний бизнес"
3739;"ЗАО Шубин, Бобров и Стрелков";"Средний бизнес"
3740;"РАО Лукина";"Средний бизнес"
3741;"РАО Данилов, Трофимов и Суханов";"Малый бизнес"
3742;"ЗАО Князев-Туров";"Малый бизнес"
3743;"НПО Носов-Исаев";"Малый бизнес"
3744;"Смирнов Лимитед";"Малый бизнес"
3745;"Татэнерго";"Малый бизнес"
3746;"ЭС";"Малый бизнес"
3747;"РАО Носкова, Суворова и Михеева";"Средний бизнес"
3748;"Метафракс";"Малый бизнес"
3749;"АО Тихонов Горшкова";"Средний бизнес"
3750;"СНПХ";"Малый бизнес"
3751;"ООО Матвеев-Мамонтов";"Средний бизнес"
3752;"Hoff (Домашний интерьер)";"Средний бизнес"
3753;"ОАО Доронин";"Малый бизнес"
3754;"Лапина и партнеры";"Средний бизнес"
3755;"РАО Терентьев-Воронова";"Малый бизнес"
3756;"РАО Ефимов, Никифоров и Тарасов";"Малый бизнес"
3757;"Рогов и партнеры";"Малый бизнес"
3758;"НПО Тихонов-Фокина";"Средний бизнес"
3759;"Рожков и партнеры";"Средний бизнес"
3760;"АО Комиссаров Зыкова";"Средний бизнес"
3761;"Лапин Инк";"Малый бизнес"
3762;"Павлов Инкорпорэйтед";"Средний бизнес"
3763;"РАО Никифорова-Тетерина";"Средний бизнес"
3764;"Фомичев Лимитед";"Средний бизнес"
3765;"АО Калашников Кабанова";"Средний бизнес"
3766;"Металлоторг";"Средний бизнес"
3767;"ОАО Горбунов Алексеев";"Средний бизнес"
3768;"РАО Куликов Макаров";"Малый бизнес"
3769;"ИП Потапова-Ширяев";"Средний бизнес"
3770;"Марвел КТ";"Малый бизнес"
3771;"Национальная нерудная компания";"Средний бизнес"
3772;"Эссити (Essity)";"Средний бизнес"
3773;"ЗАО Горбунов, Молчанов и Сысоев";"Средний бизнес"
3774;"Railgo";"Малый бизнес"
3775;"ИП Петухова, Игнатьева и Александров";"Средний бизнес"
3776;"ООО Ширяева, Макарова и Носов";"Малый бизнес"
3777;"ОАО Гордеев Петров";"Средний бизнес"
3778;"ОАО Герасимов";"Средний бизнес"
3779;"Александрова Лтд";"Малый бизнес"
3780;"ЗАО Беляев, Якушева и Сафонова";"Малый бизнес"
3781;"ЗАО Николаев, Герасимова и Ершова";"Малый бизнес"
3782;"Группа Илим";"Малый бизнес"
3783;"Наумов Лтд";"Средний бизнес"
3784;"Монди СЛПК (Mondi)";"Средний бизнес"
3785;"ООО Зиновьева-Соколов";"Средний бизнес"
3786;"ЗАО Дьячкова";"Малый бизнес"
3787;"НПО Логинов Королев";"Малый бизнес"
3788;"Новороссийский морской торговый порт";"Средний бизнес"
3789;"ЗАО Тихонова";"Малый бизнес"
3790;"ООО Панфилова-Харитонова";"Малый бизнес"
3791;"ОАО Копылова-Громова";"Средний бизнес"
3792;"ОМК";"Малый бизнес"
3793;"ИП Ефремова";"Малый бизнес"
3794;"ТГК-16";"Малый бизнес"
3795;"ИП Зайцев Максимова";"Малый бизнес"
3796;"НПО Виноградова-Трофимов";"Малый бизнес"
3797;"СК Росгосстрах";"Средний бизнес"
3798;"ИП Лыткина Максимов";"Средний бизнес"
3799;"ООО Васильева";"Средний бизнес"
3800;"АО Агафонов";"Малый бизнес"
3801;"АО Иванова, Корнилов и Миронов";"Малый бизнес"
3802;"НПО Пахомова Корнилова";"Малый бизнес"
3803;"АО Жданова, Селиверстова и Петров";"Средний бизнес"
3804;"ЗАО Ильина Гурьева";"Средний бизнес"
3805;"ЗАО Голубев, Авдеева и Ермакова";"Средний бизнес"
3806;"Костин Лимитед";"Малый бизнес"
3807;"Мерседес-Бенц Рус (Mercedes-Benz)";"Малый бизнес"
3808;"Агросила Групп";"Средний бизнес"
3809;"Фомичева и партнеры";"Малый бизнес"
3810;"Мосгортранс";"Средний бизнес"
3811;"ОАО Новиков Кулаков";"Средний бизнес"
3812;"ЗАО Белоусов-Корнилов";"Малый бизнес"
3813;"ООО Пахомова-Соболев";"Средний бизнес"
3814;"ЗАО Дроздов, Копылова и Рыбакова";"Малый бизнес"
3815;"РАО Лазарев";"Средний бизнес"
3816;"Колобова Лимитед";"Средний бизнес"
3817;"ОАО Герасимова Галкина";"Средний бизнес"
3818;"Астеллас Фарма";"Средний бизнес"
3819;"ИП Турова-Белозеров";"Средний бизнес"
3820;"АО Миронова Калашников";"Малый бизнес"
3821;"ИП Соболева";"Средний бизнес"
3822;"ОАО Кошелева-Матвеев";"Малый бизнес"
3823;"РАО Кошелев, Воробьев и Калашников";"Средний бизнес"
3824;"ООО Игнатьева Соколов";"Малый бизнес"
3825;"ОАО Белоусов Ершова";"Средний бизнес"
3826;"DDS";"Средний бизнес"
3827;"ИП Гурьева-Крылова";"Средний бизнес"
3828;"ООО Бобылева Мельникова";"Малый бизнес"
3829;"НПО Бобылев-Бобылев";"Средний бизнес"
3830;"Русагро";"Средний бизнес"
3831;"Технониколь";"Средний бизнес"
3832;"ИП Лобанова Макаров";"Малый бизнес"
3833;"ОАО Матвеев, Ковалева и Гущина";"Средний бизнес"
3834;"АО Исаева Щукин";"Средний бизнес"
3835;"ОАО Сергеева, Орехова и Алексеев";"Малый бизнес"
3836;"ИП Агафонов-Фомин";"Средний бизнес"
3837;"ЗАО Родионов Герасимов";"Малый бизнес"
3838;"Титов Лимитед";"Малый бизнес"
3839;"Сазонов Лтд";"Малый бизнес"
3840;"ЗАО Герасимова";"Малый бизнес"
3841;"ООО Михайлов, Коновалов и Гордеева";"Средний бизнес"
3842;"ЗАО Киселева-Жданов";"Малый бизнес"
3843;"ИП Евсеева";"Малый бизнес"
3844;"ОАО Тихонова, Турова и Попова";"Средний бизнес"
3845;"АО Гришин Ларионов";"Малый бизнес"
3846;"ЗАО Кулагина, Воронцова и Фадеева";"Малый бизнес"
3847;"ИП Лукина Евдокимова";"Средний бизнес"
3848;"Блохина Лтд";"Малый бизнес"
3849;"ЗАО Харитонова, Андреева и Абрамова";"Малый бизнес"
3850;"171 Меридиан";"Малый бизнес"
3851;"ООО Титова";"Средний бизнес"
3852;"ИП Игнатьева-Ершов";"Малый бизнес"
3853;"Герасимов и партнеры";"Малый бизнес"
3854;"РАО Петухова, Гурьев и Рогова";"Средний бизнес"
3855;"ООО Вишнякова-Архипова";"Средний бизнес"
3856;"ИП Романов, Щербаков и Герасимов";"Средний бизнес"
3857;"АО Шашкова Федоров";"Средний бизнес"
3858;"РАО Осипова Тихонова";"Средний бизнес"
3859;"ОАО Емельянов, Бирюков и Сафонова";"Средний бизнес"
3860;"ИП Алексеев Панова";"Малый бизнес"
3861;"Банк Ак Барс";"Малый бизнес"
3862;"ЗАО Красильников Тарасова";"Средний бизнес"
3863;"ООО Филиппов, Потапов и Евсеев";"Средний бизнес"
3864;"ИП Белякова";"Малый бизнес"
3865;"ИП Веселов";"Средний бизнес"
3866;"QIWI";"Малый бизнес"
3868;"РАО Воронцова";"Малый бизнес"
3869;"Самсонова Инкорпорэйтед";"Малый бизнес"
3870;"АО Карпов";"Средний бизнес"
3871;"Фаберлик";"Средний бизнес"
3872;"ООО Панов";"Малый бизнес"
3873;"РАО Жукова Зыкова";"Средний бизнес"
3874;"РАО Голубев-Фомичев";"Средний бизнес"
3875;"ООО Русакова, Миронова и Голубева";"Малый бизнес"
3876;"АО Кулаков, Прохоров и Борисов";"Средний бизнес"
3877;"Новартис Фарма (Novartis)";"Малый бизнес"
3878;"РАО Федосеев";"Средний бизнес"
3879;"РэйлАльянс";"Средний бизнес"
3880;"ООО Орлов-Капустина";"Малый бизнес"
3881;"Кулаков Инкорпорэйтед";"Средний бизнес"
3882;"Ширяев и партнеры";"Средний бизнес"
3883;"АО Лебедева";"Малый бизнес"
3884;"РАО Потапов";"Средний бизнес"
3885;"ЗАО Новиков";"Малый бизнес"
3886;"ООО Колесников, Мухин и Кудряшова";"Малый бизнес"
3887;"ООО Виноградова";"Малый бизнес"
3888;"Агентство по страхованию вкладов (АСВ)";"Средний бизнес"
3889;"ОАО Бобров, Абрамова и Ковалева";"Средний бизнес"
3890;"АО Субботина Трофимова";"Средний бизнес"
3891;"Ланит";"Малый бизнес"
3892;"РАО Рыбаков-Иванов";"Средний бизнес"
3893;"Куликов Инкорпорэйтед";"Средний бизнес"
3894;"ЗАО Селиверстова-Яковлева";"Средний бизнес"
3895;"ООО Воронова, Юдин и Меркушев";"Малый бизнес"
3896;"ООО Анисимова-Рябова";"Средний бизнес"
3897;"Карпова Лтд";"Малый бизнес"
3898;"Сибур Холдинг";"Средний бизнес"
3899;"СК Росгосстрах";"Средний бизнес"
3900;"ИП Филиппова, Михайлова и Галкина";"Средний бизнес"
3901;"ООО Мамонтов";"Средний бизнес"
3902;"ИП Иванов-Иванов";"Малый бизнес"
3903;"НПО Шестакова, Фадеева и Вишняков";"Малый бизнес"
3904;"НПО Самойлов Тимофеев";"Средний бизнес"
3905;"ООО Емельянов Калашников";"Малый бизнес"
3906;"ОАО Белозеров";"Средний бизнес"
3907;"ОАО Васильева-Семенов";"Малый бизнес"
3908;"ООО Силина Панфилов";"Малый бизнес"
3909;"Щукин Лтд";"Средний бизнес"
3910;"НПО Некрасова, Ильин и Корнилова";"Средний бизнес"
3911;"ИП Фролова";"Средний бизнес"
3912;"НПО Доронин-Калинина";"Малый бизнес"
3913;"ИП Селезнева, Никифорова и Сафонов";"Малый бизнес"
3914;"ЗАО Меркушева, Зыков и Зимин";"Средний бизнес"
3915;"АО Кондратьева, Беспалов и Крылова";"Малый бизнес"
3916;"Савина Лтд";"Средний бизнес"
3917;"Армтек";"Средний бизнес"
3918;"ООО Тихонова";"Средний бизнес"
3919;"Максимова Групп";"Средний бизнес"
3920;"РАО Давыдов";"Средний бизнес"
3921;"ИП Михайлова";"Малый бизнес"
3922;"НПО Лаврентьева Костина";"Малый бизнес"
3923;"ЗАО Павлова, Мамонтов и Суворов";"Средний бизнес"
3924;"ООО Герасимов";"Средний бизнес"
3925;"ОАО Маслова Кононов";"Малый бизнес"
3926;"РусВинил";"Средний бизнес"
3927;"АО Алексеев Игнатов";"Малый бизнес"
3928;"НПО Кулаков, Тарасова и Цветкова";"Средний бизнес"
3929;"АО Якушева, Лихачев и Давыдов";"Средний бизнес"
3930;"Борисов Лтд";"Малый бизнес"
3931;"Продимекс-Холдинг";"Малый бизнес"
3932;"Росморпорт";"Средний бизнес"
3933;"ОАО Назаров";"Средний бизнес"
3934;"Росатом";"Малый бизнес"
3935;"НПО Королев-Козлов";"Малый бизнес"
3936;"ОАО Калинина";"Средний бизнес"
3937;"ЗАО Ширяева-Капустин";"Средний бизнес"
3938;"Фортум (Fortum)";"Средний бизнес"
3939;"Буров Инкорпорэйтед";"Малый бизнес"
3940;"Якушева и партнеры";"Средний бизнес"
3941;"Данилова Инкорпорэйтед";"Малый бизнес"
3942;"АО Тетерина Рыбаков";"Малый бизнес"
3943;"ИП Гурьева Стрелков";"Малый бизнес"
3944;"ЗАО Кузнецов, Пахомов и Анисимова";"Средний бизнес"
3945;"НПО Белозеров Соболева";"Средний бизнес"
3946;"Норникель";"Малый бизнес"
3947;"АО Воронов Мишин";"Малый бизнес"
3948;"ООО Федотова-Юдина";"Малый бизнес"
3949;"ООО Лапин Брагина";"Малый бизнес"
3950;"ЗАО Антонов Белов";"Средний бизнес"
3951;"ООО Ермакова";"Средний бизнес"
3952;"НПО Ильин Мамонтова";"Малый бизнес"
3953;"ООО Лебедев, Фролов и Прохорова";"Средний бизнес"
3954;"Павлова и партнеры";"Малый бизнес"
3955;"Большакова Инкорпорэйтед";"Средний бизнес"
3956;"ОАО Мельников Панова";"Малый бизнес"
3957;"НПО Владимирова, Белякова и Гордеева";"Средний бизнес"
3958;"РАО Дроздов";"Малый бизнес"
3959;"Монетка";"Средний бизнес"
3960;"ЗАО Савина Кононова";"Средний бизнес"
3961;"ОАО Фролова";"Малый бизнес"
3962;"Поляков Лимитед";"Малый бизнес"
3963;"ООО Галкина-Журавлева";"Средний бизнес"
3964;"РАО Давыдов, Беспалов и Пономарева";"Малый бизнес"
3965;"РАО Капустина";"Малый бизнес"
3966;"АО Доронин, Куликова и Емельянов";"Средний бизнес"
3967;"ОАО Кондратьева-Давыдова";"Малый бизнес"
3968;"Петербургский метрополитен";"Средний бизнес"
3969;"НПО Евдокимов Быкова";"Средний бизнес"
3970;"РАО Аксенова-Дементьева";"Средний бизнес"
3971;"АО Хохлов, Захарова и Сысоев";"Малый бизнес"
3972;"ЗАО Белов, Кондратьев и Колесников";"Средний бизнес"
3973;"РАО Андреев";"Малый бизнес"
3974;"НПО Константинов, Сафонова и Воронова";"Малый бизнес"
3975;"Отисифарм";"Малый бизнес"
3976;"ЗАО Устинов-Артемьева";"Средний бизнес"
3977;"НПО Корнилова, Орехова и Шестаков";"Средний бизнес"
3978;"НПО Абрамов-Ильина";"Малый бизнес"
3979;"Игнатьев Лимитед";"Средний бизнес"
3980;"ОАО Пахомов-Логинова";"Средний бизнес"
3981;"Бобылев Инкорпорэйтед";"Малый бизнес"
3982;"Брагин Лтд";"Малый бизнес"
3983;"ИП Носов, Матвеева и Захарова";"Средний бизнес"
3984;"ЗАО Харитонова, Сергеева и Моисеев";"Малый бизнес"
3985;"Крюкова Лимитед";"Средний бизнес"
3986;"Тетерин Инкорпорэйтед";"Малый бизнес"
3987;"Мираторг";"Средний бизнес"
3988;"ИП Рыбакова, Гришина и Гордеев";"Малый бизнес"
3989;"ОАО Одинцова Маркова";"Малый бизнес"
3990;"АХ Степь";"Малый бизнес"
3991;"Тева (Teva)";"Средний бизнес"
3992;"ИП Копылов";"Средний бизнес"
3993;"ООО Белозеров, Жданов и Наумов";"Средний бизнес"
3994;"АО Горбунов";"Малый бизнес"
3995;"НПО Зиновьев Кириллов";"Средний бизнес"
3996;"ОАО Волков Коновалова";"Средний бизнес"
3997;"ЗАО Игнатова Фролова";"Средний бизнес"
3998;"Сандоз (Sandoz)";"Малый бизнес"
3999;"ОАО Яковлев-Кабанова";"Малый бизнес"
4000;"Группа Эссен";"Средний бизнес"
4001;"Терентьева Лтд";"Средний бизнес"
4002;"РАО Носова";"Малый бизнес"
4003;"Воробьев и партнеры";"Малый бизнес"
4004;"ДК Рус";"Малый бизнес"
4005;"ООО Моисеев-Комаров";"Средний бизнес"
4006;"РАО Крюков-Колобова";"Малый бизнес"
4007;"ОАО Орехов";"Средний бизнес"
4008;"Денисова Инк";"Средний бизнес"
4009;"АО Быков-Дьячкова";"Средний бизнес"
4010;"Моисеева Инк";"Малый бизнес"
4011;"ООО Чернова-Харитонов";"Средний бизнес"
4012;"Никонов Лтд";"Малый бизнес"
4013;"ИП Максимов";"Средний бизнес"
4014;"ИП Максимова, Белов и Белозерова";"Средний бизнес"
4015;"НПО Князев, Лобанов и Антонов";"Малый бизнес"
4016;"Международный центр";"Средний бизнес"
4017;"ИП Дорофеев-Васильев";"Малый бизнес"
4018;"Гущина Лтд";"Малый бизнес"
4019;"АО Мухина";"Малый бизнес"
4020;"Нефтиса";"Малый бизнес"
4021;"Прогресс";"Малый бизнес"
4022;"ИП Артемьева-Нестеров";"Малый бизнес"
4023;"ООО Константинов-Миронов";"Средний бизнес"
4024;"ЗАО Григорьев, Сазонова и Воронова";"Средний бизнес"
4025;"РАО Дементьева Колесников";"Средний бизнес"
4026;"ОАО Бобылева Фомин";"Средний бизнес"
4027;"Мособлгаз";"Малый бизнес"
4028;"АО Константинов";"Средний бизнес"
4029;"Тева (Teva)";"Малый бизнес"
4030;"РАО Белозеров";"Средний бизнес"
4031;"ОАО Архипова-Зыков";"Средний бизнес"
4032;"РАО Шубина-Калашникова";"Малый бизнес"
4033;"НПО Миронов, Муравьева и Матвеева";"Средний бизнес"
4034;"НПО Алмаз";"Малый бизнес"
4035;"Сергеева и партнеры";"Средний бизнес"
4036;"НПО Субботина Миронов";"Средний бизнес"
4037;"ЗАО Беляков Васильев";"Средний бизнес"
4038;"НПО Шилов";"Малый бизнес"
4039;"АО Владимиров Шарапов";"Малый бизнес"
4040;"ИП Турова-Абрамова";"Малый бизнес"
4041;"ИП Никифоров Елисеев";"Малый бизнес"
4042;"Михеев Инк";"Малый бизнес"
4043;"ЗАО Ларионова Рожкова";"Средний бизнес"
4044;"Полюс";"Малый бизнес"
4045;"Медведев Инк";"Малый бизнес"
4046;"ЗАО Лебедева Копылова";"Малый бизнес"
4047;"ОАО Дроздова, Максимов и Рябова";"Малый бизнес"
4048;"Авторусь";"Малый бизнес"
4049;"НПО Стрелкова, Рыбаков и Рогов";"Средний бизнес"
4050;"РАО Козлова";"Малый бизнес"
4051;"ИП Молчанова Вишняков";"Малый бизнес"
4052;"АО Наумова, Носова и Маслов";"Малый бизнес"
4053;"НПО Лыткина Лукина";"Малый бизнес"
4054;"Остин";"Средний бизнес"
4055;"Рябова Инкорпорэйтед";"Малый бизнес"
4056;"НПО Мамонтов-Красильников";"Малый бизнес"
4057;"ОАО Молчанова Воробьев";"Малый бизнес"
4058;"ОАО Силин";"Малый бизнес"
4059;"Соколов Лтд";"Средний бизнес"
4060;"НПО Антонов-Пономарев";"Средний бизнес"
4061;"Одинцов Лимитед";"Средний бизнес"
4062;"Панфилова Групп";"Средний бизнес"
4063;"НПО Тетерина Шестакова";"Средний бизнес"
4064;"НПО Назарова, Цветков и Самойлова";"Средний бизнес"
4065;"ЗАО Воробьев Фадеева";"Малый бизнес"
4066;"Кубанская нефтегазовая компания";"Малый бизнес"
4067;"ЗАО Суворов Громова";"Малый бизнес"
4068;"РАО Гусев";"Малый бизнес"
4069;"ОАО Шилов, Козлов и Лыткин";"Средний бизнес"
4070;"ЗАО Третьякова";"Малый бизнес"
4071;"ЗАО Громов Захаров";"Малый бизнес"
4072;"НПО Фомин-Брагин";"Средний бизнес"
4073;"АО Кулагин, Уварова и Дорофеева";"Средний бизнес"
4074;"Катрен";"Средний бизнес"
4075;"ЗАО Крюков, Щукин и Капустина";"Малый бизнес"
4076;"РАО Муравьева, Сафонов и Кулагина";"Малый бизнес"
4077;"Совкомфлот";"Малый бизнес"
4078;"ООО Фролов, Гуляев и Алексеев";"Средний бизнес"
4079;"ОАО Комиссаров Вишняков";"Средний бизнес"
4080;"ОАО Панов-Ситников";"Средний бизнес"
4081;"ООО Савельева Сазонов";"Малый бизнес"
4082;"ИП Зайцев-Корнилов";"Малый бизнес"
4083;"Мясников Лимитед";"Средний бизнес"
4084;"ООО Миронова, Попова и Марков";"Средний бизнес"
4085;"АО Антонова Агафонова";"Малый бизнес"
4086;"ИП Костин";"Малый бизнес"
4087;"ИП Блинова, Афанасьев и Гущин";"Средний бизнес"
4088;"НПО Панфилова Макарова";"Средний бизнес"
4089;"ООО Федорова Богданов";"Малый бизнес"
4090;"Ширяева Инк";"Малый бизнес"
4091;"АО Соловьева, Власова и Морозов";"Малый бизнес"
4092;"Шестаков Инк";"Малый бизнес"
4093;"Субботин и партнеры";"Средний бизнес"
4094;"ЗАО Рожков Муравьева";"Малый бизнес"
4095;"ООО Анисимов-Беспалова";"Средний бизнес"
4096;"ОАО Лихачев, Большаков и Котова";"Средний бизнес"
4097;"АО Лазарев, Логинова и Шарова";"Малый бизнес"
4098;"ЗАО Гришин Дмитриев";"Средний бизнес"
4099;"ОАО Зайцева Назарова";"Малый бизнес"
4100;"ЗАО Данилов-Козлова";"Малый бизнес"
4101;"ЗАО Суханова, Ситников и Дмитриев";"Средний бизнес"
4102;"ОАО Корнилов";"Малый бизнес"
4103;"ЗАО Хохлов, Шарапов и Рябова";"Средний бизнес"
4104;"ИП Матвеев Гусева";"Средний бизнес"
4105;"Группа ЭПМ";"Средний бизнес"
4106;"Группа Газфонд";"Малый бизнес"
4107;"АО Горшков Копылова";"Средний бизнес"
4108;"ИП Кузнецов";"Малый бизнес"
4190;"ООО Борисова-Туров";"Средний бизнес"
4109;"АО Елисеева Прохоров";"Средний бизнес"
4110;"Гришина Лтд";"Малый бизнес"
4111;"ЗАО Ершов, Логинова и Куликов";"Средний бизнес"
4112;"ИП Кудрявцева";"Средний бизнес"
4113;"Гурьев Инкорпорэйтед";"Средний бизнес"
4114;"АО Тетерин, Беляев и Тарасов";"Средний бизнес"
4115;"ИП Мясникова, Михайлов и Меркушев";"Малый бизнес"
4116;"Самойлов Лимитед";"Малый бизнес"
4117;"АО Брагина, Иванов и Симонов";"Малый бизнес"
4118;"ЗАО Васильева, Шилова и Мишина";"Средний бизнес"
4119;"ОАО Родионова";"Средний бизнес"
4120;"ЗАО Мясникова-Никитин";"Малый бизнес"
4121;"НПО Лукина-Носкова";"Средний бизнес"
4122;"Металлокомплект-М";"Средний бизнес"
4123;"Славянск Эко";"Малый бизнес"
4124;"Кулакова Инкорпорэйтед";"Средний бизнес"
4125;"ОАО Горшков, Кириллова и Кулагин";"Малый бизнес"
4126;"ООО Захарова";"Малый бизнес"
4127;"ООО Баранов";"Малый бизнес"
4128;"ДНС Групп";"Малый бизнес"
4129;"ИП Мартынов Яковлев";"Малый бизнес"
4130;"ООО Соболев Ефремова";"Малый бизнес"
4131;"АО Никифорова";"Малый бизнес"
4132;"ОАО Самойлов";"Средний бизнес"
4133;"ЗАО Ситников Аксенова";"Средний бизнес"
4134;"ООО Данилов-Сафонова";"Малый бизнес"
4135;"Юдина и партнеры";"Малый бизнес"
4136;"ОАО Самойлова-Гурьев";"Малый бизнес"
4137;"ЗАО Морозова";"Средний бизнес"
4138;"Группа ЭПМ";"Средний бизнес"
4139;"РАО Игнатов";"Малый бизнес"
4140;"Остин";"Средний бизнес"
4141;"Трофимов Инк";"Средний бизнес"
4142;"ИП Веселова, Лобанов и Хохлов";"Средний бизнес"
4143;"РАО Нестеров";"Средний бизнес"
4144;"Пестов Лтд";"Малый бизнес"
4145;"ЭйчПи Инк (HP Inc.)";"Малый бизнес"
4146;"Хоум Кредит энд Финанс Банк (PPF)";"Малый бизнес"
4147;"ИП Харитонова";"Малый бизнес"
4148;"Сталепромышленная компания";"Средний бизнес"
4149;"АО Максимова";"Малый бизнес"
4150;"АО Гуляев-Федоров";"Средний бизнес"
4151;"РАО Хохлов";"Средний бизнес"
4152;"Григорьев Инк";"Малый бизнес"
4153;"ЗАО Сысоева-Быкова";"Малый бизнес"
4154;"ВАД";"Средний бизнес"
4155;"ООО Мясников-Шубина";"Средний бизнес"
4156;"Яковлева Лимитед";"Средний бизнес"
4157;"Кабанова Инк";"Средний бизнес"
4158;"ЗАО Пахомов, Елисеев и Васильев";"Средний бизнес"
4159;"Лаврентьева Инк";"Средний бизнес"
4160;"Шарапова Лимитед";"Средний бизнес"
4161;"РАО Муравьев";"Средний бизнес"
4162;"ЗАО Виноградова, Молчанов и Афанасьева";"Малый бизнес"
4163;"ОАО Рябов-Вишняков";"Средний бизнес"
4164;"ООО Морозов-Рогова";"Средний бизнес"
4165;"ИП Лихачева, Петухова и Игнатова";"Малый бизнес"
4166;"РАО Комиссарова, Баранова и Селиверстова";"Малый бизнес"
4167;"ИП Борисова-Абрамова";"Средний бизнес"
4168;"ОАО Агафонов-Соловьева";"Средний бизнес"
4169;"Суворов Лимитед";"Малый бизнес"
4170;"Носов Инкорпорэйтед";"Средний бизнес"
4171;"АО Никифорова-Воронцов";"Малый бизнес"
4172;"НПО Иванов-Кузнецова";"Средний бизнес"
4173;"АО Боброва Колобов";"Малый бизнес"
4174;"Белов Лтд";"Малый бизнес"
4175;"ОАО Бирюкова-Савина";"Средний бизнес"
4176;"ОАО Пахомов-Никифорова";"Средний бизнес"
4177;"НПО Терентьев, Мухин и Федотов";"Малый бизнес"
4178;"ООО Красильникова Нестерова";"Средний бизнес"
4179;"АО Алексеев, Фомина и Авдеева";"Средний бизнес"
4180;"ИП Суворова Овчинникова";"Средний бизнес"
4181;"Зимин и партнеры";"Малый бизнес"
4182;"АО Веселов, Беляев и Соболева";"Средний бизнес"
4183;"ООО Селиверстова";"Средний бизнес"
4184;"АО Козлова, Овчинникова и Михайлова";"Средний бизнес"
4185;"ООО Большаков Матвеев";"Средний бизнес"
4186;"ИП Куликова";"Средний бизнес"
4187;"ООО Панова Рогов";"Малый бизнес"
4188;"ЗАО Федоров Ширяев";"Средний бизнес"
4189;"ДОМ.РФ";"Малый бизнес"
4191;"Родионова и партнеры";"Средний бизнес"
4192;"ООО Гущина Тихонов";"Средний бизнес"
4193;"РАО Сазонов";"Малый бизнес"
4194;"ИП Щербаков-Брагина";"Малый бизнес"
4195;"НПО Кабанова";"Средний бизнес"
4196;"НПО Волкова-Туров";"Малый бизнес"
4197;"Бирюков Лтд";"Малый бизнес"
4198;"АО Тимофеева-Симонов";"Средний бизнес"
4199;"Мобильные телесистемы";"Средний бизнес"
4200;"ИП Григорьев-Яковлев";"Средний бизнес"
4201;"АО Суханов";"Средний бизнес"
4202;"АО Громов-Якушев";"Средний бизнес"
4203;"РАО Кудряшов-Михайлова";"Средний бизнес"
4204;"Зимин Лимитед";"Средний бизнес"
4205;"ИП Носкова-Крюкова";"Средний бизнес"
4206;"Колесникова Лтд";"Малый бизнес"
4207;"Ефремов Групп";"Средний бизнес"
4208;"ЗАО Логинов-Кузнецов";"Малый бизнес"
4209;"РАО Горбачев Логинова";"Малый бизнес"
4210;"ОАО Щербаков Филатова";"Малый бизнес"
4211;"АО Кузнецова-Федорова";"Малый бизнес"
4212;"АО Щукина, Виноградова и Зуев";"Малый бизнес"
4213;"ООО Макарова Миронов";"Малый бизнес"
4214;"Каргилл (Cargill)";"Средний бизнес"
4215;"ИП Блинова-Анисимова";"Малый бизнес"
4216;"ЗАО Воробьев Горбунов";"Малый бизнес"
4217;"НПО Калинина Ефимов";"Малый бизнес"
4218;"Сибирская аграрная группа";"Малый бизнес"
4219;"Петров Инк";"Малый бизнес"
4220;"ООО Селиверстов";"Средний бизнес"
4221;"ООО Овчинникова, Гурьева и Дьячкова";"Малый бизнес"
4222;"Тетра Пак (Tetra Pak)";"Средний бизнес"
4223;"ИП Соколова, Ильина и Бобылев";"Средний бизнес"
4224;"Сибирская горно-металлургическая компания";"Средний бизнес"
4225;"РАО Лебедев-Антонов";"Средний бизнес"
4226;"РАО Беспалова, Смирнов и Гришина";"Малый бизнес"
4227;"ИП Давыдов";"Малый бизнес"
4228;"АО Маркова Зиновьева";"Малый бизнес"
4229;"Ново-Уренгойская газовая компания";"Средний бизнес"
4230;"Боэс Констракшн (Boes Construction)";"Средний бизнес"
4231;"НПО Селезнев Большакова";"Средний бизнес"
4232;"ОАО Жуков, Кононов и Евдокимов";"Малый бизнес"
4233;"Архангельский ЦБК";"Средний бизнес"
4234;"АО Богданов, Карпова и Лобанов";"Малый бизнес"
4235;"ИП Устинова-Щукин";"Средний бизнес"
4236;"ООО Попов-Русаков";"Малый бизнес"
4237;"РАО Стрелкова-Кудрявцев";"Средний бизнес"
4238;"РАО Молчанов Михеев";"Средний бизнес"
4239;"АО Гаврилова-Гришин";"Малый бизнес"
4240;"ЗАО Соловьева, Калинина и Пахомов";"Средний бизнес"
4241;"ИП Белякова-Фокин";"Средний бизнес"
4242;"ОАО Русакова-Зыков";"Малый бизнес"
4243;"НПО Овчинников";"Средний бизнес"
4244;"ЗАО Капустина, Сергеева и Соловьева";"Малый бизнес"
4245;"Ресурс";"Малый бизнес"
4246;"ИП Захаров";"Малый бизнес"
4247;"ЗАО Быков Мясникова";"Малый бизнес"
4248;"ЗАО Горшков-Харитонов";"Малый бизнес"
4249;"НИПИ НГ Петон";"Малый бизнес"
4250;"Данилова Инк";"Средний бизнес"
4251;"НПО Баранов";"Средний бизнес"
4252;"ЗАО Доронина, Кулагина и Харитонов";"Средний бизнес"
4253;"ИП Авдеев Полякова";"Средний бизнес"
4254;"АО Красильников, Белякова и Третьякова";"Малый бизнес"
4255;"Ново-Уренгойская газовая компания";"Малый бизнес"
4256;"ОАО Меркушева";"Малый бизнес"
4257;"РЕ Трэйдинг (LPP)";"Малый бизнес"
4258;"НПО Поляков, Титова и Антонов";"Средний бизнес"
4259;"РАО Кузьмина Мартынов";"Малый бизнес"
4260;"РАО Пахомов";"Средний бизнес"
4261;"Титан";"Средний бизнес"
4262;"ОАО Соловьева";"Малый бизнес"
4263;"Хохлов Групп";"Малый бизнес"
4264;"ООО Семенов Гаврилова";"Малый бизнес"
4265;"Никитин Лтд";"Малый бизнес"
4266;"ПСМА Рус";"Средний бизнес"
4267;"ОАО Сорокин";"Средний бизнес"
4268;"ОАО Гордеев, Тетерин и Дроздов";"Средний бизнес"
4269;"Самараэнерго";"Средний бизнес"
4270;"ОАО Журавлева-Беспалова";"Средний бизнес"
4271;"НПО Гурьева-Силина";"Средний бизнес"
4272;"ОАО Громов Николаев";"Малый бизнес"
4273;"Несте Санкт-Петербург (Neste)";"Средний бизнес"
4274;"Сергеев Лимитед";"Малый бизнес"
4275;"Промсвязьбанк";"Малый бизнес"
4276;"Российская электроника";"Малый бизнес"
4277;"ООО Рыбаков";"Средний бизнес"
4278;"НПО Боброва Филатов";"Малый бизнес"
4279;"Национальная нерудная компания";"Средний бизнес"
4280;"Эркафарм";"Средний бизнес"
4281;"Лазарев Лтд";"Малый бизнес"
4282;"ООО Мишина, Кириллова и Лукина";"Средний бизнес"
4283;"ОАО Агафонова, Горбачев и Лаврентьев";"Средний бизнес"
4284;"ООО Михайлов, Трофимова и Тимофеева";"Средний бизнес"
4285;"Юг Руси";"Малый бизнес"
4286;"Красильников и партнеры";"Малый бизнес"
4287;"ОАО Колесников Щукин";"Малый бизнес"
4288;"Концерн Автоматика";"Малый бизнес"
4289;"АО Блинова Бирюков";"Средний бизнес"
4290;"ОАО Бобылев Абрамова";"Средний бизнес"
4291;"Котов и партнеры";"Малый бизнес"
4292;"Фролов Лтд";"Малый бизнес"
4293;"Байер";"Малый бизнес"
4294;"ЗАО Кононов Тарасова";"Средний бизнес"
4295;"АО Сергеев";"Малый бизнес"
4296;"РАО Ермаков Назарова";"Средний бизнес"
4297;"АО Максимова";"Малый бизнес"
4298;"ЗАО Боброва, Денисов и Никонова";"Малый бизнес"
4299;"Полюс";"Малый бизнес"
4300;"РАО Мухина, Кудрявцев и Зуева";"Малый бизнес"
4301;"ИП Григорьева Фомичев";"Малый бизнес"
4302;"ООО Овчинникова, Романов и Казаков";"Малый бизнес"
4303;"Одинцов Инкорпорэйтед";"Средний бизнес"
4304;"Ренейссанс Хэви Индастрис Ronesans Endustri";"Средний бизнес"
4305;"АО Лаврентьева, Панова и Аксенов";"Средний бизнес"
4306;"ООО Евсеева Лаврентьева";"Средний бизнес"
4307;"Белозеров Групп";"Средний бизнес"
4308;"Князева Групп";"Малый бизнес"
4309;"ИП Ефремова-Никонов";"Малый бизнес"
4310;"НПО Филатов-Сафонов";"Малый бизнес"
4311;"ИП Гущина, Козлова и Орехова";"Средний бизнес"
4312;"Хенкель Рус (Henkel)";"Средний бизнес"
4313;"РАО Кулагина";"Средний бизнес"
4314;"Кабанов Лимитед";"Средний бизнес"
4315;"РАО Никитин";"Малый бизнес"
4316;"ОАО Смирнов";"Средний бизнес"
4317;"Рулог (Havi)";"Средний бизнес"
4318;"РАО Туров, Кондратьева и Калашникова";"Малый бизнес"
4319;"Карелия Палп";"Средний бизнес"
4320;"ООО Молчанова-Фролова";"Средний бизнес"
4321;"Русаков Групп";"Средний бизнес"
4322;"АО Фокина, Якушев и Пахомов";"Малый бизнес"
4323;"РАО Исаков, Зыкова и Гаврилов";"Малый бизнес"
4324;"Кабанова Групп";"Средний бизнес"
4325;"НПО Комаров";"Средний бизнес"
4326;"ИП Денисов, Афанасьева и Ширяева";"Средний бизнес"
4327;"ООО Шилова, Смирнова и Сорокин";"Средний бизнес"
4328;"ИП Устинов, Борисов и Воробьева";"Малый бизнес"
4329;"ООО Турова";"Малый бизнес"
4330;"ООО Кириллова-Кононова";"Средний бизнес"
4331;"ФосАгро";"Средний бизнес"
4332;"ООО Осипов-Кононова";"Средний бизнес"
4333;"НПО Филиппов, Коновалов и Евдокимова";"Средний бизнес"
4334;"АО Блохин-Мясникова";"Средний бизнес"
4335;"РАО Юдина Буров";"Средний бизнес"
4336;"НПО Филатова, Сафонова и Богданова";"Малый бизнес"
4337;"РАО Дьячкова Данилов";"Средний бизнес"
4338;"ОАО Субботин Гусева";"Малый бизнес"
4339;"ИП Юдин-Морозова";"Малый бизнес"
4340;"ИП Соболева Белов";"Малый бизнес"
4341;"Прогресс";"Малый бизнес"
4342;"АО Родионов Егорова";"Малый бизнес"
4343;"ИП Денисова-Артемьев";"Средний бизнес"
4344;"Кудряшов Лимитед";"Малый бизнес"
4345;"АО Павлова Шарапов";"Малый бизнес"
4346;"Виноградов Инк";"Средний бизнес"
4347;"НПО Тетерин";"Малый бизнес"
4348;"ООО Семенов";"Средний бизнес"
4349;"РАО Цветкова-Блохин";"Малый бизнес"
4350;"РАО Архипова Горбунов";"Средний бизнес"
4351;"АО Куликов, Петухова и Елисеев";"Средний бизнес"
4352;"ООО Федотова-Щукина";"Средний бизнес"
4353;"ООО Зимин-Игнатьев";"Средний бизнес"
4354;"Великолукский мясокомбинат";"Малый бизнес"
4355;"ООО Лебедева";"Малый бизнес"
4356;"НПО Григорьева";"Средний бизнес"
4357;"ООО Крюкова";"Малый бизнес"
4358;"ООО Щербаков, Захарова и Рогов";"Средний бизнес"
4359;"НПО Куликова Шарова";"Малый бизнес"
4360;"ОАО Анисимова Наумов";"Малый бизнес"
4361;"Кулагина Инк";"Средний бизнес"
4362;"ОАО Цветков";"Средний бизнес"
4363;"ОМПК";"Средний бизнес"
4364;"ООО Кузьмин-Щербакова";"Средний бизнес"
4365;"ОАО Фролова";"Малый бизнес"
4366;"ИП Тихонова Овчинникова";"Малый бизнес"
4367;"ИП Доронина, Комиссарова и Ершов";"Средний бизнес"
4368;"НПО Сафонова";"Малый бизнес"
4369;"Петролеум Трейдинг";"Средний бизнес"
4370;"ОАО Красильников";"Средний бизнес"
4371;"Владимиров и партнеры";"Средний бизнес"
4372;"АО Тимофеева, Дьячков и Полякова";"Малый бизнес"
4373;"АО Максимова Анисимов";"Средний бизнес"
4374;"ОАО Аксенова";"Малый бизнес"
4375;"Группа Агат";"Малый бизнес"
4376;"Якобс Дау Эгбертс Рус (Jacobs Douwe Egberts)";"Средний бизнес"
4377;"РАО Якушева";"Средний бизнес"
4378;"Шубин Групп";"Малый бизнес"
4379;"НПО Пестов-Исаева";"Малый бизнес"
4380;"ТМК Чермет";"Малый бизнес"
4381;"ОАО Филиппова, Ширяева и Костин";"Малый бизнес"
4382;"ЗАО Евдокимова-Морозов";"Малый бизнес"
4383;"НПО Харитонова";"Малый бизнес"
4384;"НПО Соболева";"Малый бизнес"
4385;"ИП Андреева-Агафонов";"Малый бизнес"
4386;"НПО Зыков-Лебедев";"Малый бизнес"
4387;"ООО Карпов-Гущина";"Средний бизнес"
4388;"ЗАО Мухина";"Средний бизнес"
4389;"ОАО Кузьмина-Лихачев";"Малый бизнес"
4390;"РАО Логинова Титова";"Средний бизнес"
4391;"Emex";"Средний бизнес"
4392;"Интернешнл Пейпер (International Paper)";"Малый бизнес"
4393;"Глория Джинс";"Средний бизнес"
4394;"ИП Лихачев-Кулаков";"Средний бизнес"
4395;"Вишняков Инкорпорэйтед";"Малый бизнес"
4396;"ИП Белов";"Средний бизнес"
4397;"РАО Молчанов";"Средний бизнес"
4398;"ОАО Гуляев-Зыков";"Средний бизнес"
4399;"Медведева Лимитед";"Малый бизнес"
4400;"Галкина Лтд";"Средний бизнес"
4401;"АО Кириллов Герасимова";"Средний бизнес"
4402;"ИП Волков, Федорова и Горбачева";"Малый бизнес"
4403;"РАО Молчанова-Наумов";"Средний бизнес"
4404;"АО Исаев-Калашников";"Малый бизнес"
4405;"Кузьмина Инкорпорэйтед";"Средний бизнес"
4406;"ООО Захарова-Зыков";"Малый бизнес"
4407;"ООО Крюкова";"Средний бизнес"
4408;"АО Яковлева-Наумов";"Средний бизнес"
4409;"ОАО Никонова Боброва";"Малый бизнес"
4410;"АО Гусев";"Малый бизнес"
4411;"ИП Крюков, Кудрявцев и Лаврентьев";"Средний бизнес"
4412;"РАО Киселева";"Средний бизнес"
4413;"НПО Сергеев-Волкова";"Малый бизнес"
4414;"Неофарм";"Малый бизнес"
4415;"АО Зыкова";"Средний бизнес"
4416;"Сэтл групп";"Средний бизнес"
4417;"АО Попова Сорокин";"Малый бизнес"
4418;"Ефремов Групп";"Средний бизнес"
4419;"ОАО Галкин, Шашкова и Бобылева";"Малый бизнес"
4420;"АО Сафонова";"Малый бизнес"
4421;"АО Гущина-Пестова";"Малый бизнес"
4422;"ОАО Громов Марков";"Малый бизнес"
4423;"НПО Рыбакова, Павлова и Казаков";"Малый бизнес"
4424;"РАО Кузнецов";"Средний бизнес"
4425;"Лукина Инк";"Малый бизнес"
4426;"ЗАО Одинцова";"Малый бизнес"
4427;"ОАО Моисеев Давыдова";"Средний бизнес"
4428;"Евроцемент груп";"Малый бизнес"
4429;"Метро Кэш энд Керри (Metro Cash & Carry)";"Малый бизнес"
4430;"ЗАО Абрамова Сазонов";"Малый бизнес"
4431;"Русал";"Средний бизнес"
4432;"Восток-Запад";"Малый бизнес"
4433;"Мечел";"Средний бизнес"
4434;"НПО Моисеева-Кузнецова";"Малый бизнес"
4435;"Новиков Лимитед";"Средний бизнес"
4436;"НПО Ситникова-Белозеров";"Средний бизнес"
4437;"АО Орехов-Муравьева";"Малый бизнес"
4438;"Беляев Групп";"Средний бизнес"
4439;"ООО Селезнева-Чернова";"Средний бизнес"
4440;"Merlion";"Средний бизнес"
4441;"ЛокоТех";"Средний бизнес"
4442;"ЗАО Кононова-Шилова";"Средний бизнес"
4443;"НПО Котов-Мишин";"Средний бизнес"
4444;"РАО Кондратьева Гордеева";"Средний бизнес"
4445;"ИП Куликова Архипов";"Средний бизнес"
4446;"ИП Некрасова Трофимов";"Малый бизнес"
4447;"РАО Якушев, Андреева и Сафонов";"Малый бизнес"
4448;"АО Артемьев";"Средний бизнес"
4449;"АХ Степь";"Средний бизнес"
4450;"А.П.Р.";"Малый бизнес"
4451;"Транстрейдойл";"Малый бизнес"
4452;"НПО Субботина Голубева";"Средний бизнес"
4453;"Осипов Инкорпорэйтед";"Малый бизнес"
4454;"Россельхозбанк";"Средний бизнес"
4455;"АО Цветкова";"Малый бизнес"
4456;"Охрана Росгвардии";"Средний бизнес"
4457;"ЗАО Кузнецова Лаврентьева";"Средний бизнес"
4458;"НПО Исаков";"Малый бизнес"
4459;"Ермакова Лтд";"Малый бизнес"
4460;"ИП Хохлова";"Средний бизнес"
4461;"НПО Сорокина-Королев";"Средний бизнес"
4462;"Концерн Титан-2";"Средний бизнес"
4463;"ИП Суворова-Русакова";"Малый бизнес"
4464;"Карпова Групп";"Средний бизнес"
4465;"НПО Дементьев, Субботина и Самойлова";"Средний бизнес"
4466;"Эбботт лэбораториз (Abbott Laboratories)";"Средний бизнес"
4467;"Merlion";"Средний бизнес"
4468;"АО Мухин";"Средний бизнес"
4469;"Бурова Инкорпорэйтед";"Средний бизнес"
4470;"АвтоГермес";"Малый бизнес"
4471;"АО Аксенов";"Средний бизнес"
4472;"Псковвтормет";"Малый бизнес"
4473;"ООО Зуева";"Малый бизнес"
4474;"ООО Лобанов";"Средний бизнес"
4475;"ЗАО Лыткин-Рябова";"Средний бизнес"
4476;"ОАО Прохорова Игнатьева";"Средний бизнес"
4477;"Турова Инкорпорэйтед";"Средний бизнес"
4478;"АО Моисеев";"Малый бизнес"
4479;"Мельников Лимитед";"Средний бизнес"
4480;"Группа компаний ПИК";"Малый бизнес"
4481;"Гришина Инкорпорэйтед";"Средний бизнес"
4482;"Прохорова Групп";"Средний бизнес"
4483;"НПО Алмаз";"Средний бизнес"
4484;"ИП Мясников, Вишнякова и Суханов";"Малый бизнес"
4485;"НПО Степанова-Королев";"Средний бизнес"
4486;"Панов Инк";"Малый бизнес"
4487;"АО Осипова-Баранов";"Средний бизнес"
4488;"РАО Иванова-Назарова";"Малый бизнес"
4489;"А.П.Р.";"Малый бизнес"
4490;"НПО Зуев Семенова";"Средний бизнес"
4491;"Герасимов Лимитед";"Малый бизнес"
4492;"ЗАО Зимина";"Средний бизнес"
4493;"ЗАО Ковалев";"Малый бизнес"
4494;"ООО Рогов-Калинина";"Малый бизнес"
4495;"РАО Давыдов, Назаров и Дьячков";"Средний бизнес"
4496;"НПО Ефимова, Шарова и Горбунова";"Малый бизнес"
4497;"Независимая энергосбытовая компания Краснодарского края";"Малый бизнес"
4498;"НПО Турова";"Средний бизнес"
4499;"Белов и партнеры";"Малый бизнес"
4500;"ЗАО Лобанова";"Средний бизнес"
4501;"ОАО Князева, Брагина и Павлова";"Средний бизнес"
4502;"РАО Гришин";"Средний бизнес"
4503;"АО Кононова Дроздов";"Малый бизнес"
4504;"АО Доронина, Гущин и Молчанов";"Средний бизнес"
4505;"Куликова Групп";"Средний бизнес"
4506;"ЗАО Самойлов";"Средний бизнес"
4507;"РАО Лазарева";"Средний бизнес"
4508;"ОАО Мартынова";"Средний бизнес"
4509;"НПО Власов";"Малый бизнес"
4510;"Вектрум-К";"Малый бизнес"
4511;"ИП Голубева";"Средний бизнес"
4512;"РАО Доронин, Тимофеева и Буров";"Малый бизнес"
4513;"РАО Некрасова-Кудряшов";"Малый бизнес"
4514;"РАО Борисов";"Средний бизнес"
4515;"АО Шаров-Бобров";"Средний бизнес"
4516;"НПО Романова";"Средний бизнес"
4517;"Григорьева Инкорпорэйтед";"Средний бизнес"
4518;"ЗАО Ситников, Пахомова и Рыбаков";"Средний бизнес"
4519;"ООО Терентьев, Афанасьев и Михайлова";"Средний бизнес"
4520;"АО Горбунов";"Средний бизнес"
4521;"АО Некрасов-Силин";"Средний бизнес"
4522;"Копылова Инк";"Средний бизнес"
4523;"АО Шилов Орехов";"Средний бизнес"
4524;"ЗАО Евдокимов Артемьева";"Малый бизнес"
4525;"ОАО Макаров Агафонов";"Малый бизнес"
4526;"Запсибгазпром";"Малый бизнес"
4527;"НПО Ефимова Селиверстов";"Средний бизнес"
4528;"ЗАО Исаков";"Средний бизнес"
4529;"РАО Жукова, Быков и Хохлов";"Малый бизнес"
4530;"РАО Рогов, Рожкова и Захарова";"Средний бизнес"
4531;"ОАО Семенов Корнилова";"Средний бизнес"
4532;"НПО Мишина-Антонова";"Средний бизнес"
4533;"Зимина Инкорпорэйтед";"Малый бизнес"
4534;"ООО Меркушева, Кудряшов и Шилов";"Средний бизнес"
4535;"НПО Харитонова";"Малый бизнес"
4536;"ООО Воронцова";"Малый бизнес"
4537;"Кузнецов и партнеры";"Малый бизнес"
4538;"ООО Сысоева-Калинин";"Малый бизнес"
4539;"НПО Соколова, Гордеева и Зимин";"Средний бизнес"
4540;"Власов Лтд";"Малый бизнес"
4541;"ОАО Матвеев, Филиппова и Авдеев";"Малый бизнес"
4542;"Марс (Mars)";"Малый бизнес"
4543;"ЗАО Сергеева Красильникова";"Малый бизнес"
4544;"Андреева Инк";"Средний бизнес"
4545;"АО Красильникова, Гусев и Максимов";"Малый бизнес"
4546;"Агросила Групп";"Малый бизнес"
4547;"Мособлгаз";"Малый бизнес"
4548;"Трофимова и партнеры";"Малый бизнес"
4549;"Иванов и партнеры";"Малый бизнес"
4550;"ООО Лапин Воронцов";"Малый бизнес"
4551;"ЗАО Королев Самсонов";"Средний бизнес"
4552;"ИП Кошелева";"Малый бизнес"
4553;"Яковлева Инкорпорэйтед";"Малый бизнес"
4554;"ООО Кондратьева Журавлев";"Средний бизнес"
4555;"Кононова Инкорпорэйтед";"Средний бизнес"
4556;"Фармстандарт";"Малый бизнес"
4557;"Казаков Лимитед";"Малый бизнес"
4558;"РАО Михеева-Архипова";"Малый бизнес"
4559;"РАО Боброва Тарасова";"Малый бизнес"
4560;"САП СНГ (SAP)";"Малый бизнес"
4561;"Хохлова Лтд";"Средний бизнес"
4562;"Андреев Лимитед";"Малый бизнес"
4563;"ОАО Абрамова Мясникова";"Средний бизнес"
4564;"НПО Рыбакова-Бирюков";"Малый бизнес"
4565;"РАО Белов Калинин";"Средний бизнес"
4566;"ЗАО Богданова";"Средний бизнес"
4567;"ЗАО Горшкова";"Малый бизнес"
4568;"ОАО Фролов Кабанов";"Малый бизнес"
4569;"Нестле Россия (Nestle)";"Средний бизнес"
4570;"Козлова Лтд";"Средний бизнес"
4571;"Ширяева Лтд";"Средний бизнес"
4572;"Рыбаков Лимитед";"Малый бизнес"
4573;"Григорьева и партнеры";"Средний бизнес"
4574;"РАО Лазарева-Сорокина";"Средний бизнес"
4575;"ЗАО Кулагина Антонов";"Средний бизнес"
4576;"АО Соколов, Комиссарова и Самсонова";"Средний бизнес"
4577;"Новиков и партнеры";"Малый бизнес"
4578;"АО Панова Бобылев";"Средний бизнес"
4579;"ООО Макаров-Орлов";"Средний бизнес"
4580;"А.П.Р.";"Средний бизнес"
4581;"ИП Карпов, Баранов и Сергеев";"Средний бизнес"
4582;"Никифорова Инкорпорэйтед";"Средний бизнес"
4583;"РАО Гордеева Исаев";"Малый бизнес"
4584;"Зиновьев и партнеры";"Средний бизнес"
4585;"РАО Назарова";"Малый бизнес"
4586;"НПО Тетерина";"Малый бизнес"
4587;"ТД Агроторг";"Малый бизнес"
4588;"ООО Копылова";"Малый бизнес"
4589;"Данилов и партнеры";"Малый бизнес"
4590;"Конар";"Малый бизнес"
4591;"Банк Возрождение";"Средний бизнес"
4592;"Fix Price";"Средний бизнес"
4593;"НПО Овчинников, Калашникова и Назаров";"Малый бизнес"
4594;"ОАО Колобова, Фокин и Смирнов";"Малый бизнес"
4595;"Аксенова и партнеры";"Малый бизнес"
4596;"Рив Гош";"Средний бизнес"
4597;"ОАО Веселова, Крылова и Виноградова";"Средний бизнес"
4598;"ООО Новиков, Гурьева и Носов";"Малый бизнес"
4599;"ИП Авдеева Симонов";"Средний бизнес"
4600;"НПО Исаева";"Средний бизнес"
4601;"РАО Агафонов, Громова и Устинов";"Средний бизнес"
4602;"ОАО Егоров Горбачев";"Средний бизнес"
4603;"Лебедев Инк";"Средний бизнес"
4604;"Фадеева Лтд";"Средний бизнес"
4605;"Жукова Лтд";"Средний бизнес"
4606;"Мартынов Лимитед";"Малый бизнес"
4607;"Кузнецова Лимитед";"Малый бизнес"
4608;"АО Воробьев Русаков";"Малый бизнес"
4609;"ООО Селиверстов-Калашникова";"Средний бизнес"
4610;"Молчанова Лтд";"Малый бизнес"
4611;"АО Антонова-Белоусов";"Средний бизнес"
4612;"ЗАО Орлов Сазонова";"Средний бизнес"
4613;"ЗАО Игнатьев, Дьячкова и Сидорова";"Средний бизнес"
4614;"РАО Блохин, Емельянов и Ермакова";"Малый бизнес"
4615;"ИП Михайлов Зайцев";"Средний бизнес"
4616;"ЗАО Мельников";"Средний бизнес"
4617;"РАО Вишнякова, Елисеев и Костин";"Малый бизнес"
4618;"Ковалева Лимитед";"Малый бизнес"
4619;"АО Симонова-Белозерова";"Малый бизнес"
4620;"Артемьева Инк";"Малый бизнес"
4621;"ОАО Гаврилов Панфилов";"Малый бизнес"
4622;"НПО Гусева";"Малый бизнес"
4623;"ПСМА Рус";"Малый бизнес"
4624;"ПК Борец";"Малый бизнес"
4625;"Шестакова и партнеры";"Малый бизнес"
4626;"Русагро";"Средний бизнес"
4627;"ФК Пульс";"Малый бизнес"
4628;"ИП Логинов-Шарова";"Малый бизнес"
4629;"РАО Рябова";"Средний бизнес"
4630;"ЗАО Титов";"Средний бизнес"
4631;"РАО Евдокимов-Стрелков";"Малый бизнес"
4632;"Сибирская аграрная группа";"Средний бизнес"
4633;"РАО Киселева";"Малый бизнес"
4634;"Группа Рольф";"Малый бизнес"
4635;"Киселев и партнеры";"Малый бизнес"
4636;"ООО Мельников";"Средний бизнес"
4637;"Загорский трубный завод";"Малый бизнес"
4638;"Самсунг Электроникс Рус Калуга (Samsung)";"Средний бизнес"
4639;"ООО Савина";"Малый бизнес"
4640;"ООО Авдеев-Федосеева";"Средний бизнес"
4641;"Миронова Групп";"Малый бизнес"
4642;"ИП Кузьмин Наумов";"Средний бизнес"
4643;"Банковский холдинг Альфа-банка";"Средний бизнес"
4644;"Пономарева Лимитед";"Средний бизнес"
4645;"ООО Родионова-Лапин";"Средний бизнес"
4646;"ЗАО Степанова-Алексеев";"Малый бизнес"
4647;"ОАО Елисеева, Рогова и Молчанова";"Малый бизнес"
4648;"НПО Сидоров Жданов";"Средний бизнес"
4649;"ОТП Банк";"Малый бизнес"
4650;"НПО Воронов";"Средний бизнес"
4651;"ИП Тихонов Лихачев";"Средний бизнес"
4652;"ИП Шарова";"Средний бизнес"
4653;"ОАО Кабанова, Суворов и Журавлев";"Средний бизнес"
4654;"Карелия Палп";"Средний бизнес"
4655;"ДК Рус";"Средний бизнес"
4656;"Касторама Рус (Castorama)";"Малый бизнес"
4657;"Петров Лимитед";"Средний бизнес"
4658;"АО Михайлова";"Малый бизнес"
4659;"НПО Селиверстова";"Малый бизнес"
4660;"Галкин Групп";"Малый бизнес"
4661;"ООО Громова, Калашников и Фокина";"Средний бизнес"
4662;"РАО Устинов Дьячков";"Средний бизнес"
4663;"РАО Зуев";"Малый бизнес"
4664;"ОАО Миронов";"Средний бизнес"
4665;"Капустин и партнеры";"Малый бизнес"
4666;"ОАО Русакова, Суворов и Цветков";"Малый бизнес"
4667;"РАО Никонов";"Средний бизнес"
4668;"ОАО Федосеева, Кудрявцев и Константинов";"Средний бизнес"
4669;"Ферреро Руссия (Ferrero)";"Малый бизнес"
4670;"Фролова Лимитед";"Средний бизнес"
4671;"АО Блохина";"Малый бизнес"
4672;"Сименс (Siemens)";"Малый бизнес"
4673;"ООО Захаров-Петухов";"Средний бизнес"
4674;"Архангельский ЦБК";"Средний бизнес"
4675;"АО Тетерина-Егоров";"Средний бизнес"
4676;"ООО Бирюков-Ковалев";"Средний бизнес"
4677;"АО Артемьев, Фомичева и Моисеева";"Средний бизнес"
4678;"Алексеев Лимитед";"Средний бизнес"
4679;"ОАО Королев, Устинова и Ковалев";"Средний бизнес"
4680;"Мерида";"Малый бизнес"
4681;"ЗАО Волкова";"Средний бизнес"
4682;"ООО Шашкова, Щербакова и Морозова";"Средний бизнес"
4683;"ЗАО Мамонтов";"Малый бизнес"
4684;"ИП Устинов Веселова";"Малый бизнес"
4685;"ООО Ковалев Субботин";"Малый бизнес"
4686;"Ростелеком";"Средний бизнес"
4687;"НПО Никифоров Степанов";"Средний бизнес"
4688;"ОАО Моисеева Беспалова";"Малый бизнес"
4689;"НПО Савина";"Средний бизнес"
4690;"АО Маркова, Рогов и Воробьева";"Средний бизнес"
4691;"ИП Павлова Наумов";"Средний бизнес"
4692;"АО Лазарева, Калашникова и Аксенова";"Средний бизнес"
4693;"ОАО Егорова-Федотов";"Малый бизнес"
4694;"Кока-Кола Эйчбиси Евразия (Coca-Cola)";"Средний бизнес"
4695;"Восточная горнорудная компания";"Малый бизнес"
4696;"РАО Панфилов, Кузнецова и Горбунова";"Малый бизнес"
4697;"НПО Ермакова-Гущин";"Средний бизнес"
4698;"ООО Чернов-Авдеева";"Малый бизнес"
4699;"Молчанов Лимитед";"Средний бизнес"
4700;"ИП Молчанова Турова";"Средний бизнес"
4701;"НПО Кулаков, Рыбакова и Вишняков";"Малый бизнес"
4702;"ООО Третьякова";"Малый бизнес"
4703;"ИП Большакова, Петухова и Панова";"Малый бизнес"
4704;"ИП Королева";"Малый бизнес"
4705;"ОАО Щукин-Харитонов";"Малый бизнес"
4706;"Щербакова Групп";"Малый бизнес"
4707;"РАО Фролов-Кузнецов";"Малый бизнес"
4708;"Исаков Инк";"Малый бизнес"
4709;"ООО Абрамова Чернова";"Малый бизнес"
4710;"РАО Мухин-Беспалова";"Малый бизнес"
4711;"ОАО Турова-Щербаков";"Малый бизнес"
4712;"Московская биржа ММВБ-РТС";"Малый бизнес"
4713;"Тетра Пак (Tetra Pak)";"Средний бизнес"
4714;"ОАО Белова-Сысоева";"Малый бизнес"
4715;"СДС-Уголь";"Средний бизнес"
4716;"ОАО Пестов-Фокина";"Средний бизнес"
4717;"НПО Буров Воробьева";"Средний бизнес"
4718;"Краснодарзернопродукт-Экспо";"Малый бизнес"
4719;"Национальная компьютерная корпорация";"Малый бизнес"
4720;"РАО Савина Маркова";"Средний бизнес"
4721;"Технониколь";"Средний бизнес"
4722;"НПО Исакова-Титов";"Средний бизнес"
4723;"НПО Сазонов, Горшкова и Анисимова";"Средний бизнес"
4724;"Вишняков Лимитед";"Малый бизнес"
4725;"ОАО Соколов Белозеров";"Средний бизнес"
4726;"ИП Алексеева Федотова";"Средний бизнес"
4727;"НПО Одинцов";"Малый бизнес"
4728;"РАО Жданова, Петухов и Кабанова";"Малый бизнес"
4729;"ЗАО Щукина, Мясникова и Ширяева";"Средний бизнес"
4730;"Прохорова Групп";"Малый бизнес"
4731;"Запсибгазпром";"Средний бизнес"
4732;"ОАО Сорокин Евсеева";"Малый бизнес"
4733;"НПО Лыткина";"Средний бизнес"
4734;"ОАО Щукин Ларионов";"Малый бизнес"
4735;"АО Агафонова-Кулакова";"Малый бизнес"
4736;"Кононова Лтд";"Малый бизнес"
4737;"ОАО Дроздова Комиссаров";"Малый бизнес"
4738;"Овчинникова Лимитед";"Малый бизнес"
4739;"ООО Антонов Горшков";"Малый бизнес"
4740;"ООО Орлов-Кузьмин";"Малый бизнес"
4741;"ЗАО Антонова-Никонова";"Малый бизнес"
4742;"Красильникова Лтд";"Малый бизнес"
4743;"ООО Быков Новикова";"Средний бизнес"
4744;"ИП Рыбаков-Зыков";"Малый бизнес"
4745;"Автодом";"Средний бизнес"
4746;"ООО Колесников-Кабанова";"Средний бизнес"
4747;"ООО Герасимова";"Средний бизнес"
4748;"НПО Голубев Сафонов";"Малый бизнес"
4749;"РАО Горшков-Авдеева";"Средний бизнес"
4750;"Мишлен (Michelin)";"Малый бизнес"
4751;"НПО Васильев, Фадеева и Максимов";"Средний бизнес"
4752;"НПО Козлова, Стрелков и Егорова";"Средний бизнес"
4753;"Терентьев и партнеры";"Малый бизнес"
4754;"Бобылев Лтд";"Средний бизнес"
4755;"Устинова Лтд";"Малый бизнес"
4756;"РАО Пестов-Горбунов";"Средний бизнес"
4757;"ОАО Герасимов, Горбунов и Анисимова";"Малый бизнес"
4758;"АО Турова, Лазарев и Некрасов";"Средний бизнес"
4759;"ФГ Будущее";"Средний бизнес"
4760;"АО Блинов, Дьячкова и Носков";"Малый бизнес"
4761;"Ново-Уренгойская газовая компания";"Малый бизнес"
4762;"ИП Архипова";"Средний бизнес"
4763;"ИП Панфилова-Овчинникова";"Малый бизнес"
4764;"ЗАО Красильников, Иванова и Сорокина";"Средний бизнес"
4765;"ИП Михеев, Игнатьева и Лаврентьева";"Малый бизнес"
4766;"ООО Гордеева-Кузнецова";"Малый бизнес"
4767;"АО Галкина-Осипова";"Малый бизнес"
4768;"Третьяков Лтд";"Средний бизнес"
4769;"НПО Нестерова Киселев";"Малый бизнес"
4770;"Королев и партнеры";"Средний бизнес"
4771;"РАО Щукин";"Средний бизнес"
4772;"НПО Исакова Кулагина";"Средний бизнес"
4773;"ИП Емельянов";"Средний бизнес"
4774;"Ренейссанс Хэви Индастрис Ronesans Endustri";"Малый бизнес"
4775;"Инвестнефтетрейд";"Малый бизнес"
4776;"ОАО Бирюкова, Пахомова и Власова";"Малый бизнес"
4777;"Егорова Инк";"Средний бизнес"
4778;"АО Галкин, Мухин и Тимофеев";"Средний бизнес"
4779;"РАО Савин, Филиппова и Котова";"Средний бизнес"
4780;"ОАО Мельников-Козлов";"Средний бизнес"
4781;"ООО Елисеев";"Малый бизнес"
4782;"ООО Романова Брагин";"Средний бизнес"
4783;"Мосметрострой";"Малый бизнес"
4784;"ЗАО Громова-Смирнов";"Малый бизнес"
4785;"Азбука вкуса";"Средний бизнес"
4786;"АО Белов Шашкова";"Средний бизнес"
4787;"ИП Гаврилов";"Средний бизнес"
4788;"АО Сорокин Белякова";"Средний бизнес"
4789;"БСС";"Малый бизнес"
4790;"НПО Крюков Ильин";"Средний бизнес"
4791;"РАО Новикова";"Средний бизнес"
4792;"ИП Соколова-Веселова";"Малый бизнес"
4793;"РАО Михеева";"Малый бизнес"
4794;"Юг-Нефтепродукт";"Средний бизнес"
4795;"Группа М.Видео-Эльдорадо";"Малый бизнес"
4796;"РАО Александрова, Григорьев и Игнатьева";"Средний бизнес"
4797;"РАО Кузнецов-Емельянов";"Малый бизнес"
4798;"Богданова Групп";"Средний бизнес"
4799;"ЗАО Некрасов, Зиновьева и Игнатов";"Средний бизнес"
4800;"ИП Савельева-Орлова";"Средний бизнес"
4801;"ОАО Белов Трофимова";"Средний бизнес"
4802;"НПО Федосеева Савина";"Средний бизнес"
4803;"РАО Лукин, Дементьев и Шестакова";"Малый бизнес"
4804;"ООО Стрелков, Мамонтов и Силин";"Средний бизнес"
4805;"НПО Туров-Корнилова";"Малый бизнес"
4806;"ИП Полякова Сафонова";"Средний бизнес"
4807;"РАО Симонова, Егоров и Лаврентьева";"Малый бизнес"
4808;"АО Сергеев, Сазонова и Нестерова";"Малый бизнес"
4809;"Мишин Лимитед";"Малый бизнес"
4810;"ОАО Игнатьева Самсонов";"Малый бизнес"
4811;"Крокус";"Средний бизнес"
4812;"Ларионова Инк";"Средний бизнес"
4813;"РАО Рогов";"Малый бизнес"
4814;"Цветкова и партнеры";"Средний бизнес"
4815;"АО Соловьева-Сысоев";"Средний бизнес"
4816;"ЗАО Егорова";"Средний бизнес"
4817;"РАО Сергеев, Маслова и Поляков";"Малый бизнес"
4818;"РАО Логинов-Кулагин";"Малый бизнес"
4819;"Казаков и партнеры";"Малый бизнес"
4820;"ООО Шилова";"Средний бизнес"
4821;"Мамонтов Лимитед";"Средний бизнес"
4822;"Молчанова Инкорпорэйтед";"Малый бизнес"
4823;"Юнипро (Uniper)";"Средний бизнес"
4824;"РАО Тихонова, Соколова и Морозов";"Малый бизнес"
4825;"Максидом";"Малый бизнес"
4826;"Международный центр";"Малый бизнес"
4827;"Жданов Лтд";"Малый бизнес"
4828;"ЗАО Воробьева-Кулагин";"Малый бизнес"
4829;"НПО Костин Исаков";"Малый бизнес"
4830;"Казаньоргсинтез";"Малый бизнес"
4831;"Джонсон & Джонсон (Johnson & Johnson)";"Средний бизнес"
4832;"НПО Одинцов Тетерин";"Средний бизнес"
4833;"ОАО Боброва-Авдеев";"Малый бизнес"
4834;"ОАО Королева Гусев";"Средний бизнес"
4835;"УГС";"Средний бизнес"
4836;"РАО Владимиров";"Малый бизнес"
4837;"ОАО Харитонов, Соловьев и Щукина";"Средний бизнес"
4838;"Баранов и партнеры";"Средний бизнес"
4919;"Юг-Нефтепродукт";"Малый бизнес"
4839;"Ашинский металлургический завод";"Малый бизнес"
4840;"НПО Быкова";"Малый бизнес"
4841;"ИП Большаков, Субботина и Селезнев";"Средний бизнес"
4842;"Ларионов Инкорпорэйтед";"Средний бизнес"
4843;"РАО Новикова-Юдина";"Средний бизнес"
4844;"ОАО Журавлев Маслова";"Средний бизнес"
4845;"АО Абрамова";"Средний бизнес"
4846;"Киселев и партнеры";"Средний бизнес"
4847;"ООО Носкова Брагина";"Средний бизнес"
4848;"АО Соколова Сазонова";"Средний бизнес"
4849;"Рогова и партнеры";"Малый бизнес"
4850;"ЗАО Шарапова";"Малый бизнес"
4851;"Баранов Инк";"Малый бизнес"
4852;"РАО Пестова, Русаков и Котов";"Малый бизнес"
4853;"Евдокимов Инк";"Средний бизнес"
4854;"Стройсервис";"Средний бизнес"
4855;"РАО Федосеева Тихонова";"Средний бизнес"
4856;"ЗАО Макарова, Николаева и Никифорова";"Малый бизнес"
4857;"ИП Соловьева-Лыткина";"Малый бизнес"
4858;"ОАО Стрелкова-Фролов";"Средний бизнес"
4859;"Media Direction Group";"Средний бизнес"
4860;"Овчинников Инк";"Малый бизнес"
4861;"Отисифарм";"Малый бизнес"
4862;"Национальная нерудная компания";"Малый бизнес"
4863;"Главное управление обустройства войск (ГУОВ)";"Малый бизнес"
4864;"ИП Агафонов Ермакова";"Средний бизнес"
4865;"ИП Горбунова-Лапина";"Малый бизнес"
4866;"АО Кулагин, Молчанова и Дмитриева";"Средний бизнес"
4867;"АО Петрова";"Средний бизнес"
4868;"Монди СЛПК (Mondi)";"Малый бизнес"
4869;"АО Волкова, Туров и Мартынов";"Средний бизнес"
4870;"АО Устинов";"Малый бизнес"
4871;"ЗАО Муравьев Стрелкова";"Средний бизнес"
4872;"ОАО Белов-Борисова";"Малый бизнес"
4873;"ООО Сидоров, Соловьев и Гордеев";"Средний бизнес"
4874;"РАО Рогов Туров";"Средний бизнес"
4875;"ОАО Иванов-Жданова";"Средний бизнес"
4876;"ООО Сысоев Баранов";"Малый бизнес"
4877;"Сидорова Лимитед";"Средний бизнес"
4878;"Ситников Лимитед";"Малый бизнес"
4879;"Третьякова Групп";"Средний бизнес"
4880;"ОАО Петров-Осипова";"Малый бизнес"
4881;"ИП Соболева Галкина";"Малый бизнес"
4882;"ОАО Жданова";"Средний бизнес"
4883;"ИП Лазарев, Емельянова и Авдеева";"Средний бизнес"
4884;"ЗАО Карпова Зайцев";"Малый бизнес"
4885;"ООО Щукин-Панов";"Малый бизнес"
4886;"Игнатьев Инк";"Средний бизнес"
4887;"ИП Капустина-Зимин";"Средний бизнес"
4888;"РАО Филатов Козлова";"Средний бизнес"
4889;"СДС-Уголь";"Малый бизнес"
4890;"АО Полякова, Кудрявцев и Кононов";"Средний бизнес"
4891;"Русал";"Малый бизнес"
4892;"АО Суханов";"Средний бизнес"
4893;"ЗАО Максимова, Мартынова и Исаев";"Малый бизнес"
4894;"Яндекс";"Средний бизнес"
4895;"ООО Дементьева-Михайлова";"Малый бизнес"
4896;"ЗАО Мишин, Дементьева и Терентьева";"Средний бизнес"
4897;"ООО Блинова Архипова";"Средний бизнес"
4898;"АО Евсеева, Белоусов и Костина";"Средний бизнес"
4899;"РАО Александрова-Герасимов";"Малый бизнес"
4900;"НПО Родионов";"Малый бизнес"
4901;"ООО Герасимова, Корнилова и Силин";"Средний бизнес"
4902;"ИП Голубева Овчинникова";"Малый бизнес"
4903;"Алкоторг";"Малый бизнес"
4904;"ЗАО Шилова Наумов";"Средний бизнес"
4905;"ООО Титова, Назарова и Муравьева";"Средний бизнес"
4906;"РАО Щукина";"Средний бизнес"
4907;"ЗАО Ситников, Владимирова и Тарасов";"Малый бизнес"
4908;"Мон Дэлис (Mondelez)";"Малый бизнес"
4909;"НПО Доронин-Ершов";"Малый бизнес"
4910;"ООО Овчинникова Нестеров";"Малый бизнес"
4911;"НПО Беляев Борисов";"Средний бизнес"
4912;"Вольво Восток (AB Volvo)";"Малый бизнес"
4913;"НПО Терентьева Бобылева";"Средний бизнес"
4914;"ОАО Кузнецов";"Малый бизнес"
4915;"Ефимов Инкорпорэйтед";"Малый бизнес"
4916;"РЕ Трэйдинг (LPP)";"Малый бизнес"
4917;"АО Самсонов-Маслов";"Малый бизнес"
4918;"ОАО Игнатов";"Средний бизнес"
4920;"АО Суворов Гущина";"Малый бизнес"
4921;"НПО Кононова, Мельников и Федосеев";"Средний бизнес"
4922;"ИП Зыков, Фадеев и Данилова";"Малый бизнес"
4923;"Шилова Групп";"Малый бизнес"
4924;"Группа РЕСО";"Малый бизнес"
4925;"ЗАО Бобров";"Средний бизнес"
4926;"ИП Сысоев, Веселова и Козлова";"Малый бизнес"
4927;"ОАО Муравьева-Рогов";"Малый бизнес"
4928;"АО Комиссаров, Ларионова и Кудряшов";"Средний бизнес"
4929;"НПО Гордеев";"Средний бизнес"
4930;"НПО Анисимова-Лыткин";"Малый бизнес"
4931;"РАО Тетерина-Исаков";"Средний бизнес"
4932;"ИП Егоров";"Малый бизнес"
4933;"НЛМК";"Малый бизнес"
4934;"РАО Борисова Иванова";"Средний бизнес"
4935;"АО Харитонова Лаврентьев";"Малый бизнес"
4936;"НПО Поляков, Сысоев и Никифорова";"Средний бизнес"
4937;"АО Цветков Кабанов";"Средний бизнес"
4938;"ИП Максимов Пахомов";"Малый бизнес"
4939;"РАО Белов-Ермакова";"Малый бизнес"
4940;"ОАО Гурьева Андреев";"Средний бизнес"
4941;"Алкоторг";"Малый бизнес"
4942;"ИП Бобылев, Анисимов и Беляков";"Малый бизнес"
4943;"ИП Ершов, Логинова и Козлова";"Средний бизнес"
4944;"Субботин Лтд";"Малый бизнес"
4945;"Автотор холдинг";"Малый бизнес"
4946;"Совкомфлот";"Средний бизнес"
4947;"ОАО Прохоров-Григорьев";"Малый бизнес"
4948;"ЗАО Ситников Титова";"Малый бизнес"
4949;"ИП Шестакова-Дьячкова";"Средний бизнес"
4950;"Шаров Групп";"Средний бизнес"
4951;"ОАО Беляев, Егоров и Тимофеев";"Средний бизнес"
4952;"Воронцова Групп";"Средний бизнес"
4953;"НПО Шубин";"Средний бизнес"
4954;"ЗАО Тарасов, Романова и Ершов";"Малый бизнес"
4955;"Петухов и партнеры";"Средний бизнес"
4956;"НПО Беляев";"Средний бизнес"
4957;"ЗАО Белоусова";"Малый бизнес"
4958;"НПО Фомин-Лебедев";"Малый бизнес"
4959;"ИП Боброва, Симонова и Белова";"Средний бизнес"
4960;"АО Лыткина-Федорова";"Средний бизнес"
4961;"АО Гурьева-Никитин";"Средний бизнес"
4962;"Emex";"Малый бизнес"
4963;"Данон  (Danone)";"Малый бизнес"
4964;"Романова и партнеры";"Средний бизнес"
4965;"АО Емельянов-Дмитриева";"Средний бизнес"
4966;"Почта России";"Средний бизнес"
4967;"ОАО Мартынов-Кузьмина";"Средний бизнес"
4968;"ЗАО Щербаков";"Средний бизнес"
4969;"ЗАО Афанасьев";"Средний бизнес"
4970;"РАО Копылова";"Средний бизнес"
4971;"Газпром автоматизация";"Средний бизнес"
4972;"ИП Колесникова, Фокин и Родионова";"Малый бизнес"
4973;"Фольксваген Груп Рус";"Средний бизнес"
4974;"НПО Князева Казаков";"Малый бизнес"
4975;"ООО Одинцова-Власова";"Малый бизнес"
4976;"НПО Казакова-Гусев";"Малый бизнес"
4977;"Дроздова Инк";"Малый бизнес"
4978;"РАО Князева";"Малый бизнес"
4979;"Елисеева и партнеры";"Средний бизнес"
4980;"РАО Ершова-Гордеева";"Малый бизнес"
4981;"ОАО Гордеева";"Малый бизнес"
4982;"Киселев Инкорпорэйтед";"Малый бизнес"
4983;"НПО Елисеева Гордеева";"Средний бизнес"
4984;"ЛУКОЙЛ";"Средний бизнес"
4985;"РАО Панфилова-Афанасьева";"Средний бизнес"
4986;"ИКЕА Дом (INGKA)";"Малый бизнес"
4987;"ИП Лукин, Белозеров и Марков";"Средний бизнес"
4988;"Афанасьева Инк";"Средний бизнес"
4989;"Богданова Групп";"Малый бизнес"
4990;"ИП Уваров";"Средний бизнес"
4991;"ИП Щербаков Колесников";"Малый бизнес"
4992;"Зыков Лимитед";"Малый бизнес"
4993;"ИП Зыков Гурьев";"Малый бизнес"
4994;"ИП Захарова Прохоров";"Малый бизнес"
4995;"Тихонова Лтд";"Средний бизнес"
4996;"ООО Комиссаров";"Малый бизнес"
4997;"НПО Виноградов";"Средний бизнес"
4998;"Игнатов Лимитед";"Малый бизнес"
4999;"ОАО Ильин Блохин";"Малый бизнес"
5000;"Nordgold";"Средний бизнес"
5001;"ИП Турова-Копылова";"Малый бизнес"
5002;"Соболев и партнеры";"Средний бизнес"
5003;"НПО Ситникова-Носова";"Малый бизнес"
5004;"Громова и партнеры";"Средний бизнес"
5005;"НПО Медведева";"Малый бизнес"
5006;"Лихачева Лтд";"Средний бизнес"
5007;"ЭС";"Средний бизнес"
5008;"ИП Киселев Доронина";"Малый бизнес"
5009;"ИП Ершов Попов";"Средний бизнес"
5010;"ООО Максимов";"Средний бизнес"
5011;"РАО Ширяева Сорокин";"Средний бизнес"
5012;"Комиссаров Инк";"Малый бизнес"
5013;"РАО Сорокин";"Малый бизнес"
5014;"АО Якушев Устинова";"Средний бизнес"
5015;"ООО Антонов, Наумова и Логинова";"Средний бизнес"
5016;"ЗАО Никонова Симонова";"Малый бизнес"
5017;"Якушева Лимитед";"Средний бизнес"
5018;"ИП Самойлов, Денисова и Блинова";"Малый бизнес"
5019;"Крылова Лтд";"Малый бизнес"
5020;"Симонова Лимитед";"Малый бизнес"
5021;"АО Ларионова Фролова";"Средний бизнес"
5022;"ЛокоТех";"Средний бизнес"
5023;"ИП Лукин-Капустин";"Малый бизнес"
5024;"Нефтехимсервис";"Малый бизнес"
5025;"АО Бобылев";"Малый бизнес"
5026;"Колобов Инк";"Малый бизнес"
5027;"Форд Соллерс Холдинг";"Средний бизнес"
5028;"ОАО Тихонов-Калинин";"Малый бизнес"
5029;"ООО Гуляев, Максимова и Ефремов";"Средний бизнес"
5030;"ФСК Лидер";"Средний бизнес"
5031;"Гаврилов Групп";"Малый бизнес"
5032;"НПО Лапин-Воронцов";"Малый бизнес"
5033;"Зуев Лтд";"Средний бизнес"
5034;"Группа Волга-Днепр";"Малый бизнес"
5035;"НПО Сазонов";"Средний бизнес"
5036;"ООО Анисимов, Архипов и Суханова";"Средний бизнес"
5037;"Ширяева и партнеры";"Средний бизнес"
5038;"ОАО Исаков, Герасимов и Веселов";"Малый бизнес"
5039;"Мухина Лтд";"Средний бизнес"
5040;"НПО Константинова, Мясников и Субботина";"Малый бизнес"
5041;"ЗАО Наумова Елисеев";"Средний бизнес"
5042;"НПО Молчанова-Комарова";"Малый бизнес"
5043;"АО Туров-Иванова";"Малый бизнес"
5044;"РАО Королева-Андреев";"Малый бизнес"
5045;"НПО Ситников-Карпов";"Малый бизнес"
5046;"РАО Герасимова";"Малый бизнес"
5047;"РАО Сорокина";"Средний бизнес"
5048;"ИП Соловьев";"Средний бизнес"
5049;"ЗАО Зиновьева-Фролова";"Малый бизнес"
5050;"ЗАО Никонов, Игнатов и Богданова";"Малый бизнес"
5051;"Матвеева Инкорпорэйтед";"Средний бизнес"
5052;"АО Назарова Фокина";"Средний бизнес"
5053;"Алтайвагон";"Малый бизнес"
5054;"ИП Суворов";"Средний бизнес"
5055;"КДВ Групп";"Средний бизнес"
5056;"ОАО Филатова Дроздова";"Средний бизнес"
5057;"ЗАО Полякова Кабанов";"Средний бизнес"
5058;"Артемьев Групп";"Малый бизнес"
5059;"ОАО Николаева";"Средний бизнес"
5060;"АО Михеев-Владимирова";"Малый бизнес"
5061;"ООО Мясникова, Ларионова и Егорова";"Средний бизнес"
5062;"ЗАО Кулагин Зайцева";"Малый бизнес"
5063;"Суханов Групп";"Малый бизнес"
5064;"ИП Жуков";"Средний бизнес"
5065;"НПО Сидоров-Орехова";"Средний бизнес"
5066;"Стройсервис";"Средний бизнес"
5067;"ООО Калашникова, Борисов и Борисова";"Средний бизнес"
5068;"ОАО Павлов";"Малый бизнес"
5069;"Самсунг Электроникс Рус Калуга (Samsung)";"Малый бизнес"
5070;"Сергеев Инкорпорэйтед";"Средний бизнес"
5071;"Носов Лимитед";"Малый бизнес"
5072;"НПО Тетерина, Богданова и Рожков";"Средний бизнес"
5073;"НПО Калинина, Васильева и Соболева";"Средний бизнес"
5074;"Славянск Эко";"Малый бизнес"
5075;"НПО Григорьева-Блохин";"Малый бизнес"
5076;"АО Маслова-Жданова";"Средний бизнес"
5077;"ООО Шестаков-Нестерова";"Малый бизнес"
5078;"ТД БелАЗ";"Малый бизнес"
5079;"ОАО Лыткин";"Малый бизнес"
5080;"АО Семенова-Антонов";"Средний бизнес"
5081;"НПО Трофимов, Лукина и Петрова";"Средний бизнес"
5082;"Куликов Лимитед";"Малый бизнес"
5083;"ООО Зимин-Сидоров";"Малый бизнес"
5084;"АО Моисеев";"Средний бизнес"
5085;"ООО Артемьев-Князев";"Малый бизнес"
5086;"ЗАО Белозеров";"Средний бизнес"
5087;"НПО Анисимов, Соловьева и Фокина";"Малый бизнес"
5088;"НПО Бурова-Галкина";"Малый бизнес"
5089;"ООО Галкина, Пономарева и Семенова";"Средний бизнес"
5090;"Fonbet";"Средний бизнес"
5091;"ООО Селиверстова Афанасьева";"Малый бизнес"
5092;"ООО Горшков, Логинова и Колесников";"Малый бизнес"
5093;"РАО Фокина, Соболев и Пономарев";"Малый бизнес"
5094;"АО Назаров, Быкова и Селезнева";"Средний бизнес"
5095;"Национальная нерудная компания";"Малый бизнес"
5096;"Кабанов Инк";"Средний бизнес"
5097;"ООО Овчинников-Ермаков";"Средний бизнес"
5098;"АО Боброва";"Малый бизнес"
5099;"ОАО Третьякова, Зыкова и Морозов";"Средний бизнес"
5100;"РАО Гордеева Никифоров";"Средний бизнес"
5101;"ЗАО Терентьева Марков";"Малый бизнес"
5102;"ИП Кононов Шубин";"Малый бизнес"
5103;"Михайлов Лимитед";"Малый бизнес"
5104;"ООО Воробьева Зыков";"Малый бизнес"
5105;"ЗАО Овчинникова";"Малый бизнес"
5106;"НПО Одинцова-Горбачева";"Средний бизнес"
5107;"Муравьев Инк";"Малый бизнес"
5108;"НПО Веселова-Баранова";"Средний бизнес"
5109;"ОАО Воробьева, Фадеев и Баранова";"Средний бизнес"
5110;"ООО Моисеев";"Средний бизнес"
5111;"Гуляева Лтд";"Малый бизнес"
5112;"РАО Ковалев-Блинова";"Малый бизнес"
5113;"РАО Анисимов-Лаврентьев";"Средний бизнес"
5114;"ИП Елисеев";"Средний бизнес"
5115;"Волгоградэнергосбыт";"Малый бизнес"
5116;"ЗАО Шарапов-Егоров";"Средний бизнес"
5117;"РТИ";"Средний бизнес"
5118;"Гордеева и партнеры";"Малый бизнес"
5119;"Самсонова Групп";"Малый бизнес"
5120;"Сибуглемет";"Малый бизнес"
5121;"Мон Дэлис (Mondelez)";"Средний бизнес"
5122;"Краснодарзернопродукт-Экспо";"Малый бизнес"
5123;"ООО Игнатьев-Стрелкова";"Средний бизнес"
5124;"ЗАО Крюков-Селезнева";"Малый бизнес"
5125;"Веселов Инк";"Малый бизнес"
5126;"Елисеева Лтд";"Средний бизнес"
5127;"АО Мясников, Потапова и Силина";"Малый бизнес"
5128;"ИП Владимирова";"Средний бизнес"
5129;"ЗАО Ситникова-Красильникова";"Средний бизнес"
5130;"Мосводоканал";"Малый бизнес"
5131;"РАО Абрамова-Корнилова";"Малый бизнес"
5132;"ЗАО Орлова-Овчинникова";"Средний бизнес"
5133;"ЗАО Нестеров, Соболев и Князев";"Малый бизнес"
5134;"РАО Константинова-Михайлова";"Средний бизнес"
5135;"ИП Васильева Рыбакова";"Малый бизнес"
5136;"РАО Селиверстова, Панов и Стрелкова";"Средний бизнес"
5137;"ЗАО Кириллова";"Средний бизнес"
5138;"ЗАО Константинова Мухина";"Малый бизнес"
5139;"АО Субботина Кулаков";"Малый бизнес"
5140;"ЗАО Фомичев Одинцов";"Малый бизнес"
5141;"РАО Фролов-Самойлова";"Средний бизнес"
5142;"Санофи Россия (Sanofi)";"Малый бизнес"
5143;"ЗАО Ефремов, Пономарева и Александрова";"Малый бизнес"
5144;"АО Щукина, Герасимов и Анисимов";"Средний бизнес"
5145;"НПО Прохорова, Филиппов и Владимирова";"Малый бизнес"
5146;"ИП Никитин Яковлева";"Малый бизнес"
5147;"Макдоналдc (McDonald`s)";"Средний бизнес"
5148;"ОАО Красильникова";"Малый бизнес"
5149;"ОАО Зимин, Орлова и Мухин";"Малый бизнес"
5150;"АО Мамонтова, Третьяков и Ширяева";"Малый бизнес"
5151;"НПО Сафонова, Борисов и Ларионов";"Малый бизнес"
5152;"НПО Соболев Никифорова";"Малый бизнес"
5153;"ОАО Мельникова, Моисеев и Воробьева";"Малый бизнес"
5154;"ООО Калашникова Агафонова";"Средний бизнес"
5155;"НПО Ефимова-Жданова";"Малый бизнес"
5156;"АО Рябов, Овчинников и Савина";"Средний бизнес"
5157;"ЗАО Лукина";"Средний бизнес"
5158;"Мясников Лтд";"Малый бизнес"
5159;"ЗАО Евдокимова Евдокимова";"Средний бизнес"
5160;"РАО Захарова, Матвеева и Марков";"Малый бизнес"
5161;"Лыткин Групп";"Малый бизнес"
5325;"НПО Савельева";"Средний бизнес"
5162;"Техкомпания Хуавэй (Huawei)";"Малый бизнес"
5163;"ИП Алексеев Тихонова";"Малый бизнес"
5164;"Автозаправочные комплексы Atan";"Средний бизнес"
5165;"Колобов и партнеры";"Малый бизнес"
5166;"АО Калашников";"Малый бизнес"
5167;"ЗАО Федотова-Васильев";"Средний бизнес"
5168;"ИП Симонов-Копылов";"Малый бизнес"
5169;"РАО Якушева-Моисеев";"Средний бизнес"
5170;"ЗАО Сазонова";"Малый бизнес"
5171;"РАО Зимина Евсеев";"Средний бизнес"
5172;"РАО Харитонов";"Малый бизнес"
5173;"Промышленно-металлургический холдинг";"Малый бизнес"
5174;"НПО Зимина, Ковалева и Герасимов";"Средний бизнес"
5175;"ЗАО Шубин";"Малый бизнес"
5176;"ООО Зиновьева-Белозеров";"Малый бизнес"
5177;"ЗАО Беляков";"Малый бизнес"
5178;"НПО Ефимова, Ларионов и Титова";"Средний бизнес"
5179;"Соколов Лимитед";"Малый бизнес"
5180;"НПО Михеев-Петухова";"Средний бизнес"
5181;"НПО Прохоров Новикова";"Средний бизнес"
5182;"ООО Костин-Мельникова";"Малый бизнес"
5183;"ЗАО Лихачева";"Малый бизнес"
5184;"АО Горбунов Комиссарова";"Средний бизнес"
5185;"Михайлова и партнеры";"Средний бизнес"
5186;"ИП Туров, Носков и Сергеев";"Малый бизнес"
5187;"Аксенов Инк";"Малый бизнес"
5188;"Сафонова Групп";"Малый бизнес"
5189;"ОАО Кузьмин";"Малый бизнес"
5190;"ООО Авдеева Муравьева";"Средний бизнес"
5191;"ОАО Федоров Артемьев";"Средний бизнес"
5192;"ЗАО Стрелков Суворов";"Средний бизнес"
5193;"ЗАО Баранов-Королева";"Средний бизнес"
5194;"ЗАО Власов";"Малый бизнес"
5195;"Данилов и партнеры";"Малый бизнес"
5196;"ОАО Сафонов Кошелева";"Средний бизнес"
5197;"Дон-Строй Инвест";"Средний бизнес"
5198;"Бристоль";"Малый бизнес"
5199;"Mail.Ru Group";"Средний бизнес"
5200;"Якушева и партнеры";"Малый бизнес"
5201;"НПО Кондратьев Зимина";"Малый бизнес"
5202;"АО Шашкова, Сорокина и Носов";"Средний бизнес"
5203;"ИП Зиновьева, Герасимова и Быков";"Средний бизнес"
5204;"АО Шарова";"Средний бизнес"
5205;"ЗАО Горбачев";"Малый бизнес"
5206;"АО Филиппова";"Средний бизнес"
5207;"ОАО Васильева Ковалев";"Средний бизнес"
5208;"ЗАО Горбачева Фомин";"Малый бизнес"
5209;"Профитмед";"Малый бизнес"
5210;"Власова Инкорпорэйтед";"Малый бизнес"
5211;"АО Романова";"Средний бизнес"
5212;"НПО Беспалов Соколова";"Малый бизнес"
5213;"ООО Горбачева";"Малый бизнес"
5214;"Инвестнефтетрейд";"Малый бизнес"
5215;"АО Полякова Красильникова";"Средний бизнес"
5216;"ОАО Блохина";"Средний бизнес"
5217;"ООО Лыткин";"Малый бизнес"
5218;"Евдокимов Лтд";"Средний бизнес"
5219;"Анисимова Инк";"Средний бизнес"
5220;"ООО Доронина Зыков";"Средний бизнес"
5221;"ОАО Агафонова";"Средний бизнес"
5222;"ОАО Силин";"Малый бизнес"
5223;"Архангельский ЦБК";"Малый бизнес"
5224;"ИП Крюкова, Шилова и Юдин";"Малый бизнес"
5225;"АО Власов";"Средний бизнес"
5226;"Галкин Инк";"Малый бизнес"
5227;"ИП Якушев, Кулаков и Сысоев";"Малый бизнес"
5228;"РАО Горшкова-Агафонов";"Малый бизнес"
5229;"Терентьев Инкорпорэйтед";"Малый бизнес"
5230;"ИП Одинцова";"Малый бизнес"
5231;"Инвестнефтетрейд";"Малый бизнес"
5232;"ОАО Одинцова";"Малый бизнес"
5233;"Нефтьмагистраль";"Малый бизнес"
5234;"ЗАО Филатов-Морозов";"Средний бизнес"
5235;"ЗАО Фролов";"Малый бизнес"
5236;"НПО Бирюков, Щербаков и Виноградова";"Средний бизнес"
5237;"АО Панова-Козлов";"Средний бизнес"
5238;"Мишлен (Michelin)";"Малый бизнес"
5239;"ЗАО Щербаков Селиверстова";"Малый бизнес"
5240;"ОАО Куликов Павлов";"Средний бизнес"
5241;"ГК Великан";"Малый бизнес"
5242;"ИП Ковалев-Евдокимов";"Малый бизнес"
5243;"Юнилевер Русь (Unilever)";"Малый бизнес"
5244;"РАО Андреева Волков";"Малый бизнес"
5245;"НПО Давыдова Харитонова";"Средний бизнес"
5246;"ИП Ефимова";"Средний бизнес"
5247;"Беляев Лимитед";"Средний бизнес"
5248;"Российские сети";"Малый бизнес"
5249;"ЗАО Александров Алексеева";"Средний бизнес"
5250;"Воробьев Лимитед";"Средний бизнес"
5251;"НПО Юдина-Давыдов";"Средний бизнес"
5252;"ООО Аксенова Орехов";"Малый бизнес"
5253;"Транстрейдойл";"Средний бизнес"
5254;"АО Евдокимов Лыткина";"Малый бизнес"
5255;"РАО Ефремов Кошелева";"Малый бизнес"
5256;"Ашинский металлургический завод";"Малый бизнес"
5257;"Фокин Инкорпорэйтед";"Средний бизнес"
5258;"АО Данилов, Андреева и Федотова";"Малый бизнес"
5259;"ЗАО Селезнев";"Средний бизнес"
5260;"Международный центр";"Малый бизнес"
5261;"АО Русаков, Меркушев и Романов";"Малый бизнес"
5262;"РАО Рогов-Прохоров";"Малый бизнес"
5263;"А.П.Р.";"Малый бизнес"
5264;"ООО Галкин, Михеев и Кабанов";"Малый бизнес"
5265;"ООО Родионов, Баранов и Петухов";"Малый бизнес"
5266;"Боброва Лимитед";"Малый бизнес"
5267;"АО Филатов-Рожкова";"Средний бизнес"
5268;"Вольво Восток (AB Volvo)";"Средний бизнес"
5269;"ОАО Блохина-Большакова";"Малый бизнес"
5270;"Ершова и партнеры";"Малый бизнес"
5271;"АО Крылова";"Малый бизнес"
5272;"ВымпелКом";"Средний бизнес"
5273;"РАО Кабанова";"Малый бизнес"
5274;"ИП Колобов, Артемьева и Макарова";"Средний бизнес"
5275;"РАО Тетерин Орлова";"Средний бизнес"
5276;"Федоров Инк";"Малый бизнес"
5277;"ЗАО Соколов-Третьякова";"Средний бизнес"
5278;"Авторусь";"Малый бизнес"
5279;"ОАО Воронова, Соболев и Дроздов";"Средний бизнес"
5280;"ООО Мухин, Копылова и Воронов";"Малый бизнес"
5281;"ОАО Киселев-Комаров";"Средний бизнес"
5282;"ОАО Колесников";"Средний бизнес"
5283;"РАО Гордеев, Горшкова и Лобанова";"Малый бизнес"
5284;"ООО Симонова Дементьев";"Средний бизнес"
5285;"ОАО Филиппов";"Средний бизнес"
5286;"Владимиров и партнеры";"Малый бизнес"
5287;"АО Блинов, Яковлев и Потапов";"Средний бизнес"
5288;"АО Егоров-Козлов";"Малый бизнес"
5289;"ИП Гуляев";"Средний бизнес"
5290;"РАО Копылова-Никитина";"Малый бизнес"
5291;"Минудобрения";"Средний бизнес"
5292;"Металлоторг";"Средний бизнес"
5293;"ООО Копылов, Воронцов и Макаров";"Средний бизнес"
5294;"ООО Турова-Осипов";"Малый бизнес"
5295;"ЗАО Артемьев, Муравьева и Тихонова";"Малый бизнес"
5296;"Маслова Лтд";"Малый бизнес"
5297;"НПО Афанасьева, Евсеева и Рыбакова";"Малый бизнес"
5298;"Костина Лтд";"Малый бизнес"
5299;"ГК 1520";"Малый бизнес"
5300;"Громов Лимитед";"Малый бизнес"
5301;"НПО Назаров";"Средний бизнес"
5302;"ОАО Бобров, Колобов и Зуев";"Средний бизнес"
5303;"АО Корнилова, Назаров и Колобов";"Малый бизнес"
5304;"ИП Назарова Поляков";"Малый бизнес"
5305;"ЗАО Фролова Богданов";"Малый бизнес"
5306;"ООО Воронов Федоров";"Средний бизнес"
5307;"Соболев Инк";"Малый бизнес"
5308;"РАО Ермакова-Тихонова";"Средний бизнес"
5309;"ОАО Бобров, Кононова и Беляева";"Средний бизнес"
5310;"Харитонова Лимитед";"Средний бизнес"
5311;"Третьяков Инк";"Средний бизнес"
5312;"НПО Лобанова, Фокин и Гришина";"Средний бизнес"
5313;"ИП Абрамов Котова";"Средний бизнес"
5314;"АО Фомин-Рожков";"Средний бизнес"
5315;"АО Третьяков Пестов";"Малый бизнес"
5316;"РАО Гусева Голубева";"Средний бизнес"
5317;"ИП Сергеев, Белов и Коновалов";"Средний бизнес"
5318;"ОАО Евсеева";"Малый бизнес"
5319;"РАО Сафонова, Мельников и Осипова";"Средний бизнес"
5320;"НПО Шарова Куликов";"Средний бизнес"
5321;"НПО Копылов-Чернова";"Средний бизнес"
5322;"РАО Бобров Захаров";"Малый бизнес"
5323;"АО Мамонтова-Петрова";"Средний бизнес"
5324;"РАО Ермакова";"Малый бизнес"
5326;"АО Савельев, Рыбакова и Копылов";"Средний бизнес"
5327;"Лента";"Малый бизнес"
5328;"НПО Игнатов, Федосеев и Лаврентьев";"Средний бизнес"
5329;"АО Шубин-Громова";"Малый бизнес"
5330;"НПО Михеева Козлова";"Средний бизнес"
5331;"ООО Орлова-Пестов";"Средний бизнес"
5332;"Гурьева Инкорпорэйтед";"Малый бизнес"
5333;"Банковский холдинг Альфа-банка";"Малый бизнес"
5334;"ОАО Лобанова-Тарасова";"Малый бизнес"
5335;"Семенова и партнеры";"Малый бизнес"
5336;"ЗАО Макарова, Никонова и Комиссаров";"Средний бизнес"
5337;"ООО Рыбаков, Лебедева и Носкова";"Малый бизнес"
5338;"НПО Мартынова";"Малый бизнес"
5339;"ООО Мельникова, Корнилова и Лаврентьев";"Малый бизнес"
5340;"РАО Блинов Гордеев";"Малый бизнес"
5341;"АО Панов-Русаков";"Средний бизнес"
5342;"ОАО Зиновьев-Лыткин";"Малый бизнес"
5343;"Стрелкова Лтд";"Средний бизнес"
5344;"РАО Богданова, Нестеров и Михеев";"Средний бизнес"
5345;"АО Тарасов-Кононов";"Малый бизнес"
5346;"Группа Газфонд";"Средний бизнес"
5347;"НПО Соболев Дементьев";"Малый бизнес"
5348;"Мон Дэлис (Mondelez)";"Малый бизнес"
5349;"Титов Групп";"Средний бизнес"
5350;"ООО Белоусова, Маркова и Тарасов";"Малый бизнес"
5351;"Снежная Королева";"Средний бизнес"
5352;"А Групп";"Средний бизнес"
5353;"ИП Ермакова";"Малый бизнес"
5354;"АО Стрелкова";"Средний бизнес"
5355;"ООО Красильникова";"Малый бизнес"
5356;"Зыков Лимитед";"Средний бизнес"
5357;"Громова и партнеры";"Средний бизнес"
5358;"ИП Ершов, Алексеев и Павлов";"Малый бизнес"
5359;"АО Савельев";"Малый бизнес"
5360;"НПО Кузьмина-Комаров";"Малый бизнес"
5361;"ООО Юдина, Воронов и Зуев";"Средний бизнес"
5362;"ООО Силина Панфилов";"Средний бизнес"
5363;"ООО Никитина Рыбакова";"Средний бизнес"
5364;"ОАО Силин Лукина";"Малый бизнес"
5365;"Национальная медиа группа";"Малый бизнес"
5366;"ООО Гаврилов, Фролова и Денисова";"Средний бизнес"
5367;"ОАО Борисов-Носова";"Средний бизнес"
5368;"АО Рожков Фролова";"Средний бизнес"
5369;"ЗАО Наумов, Тимофеев и Ефимова";"Малый бизнес"
5370;"РАО Дмитриева-Нестерова";"Средний бизнес"
5371;"РАО Данилова-Беспалова";"Средний бизнес"
5372;"ОАО Хохлов-Беляева";"Средний бизнес"
5373;"ИП Дмитриев";"Средний бизнес"
5374;"Сазонова Групп";"Средний бизнес"
5375;"ООО Гущин Сазонова";"Малый бизнес"
5376;"ООО Быков";"Средний бизнес"
5377;"АО Горбунова, Молчанова и Комаров";"Малый бизнес"
5378;"ЗАО Королев Силин";"Средний бизнес"
5379;"ЗАО Филатова Боброва";"Малый бизнес"
5380;"ОАО Самойлова";"Малый бизнес"
5381;"НПО Красильников";"Малый бизнес"
5382;"ЗАО Щукина Назарова";"Средний бизнес"
5383;"НПО Мишина, Лебедев и Веселов";"Средний бизнес"
5384;"НПО Коновалова Семенова";"Средний бизнес"
5385;"Нефтехимремстрой";"Малый бизнес"
5386;"Нова";"Малый бизнес"
5387;"ИП Игнатьева-Денисова";"Средний бизнес"
5388;"Белгранкорм-холдинг";"Средний бизнес"
5389;"ООО Гущина-Дмитриев";"Средний бизнес"
5390;"РАО Некрасов, Сафонова и Гурьева";"Средний бизнес"
5391;"Сысоев и партнеры";"Средний бизнес"
5392;"ОАО Кулагин";"Средний бизнес"
5393;"ИП Родионова, Богданова и Филатова";"Малый бизнес"
5394;"Силин и партнеры";"Малый бизнес"
5395;"Архипов Инкорпорэйтед";"Средний бизнес"
5396;"Веселов Групп";"Средний бизнес"
5397;"Вертолеты России";"Средний бизнес"
5398;"Таграс (ТНГ-Групп)";"Малый бизнес"
5399;"ООО Маслов";"Средний бизнес"
5400;"ОАО Абрамов Кононов";"Малый бизнес"
5401;"Воронцов Групп";"Средний бизнес"
5402;"АО Григорьев";"Средний бизнес"
5403;"ОАО Дмитриева Александрова";"Средний бизнес"
5404;"РАО Уварова, Андреев и Мишин";"Средний бизнес"
5486;"НЛМК";"Малый бизнес"
5405;"Тарасова и партнеры";"Малый бизнес"
5406;"ООО Кондратьев";"Средний бизнес"
5407;"АО Галкин";"Средний бизнес"
5408;"Нефтьмагистраль";"Средний бизнес"
5409;"ИП Артемьев Мухин";"Средний бизнес"
5410;"Смирнова Лтд";"Средний бизнес"
5411;"ЗАО Русакова";"Малый бизнес"
5412;"ИП Наумова";"Средний бизнес"
5413;"ОАО Моисеева-Фомичева";"Средний бизнес"
5414;"ЗАО Ильина";"Малый бизнес"
5415;"ИП Суворов, Жуков и Соболева";"Малый бизнес"
5416;"Русская медная компания";"Малый бизнес"
5417;"РАО Зайцева, Ширяев и Журавлев";"Малый бизнес"
5418;"Абрамов Инк";"Средний бизнес"
5419;"ЗАО Суханов, Щербакова и Лобанова";"Малый бизнес"
5420;"Галкин Инкорпорэйтед";"Средний бизнес"
5421;"АО Гущина";"Средний бизнес"
5422;"ООО Муравьева Фомичева";"Средний бизнес"
5423;"ИП Виноградова Калашников";"Малый бизнес"
5424;"Банк ФК Открытие";"Средний бизнес"
5425;"АО Исаев";"Малый бизнес"
5426;"РАО Суворов";"Малый бизнес"
5427;"ЗАО Аксенов-Филиппов";"Малый бизнес"
5428;"Крылов и партнеры";"Средний бизнес"
5429;"РАО Захарова";"Малый бизнес"
5430;"ООО Кудряшова, Абрамов и Григорьева";"Малый бизнес"
5431;"ИП Лапина";"Малый бизнес"
5432;"НПО Зуева";"Средний бизнес"
5433;"ООО Матвеев";"Малый бизнес"
5434;"РАО Константинов, Егорова и Воронов";"Средний бизнес"
5435;"ЗАО Крылов";"Средний бизнес"
5436;"Колесникова Лтд";"Средний бизнес"
5437;"НПО Фомичев Лебедев";"Малый бизнес"
5438;"ОАО Беляев";"Малый бизнес"
5439;"АО Макарова Федосеев";"Малый бизнес"
5440;"ЗАО Евсеев-Носов";"Малый бизнес"
5441;"ЗАО Капустин Куликова";"Средний бизнес"
5442;"НПО Фомина, Крылов и Красильников";"Средний бизнес"
5443;"РАО Рожков, Дементьев и Савельев";"Средний бизнес"
5444;"Сбербанк России";"Средний бизнес"
5445;"НПО Павлов-Михеева";"Средний бизнес"
5446;"ООО Морозов, Кузнецов и Ширяев";"Средний бизнес"
5447;"ООО Крюкова Никифорова";"Малый бизнес"
5448;"ЗАО Кабанова, Блохин и Галкина";"Средний бизнес"
5449;"Абрамова Инк";"Средний бизнес"
5450;"ИП Пахомова Соболев";"Средний бизнес"
5451;"Гришина Лимитед";"Средний бизнес"
5452;"РАО Мамонтов, Лукина и Медведев";"Малый бизнес"
5453;"Лапин Инкорпорэйтед";"Средний бизнес"
5454;"ОАО Лукина-Муравьева";"Малый бизнес"
5455;"РАО Павлова, Тарасов и Сергеева";"Средний бизнес"
5456;"ИП Самсонова";"Малый бизнес"
5457;"ЗАО Дьячков, Данилова и Логинов";"Средний бизнес"
5458;"НПО Савина-Гусев";"Средний бизнес"
5459;"Комарова Инкорпорэйтед";"Средний бизнес"
5460;"РАО Осипов Щукин";"Малый бизнес"
5461;"ООО Зимина";"Малый бизнес"
5462;"АО Николаев Шашкова";"Средний бизнес"
5463;"ООО Куликов Самсонов";"Средний бизнес"
5464;"ОАО Ковалева-Анисимов";"Средний бизнес"
5465;"ЗАО Кабанова Герасимова";"Средний бизнес"
5466;"ИП Евсеев, Силина и Одинцова";"Малый бизнес"
5467;"Исаков Групп";"Малый бизнес"
5468;"НПО Афанасьева, Савина и Родионова";"Малый бизнес"
5469;"ООО Лихачев-Кудряшова";"Средний бизнес"
5470;"ООО Шаров Шубин";"Малый бизнес"
5471;"РАО Прохоров Самойлова";"Средний бизнес"
5472;"АО Ситников";"Малый бизнес"
5473;"ООО Колесников";"Средний бизнес"
5474;"ИП Сорокин, Галкина и Исакова";"Средний бизнес"
5475;"Соколов Лтд";"Малый бизнес"
5476;"Лебедев Лимитед";"Малый бизнес"
5477;"РАО Одинцова Кудряшова";"Малый бизнес"
5478;"ООО Богданова";"Средний бизнес"
5479;"ИП Фокина-Колобова";"Малый бизнес"
5480;"ООО Носов-Соколов";"Средний бизнес"
5481;"Карелия Палп";"Средний бизнес"
5482;"ИП Кошелев Голубева";"Средний бизнес"
5483;"ИП Муравьева Константинов";"Малый бизнес"
5484;"НПО Маркова Лазарева";"Средний бизнес"
5485;"ИП Игнатова";"Средний бизнес"
5487;"РАО Шилова";"Средний бизнес"
5488;"Технологии машиностроения (Техмаш)";"Средний бизнес"
5489;"ООО Смирнова";"Малый бизнес"
5490;"Архипов Групп";"Малый бизнес"
5491;"DDS";"Средний бизнес"
5492;"Носкова и партнеры";"Малый бизнес"
5493;"Касторама Рус (Castorama)";"Малый бизнес"
5494;"ОАО Мухин";"Средний бизнес"
5495;"ЗАО Доронина, Гуляева и Прохоров";"Малый бизнес"
5496;"ОАО Мельников-Медведев";"Средний бизнес"
5497;"АО Брагина-Селезнева";"Средний бизнес"
5498;"ИП Рогова, Новиков и Архипова";"Средний бизнес"
5499;"ИП Морозова Герасимова";"Средний бизнес"
5500;"Группа Полипластик";"Средний бизнес"
5501;"ОАО Савельева Гусев";"Средний бизнес"
5502;"ВТБ";"Средний бизнес"
5503;"ЗАО Агафонов";"Малый бизнес"
5504;"ИП Архипов-Федосеев";"Средний бизнес"
5505;"ОАО Егорова-Ефимов";"Средний бизнес"
5506;"ЗАО Калинина";"Средний бизнес"
5507;"Петухов Лимитед";"Малый бизнес"
5508;"ОАО Бобылев-Бирюков";"Средний бизнес"
5509;"ОАО Шилов-Буров";"Средний бизнес"
5510;"РАО Терентьев, Дроздов и Николаева";"Средний бизнес"
5511;"ООО Родионова-Брагина";"Средний бизнес"
5512;"РАО Медведев-Анисимов";"Малый бизнес"
5513;"ТОАЗ";"Средний бизнес"
5514;"ОАО Якушев";"Средний бизнес"
5515;"ООО Шестакова Зиновьев";"Средний бизнес"
5516;"РТИ";"Средний бизнес"
5517;"РАО Доронин-Киселева";"Средний бизнес"
5518;"Евдокимов Групп";"Средний бизнес"
5519;"ИП Артемьева, Селиверстова и Никонова";"Малый бизнес"
5520;"Алексеева Инкорпорэйтед";"Средний бизнес"
5521;"ЗАО Медведев Жуков";"Средний бизнес"
5522;"РАО Марков, Мельников и Соловьев";"Малый бизнес"
5523;"АвтоГермес";"Средний бизнес"
5524;"ИП Сысоев-Костин";"Средний бизнес"
5525;"Селиверстов Лтд";"Средний бизнес"
5526;"Рогова Групп";"Малый бизнес"
5527;"Компания Трасса";"Малый бизнес"
5528;"ЗАО Красильникова-Герасимова";"Средний бизнес"
5529;"ЗАО Силина, Носков и Константинов";"Малый бизнес"
5530;"РАО Калашников, Филиппова и Сысоев";"Малый бизнес"
5531;"ЗАО Горбунова";"Малый бизнес"
5532;"НПО Новикова";"Средний бизнес"
5533;"РАО Русаков-Комиссаров";"Малый бизнес"
5534;"НМЖК";"Средний бизнес"
5535;"НПО Николаева-Беляков";"Средний бизнес"
5536;"Зыкова Инкорпорэйтед";"Малый бизнес"
5537;"ЗАО Аксенова";"Средний бизнес"
5538;"РАО Зуева";"Средний бизнес"
5539;"ЗАО Капустин";"Средний бизнес"
5540;"АО Панфилов-Лыткина";"Малый бизнес"
5541;"ЗАО Казаков, Пономарева и Данилова";"Малый бизнес"
5542;"АО Андреева";"Малый бизнес"
5543;"Шубина Лимитед";"Средний бизнес"
5544;"Деловые линии";"Малый бизнес"
5545;"Крюкова и партнеры";"Средний бизнес"
5546;"ЗАО Медведев-Дроздов";"Средний бизнес"
5547;"Порше Руссланд (Porsche)";"Малый бизнес"
5548;"ЗАО Суворов, Шубина и Наумов";"Средний бизнес"
5549;"ИП Виноградов";"Малый бизнес"
5550;"Самойлов и партнеры";"Средний бизнес"
5551;"ОАО Третьяков";"Малый бизнес"
5552;"Fonbet";"Средний бизнес"
5553;"РАО Веселов-Громов";"Малый бизнес"
5554;"ОАО Виноградов-Беляев";"Малый бизнес"
5555;"ОАО Андреева-Жданов";"Средний бизнес"
5556;"ООО Шестакова";"Средний бизнес"
5557;"НПО Родионова";"Малый бизнес"
5558;"ИП Шубин Копылов";"Малый бизнес"
5559;"ИП Воронцов";"Малый бизнес"
5560;"РАО Цветков";"Малый бизнес"
5561;"Лента";"Малый бизнес"
5562;"ООО Белякова";"Средний бизнес"
5563;"ГК Автодилерство";"Малый бизнес"
5564;"РАО Ефремова-Блинов";"Средний бизнес"
5565;"Псковвтормет";"Средний бизнес"
5566;"ОАО Красильников, Никитина и Авдеев";"Средний бизнес"
5567;"ИП Блохин";"Малый бизнес"
5568;"ООО Куликов-Родионов";"Малый бизнес"
5569;"ОАО Баранов";"Малый бизнес"
5570;"РАО Тарасова Кириллова";"Малый бизнес"
5571;"ИП Кабанова";"Средний бизнес"
5572;"РАО Власов-Гусев";"Средний бизнес"
5573;"АО Симонов Соколов";"Малый бизнес"
5574;"ООО Галкин";"Малый бизнес"
5575;"ЗАО Ковалева Ершов";"Средний бизнес"
5576;"ЗАО Жданов, Гаврилова и Соколова";"Средний бизнес"
5577;"НПО Евсеев Зиновьева";"Малый бизнес"
5578;"Кузбасская топливная компания";"Малый бизнес"
5579;"ИП Субботина";"Малый бизнес"
5580;"АО Горшков";"Средний бизнес"
5581;"ЗАО Фокина, Соболев и Дорофеев";"Средний бизнес"
5582;"ИП Блинов-Титов";"Средний бизнес"
5583;"ОАО Агафонов Фомичева";"Средний бизнес"
5584;"ООО Абрамов, Субботина и Петров";"Малый бизнес"
5585;"НПК Объединенная вагонная компания";"Средний бизнес"
5586;"РАО Гришин, Кондратьева и Наумова";"Средний бизнес"
5587;"БМВ Русланд Трейдинг (BMW)";"Средний бизнес"
5588;"НПО Осипова Фомичева";"Средний бизнес"
5589;"ИП Карпов";"Средний бизнес"
5590;"Владимирова Лтд";"Малый бизнес"
5591;"ИП Моисеев";"Средний бизнес"
5592;"НПО Карпова";"Малый бизнес"
5593;"ИП Ковалев Яковлев";"Малый бизнес"
5594;"ООО Филатов";"Малый бизнес"
5595;"ИП Лебедев";"Средний бизнес"
5596;"Группа Агат";"Средний бизнес"
5597;"НПО Гордеев Субботина";"Средний бизнес"
5598;"Андреев Инкорпорэйтед";"Малый бизнес"
5599;"АО Юдина";"Малый бизнес"
5600;"СК Согласие";"Средний бизнес"
5601;"ООО Савин-Соловьева";"Средний бизнес"
5602;"Восточный экспресс банк";"Средний бизнес"
5603;"ЗАО Фролов Зимин";"Малый бизнес"
5604;"ОАО Лапина, Никитина и Лобанов";"Малый бизнес"
5605;"ВымпелКом";"Средний бизнес"
5606;"ОАО Селезнев-Быкова";"Средний бизнес"
5607;"Хохлов Инкорпорэйтед";"Средний бизнес"
5608;"ОАО Крылова Чернов";"Средний бизнес"
5609;"ИП Зайцев";"Средний бизнес"
5610;"ООО Брагина-Ермаков";"Средний бизнес"
5611;"АО Лазарев Лукин";"Малый бизнес"
5612;"НПО Кононов";"Малый бизнес"
5613;"Группа Агат";"Малый бизнес"
5614;"ПСМА Рус";"Малый бизнес"
5615;"ОАО Семенов";"Средний бизнес"
5616;"НПО Фомичева Устинова";"Средний бизнес"
5617;"РАО Дементьев Крылова";"Средний бизнес"
5618;"ОАО Соколов-Корнилова";"Средний бизнес"
5619;"ЗАО Калашникова";"Малый бизнес"
5620;"ИП Жданов, Шарапов и Белякова";"Средний бизнес"
5621;"ОАО Абрамов Бирюкова";"Средний бизнес"
5622;"НПО Суханов, Якушева и Костина";"Средний бизнес"
5623;"Уралкалий";"Малый бизнес"
5624;"АО Лукин-Борисов";"Средний бизнес"
5625;"ООО Титов";"Средний бизнес"
5626;"Октоблу (Decathlon)";"Малый бизнес"
5627;"РАО Шаров Никонова";"Средний бизнес"
5628;"РАО Константинов Шубина";"Средний бизнес"
5629;"АО Сысоев Селезнев";"Малый бизнес"
5630;"Устинова Инкорпорэйтед";"Малый бизнес"
5631;"НПО Зиновьева";"Средний бизнес"
5632;"ИП Самойлов, Ермакова и Владимирова";"Малый бизнес"
5633;"Лига ставок";"Малый бизнес"
5634;"Курганмашзавод";"Малый бизнес"
5635;"Ильин Групп";"Средний бизнес"
5636;"Маслов Лтд";"Средний бизнес"
5637;"ООО Борисов";"Средний бизнес"
5638;"РАО Зыков, Блинова и Киселева";"Средний бизнес"
5639;"АО Галкина Смирнов";"Малый бизнес"
5640;"ООО Попова Осипов";"Малый бизнес"
5641;"НПО Большакова";"Средний бизнес"
5642;"НПО Сорокина Макаров";"Средний бизнес"
5643;"Компания Газ-Альянс";"Средний бизнес"
5644;"ООО Лукин, Фомин и Константинова";"Средний бизнес"
5645;"ОАО Калинин-Фролова";"Средний бизнес"
5646;"ОАО Исаев";"Малый бизнес"
5647;"НПО Копылова, Дьячков и Жукова";"Средний бизнес"
5648;"ЗАО Виноградов, Лаврентьев и Блохина";"Средний бизнес"
5649;"Самсонова и партнеры";"Средний бизнес"
5650;"ООО Самойлов Гуляева";"Малый бизнес"
5651;"ЗАО Константинова";"Средний бизнес"
5652;"ООО Логинов Мамонтов";"Малый бизнес"
5653;"ЗАО Игнатьев Козлов";"Малый бизнес"
5654;"НПО Агафонова";"Малый бизнес"
5655;"ОАО Рогова Кошелев";"Малый бизнес"
5656;"ОАО Буров-Николаев";"Средний бизнес"
5657;"ИП Наумова, Кузьмин и Волкова";"Малый бизнес"
5658;"Федосеева Лтд";"Малый бизнес"
5659;"ОАО Туров, Калинин и Семенова";"Средний бизнес"
5660;"ОАО Щербакова Кондратьева";"Малый бизнес"
5661;"ЗАО Шарапова";"Средний бизнес"
5662;"ИП Аксенов, Жданов и Борисов";"Малый бизнес"
5663;"Дорофеева Инкорпорэйтед";"Средний бизнес"
5664;"ОАО Матвеев Ефремова";"Средний бизнес"
5665;"НПО Соболев";"Малый бизнес"
5666;"НПО Галкина";"Малый бизнес"
5667;"ОАО Авдеев-Орлов";"Средний бизнес"
5668;"РАО Миронов";"Средний бизнес"
5669;"Крылова Лимитед";"Средний бизнес"
5670;"ЗАО Белоусова";"Малый бизнес"
5671;"ООО Копылов, Захаров и Носов";"Средний бизнес"
5672;"ИП Павлов Назаров";"Средний бизнес"
5673;"ООО Ларионов-Попова";"Малый бизнес"
5674;"РАО Белоусов Симонова";"Средний бизнес"
5675;"АО Рогова-Юдин";"Средний бизнес"
5676;"ОАО Константинов Кириллова";"Малый бизнес"
5677;"ИП Лаврентьев-Никитин";"Средний бизнес"
5678;"ИП Борисова, Панфилов и Зимин";"Средний бизнес"
5679;"Кудрявцева Лимитед";"Средний бизнес"
5680;"ИП Гуляева";"Средний бизнес"
5681;"Лаврентьев и партнеры";"Средний бизнес"
5682;"Ланит";"Средний бизнес"
5683;"ИП Морозова-Волков";"Средний бизнес"
5684;"АО Шарова, Иванов и Воробьева";"Малый бизнес"
5685;"ЗАО Карпова";"Средний бизнес"
5686;"НПО Пестова, Александрова и Зуева";"Средний бизнес"
5687;"НПО Харитонова-Носкова";"Средний бизнес"
5688;"ИП Муравьева";"Малый бизнес"
5689;"ООО Овчинников-Беляков";"Малый бизнес"
5690;"АО Дементьев";"Средний бизнес"
5691;"АО Михеев-Носков";"Средний бизнес"
5692;"ИП Меркушев";"Малый бизнес"
5693;"ООО Шилова";"Малый бизнес"
5694;"Вишняков и партнеры";"Малый бизнес"
5695;"ИП Кошелев";"Малый бизнес"
5696;"Сиско Солюшенз (Cisco)";"Малый бизнес"
5697;"Лаврентьев Инкорпорэйтед";"Средний бизнес"
5698;"ЗАО Вишняков-Гордеев";"Средний бизнес"
5699;"АО Зиновьева, Тетерин и Федорова";"Малый бизнес"
5700;"ОАО Ковалева, Герасимова и Фомичева";"Средний бизнес"
5701;"Семенова и партнеры";"Малый бизнес"
5702;"Федоров Лтд";"Средний бизнес"
5703;"Петухов Лимитед";"Малый бизнес"
5704;"ЗАО Щукин-Зыкова";"Малый бизнес"
5705;"ЗАО Гуляева";"Малый бизнес"
5706;"НПО Большаков";"Средний бизнес"
5707;"ЗАО Носков";"Средний бизнес"
5708;"Продимекс-Холдинг";"Малый бизнес"
5709;"ИП Сазонов";"Малый бизнес"
5710;"ЗАО Логинова";"Малый бизнес"
5711;"Григорьева и партнеры";"Средний бизнес"
5712;"ОАО Селезнев";"Средний бизнес"
5713;"НПО Архипова, Шашкова и Кудрявцев";"Малый бизнес"
5714;"ООО Лаврентьев Кондратьева";"Средний бизнес"
5715;"АО Комиссарова";"Средний бизнес"
5716;"ОАО Сысоева Пономарева";"Малый бизнес"
5717;"Филиппов Инкорпорэйтед";"Малый бизнес"
5718;"НПО Жуков, Фадеев и Терентьев";"Средний бизнес"
5719;"ЗАО Кононов Ильина";"Средний бизнес"
5720;"ОАО Молчанова, Крылов и Горбунов";"Малый бизнес"
5721;"ТД БелАЗ";"Средний бизнес"
5722;"ИП Кудрявцев";"Средний бизнес"
5723;"НПО Гуляев Мишин";"Малый бизнес"
5724;"НПО Баранов-Васильева";"Малый бизнес"
5725;"ОАО Пономарева Муравьева";"Малый бизнес"
5726;"Давыдов Лтд";"Малый бизнес"
5727;"ИП Ефремова, Зимина и Васильева";"Малый бизнес"
5728;"НПО Боброва-Уварова";"Малый бизнес"
5729;"ИП Андреев, Гришин и Панфилова";"Средний бизнес"
5730;"ИП Щербаков, Захаров и Ситникова";"Малый бизнес"
5731;"Татэнерго";"Средний бизнес"
5732;"ЗАО Трофимов, Корнилова и Дроздов";"Средний бизнес"
5733;"РЕ Трэйдинг (LPP)";"Малый бизнес"
5734;"Лебедева и партнеры";"Малый бизнес"
5735;"РАО Кузьмина-Соболева";"Средний бизнес"
5736;"ИП Нестерова, Калашников и Фомина";"Средний бизнес"
5737;"Группа компаний Пионер";"Малый бизнес"
5738;"ИП Зимин, Блохина и Маслов";"Малый бизнес"
5739;"АО Кулагина, Харитонова и Фомин";"Средний бизнес"
5740;"ОАО Маслова, Бобылев и Пестова";"Средний бизнес"
5741;"НПО Ширяев-Козлова";"Средний бизнес"
5742;"РАО Уварова-Панова";"Средний бизнес"
5743;"Нефтиса";"Средний бизнес"
5744;"ОАО Гурьев Большакова";"Средний бизнес"
5745;"РАО Щукин Симонов";"Средний бизнес"
5746;"Зерно-трейд";"Средний бизнес"
5747;"ИП Евдокимов-Шубин";"Средний бизнес"
5748;"ООО Самсонов Петухов";"Малый бизнес"
5749;"РАО Дорофеев Прохоров";"Средний бизнес"
5750;"АО Семенова";"Малый бизнес"
5751;"ОАО Коновалов";"Средний бизнес"
5752;"ООО Горбачева-Артемьева";"Малый бизнес"
5753;"Егорова Групп";"Средний бизнес"
5754;"ЗАО Никитина";"Малый бизнес"
5755;"Петухов Инк";"Средний бизнес"
5756;"РАО Рогова, Архипова и Кудряшова";"Средний бизнес"
5757;"НПО Григорьев-Евсеев";"Средний бизнес"
5758;"Эйвон Бьюти Продактс Компани (Avon)";"Малый бизнес"
5759;"ИП Крылова Щукина";"Малый бизнес"
5760;"Бирюков Групп";"Средний бизнес"
5761;"Кроношпан (Kronoplus)";"Средний бизнес"
5762;"НПО Григорьев, Воронцова и Шестаков";"Средний бизнес"
5763;"РАО Волков-Александров";"Средний бизнес"
5764;"ИП Капустин Андреева";"Средний бизнес"
5765;"Никифоров Лтд";"Средний бизнес"
5766;"ИП Воронцова";"Средний бизнес"
5767;"Мазда Соллерс Мануфэкчуринг Рус";"Средний бизнес"
5768;"ЗАО Киселев Лихачев";"Малый бизнес"
5769;"АО Никитина";"Средний бизнес"
5770;"ООО Савина-Лазарев";"Малый бизнес"
5771;"ООО Жданов, Ковалев и Беляков";"Средний бизнес"
5772;"ОАО Панфилова";"Средний бизнес"
5773;"ИП Дмитриева-Носков";"Малый бизнес"
5774;"Globaltrans";"Средний бизнес"
5775;"РМ Рейл";"Средний бизнес"
5776;"Воробьев Инк";"Средний бизнес"
5777;"РАО Некрасов, Гордеев и Гурьев";"Малый бизнес"
5778;"Несте Санкт-Петербург (Neste)";"Средний бизнес"
5779;"Мясников и партнеры";"Малый бизнес"
5780;"РАО Максимов-Савельева";"Малый бизнес"
5781;"ОАО Новикова, Мельников и Аксенов";"Средний бизнес"
5782;"ОАО Костин Крылов";"Средний бизнес"
5783;"ИП Соболев Титов";"Средний бизнес"
5784;"ЛУКОЙЛ";"Средний бизнес"
5785;"РАО Маркова";"Малый бизнес"
5786;"ИП Калинин Зимин";"Средний бизнес"
5787;"Блинов Инкорпорэйтед";"Средний бизнес"
5788;"Вишняков Групп";"Малый бизнес"
5789;"ИП Якушева Мартынов";"Малый бизнес"
5790;"ОАО Брагина Петрова";"Средний бизнес"
5791;"ОАО Кабанов-Никифорова";"Малый бизнес"
5792;"ЗАО Костин";"Малый бизнес"
5793;"ООО Шестакова-Воронов";"Средний бизнес"
5794;"Главное управление обустройства войск (ГУОВ)";"Малый бизнес"
5795;"Инвестнефтетрейд";"Средний бизнес"
5796;"ООО Алексеева";"Малый бизнес"
5797;"ООО Филиппов-Корнилова";"Средний бизнес"
5798;"ИП Исаев";"Средний бизнес"
5799;"ОАО Журавлев, Симонова и Рогова";"Малый бизнес"
5800;"Ершова Инкорпорэйтед";"Средний бизнес"
5801;"Лихачев Лтд";"Средний бизнес"
5802;"НПО Фадеев Лаврентьева";"Малый бизнес"
5803;"Дмитриева Лимитед";"Малый бизнес"
5804;"Нестле Россия (Nestle)";"Малый бизнес"
5805;"Фадеев Лтд";"Средний бизнес"
5806;"ОАО Жукова Шестаков";"Малый бизнес"
5807;"Новикомбанк";"Малый бизнес"
5808;"АО Аксенова, Шилова и Ефремова";"Малый бизнес"
5809;"ЗАО Колобов, Кузнецов и Горбунов";"Средний бизнес"
5810;"Бобылев Лтд";"Средний бизнес"
5811;"НПО Наумова Игнатов";"Малый бизнес"
5812;"НПО Савин Алексеева";"Средний бизнес"
5813;"Филиппова Лимитед";"Средний бизнес"
5814;"Калашников Групп";"Средний бизнес"
5815;"НПО Алексеева Исаев";"Средний бизнес"
5816;"ИП Романова";"Средний бизнес"
5817;"ОАО Дорофеев Большаков";"Средний бизнес"
5818;"АО Кириллова Никитина";"Средний бизнес"
5819;"РАО Кулакова-Хохлов";"Малый бизнес"
5820;"НПО Мартынов Максимов";"Средний бизнес"
5821;"ИП Котов";"Средний бизнес"
5822;"ООО Ларионов Николаев";"Средний бизнес"
5823;"НПО Белоусова Лыткин";"Малый бизнес"
5824;"ИП Крылов-Владимиров";"Малый бизнес"
5825;"НПО Хохлова";"Малый бизнес"
5826;"ООО Прохорова-Назаров";"Малый бизнес"
5827;"НПО Куликов Ильин";"Средний бизнес"
5828;"ООО Гордеева, Орехова и Громова";"Средний бизнес"
5829;"РАО Лыткина, Щербакова и Голубев";"Средний бизнес"
5830;"Михайлова Групп";"Малый бизнес"
5831;"ООО Ковалев Логинов";"Малый бизнес"
5832;"Каргилл (Cargill)";"Малый бизнес"
5833;"Татнефть";"Малый бизнес"
5834;"ЗАО Колобов, Колесникова и Анисимов";"Малый бизнес"
5835;"ОАО Макарова, Пономарев и Селиверстова";"Средний бизнес"
5836;"ОАО Аксенова Шубина";"Средний бизнес"
5837;"АО Калашников, Селезнев и Попова";"Малый бизнес"
5838;"ООО Жукова";"Средний бизнес"
5839;"ИП Субботина-Боброва";"Средний бизнес"
5840;"ЗАО Белоусов Кошелев";"Средний бизнес"
5841;"РАО Турова-Орехов";"Малый бизнес"
5842;"ОАО Савина Михеева";"Малый бизнес"
5843;"ОАО Кириллов, Федосеев и Хохлова";"Средний бизнес"
5844;"Федотова Лтд";"Средний бизнес"
5845;"ООО Чернов-Ситникова";"Средний бизнес"
5846;"АО Лукина-Павлова";"Средний бизнес"
5847;"ОАО Власова-Прохорова";"Малый бизнес"
5848;"ИП Белозеров-Ефимова";"Средний бизнес"
5849;"НПО Пономарев";"Средний бизнес"
5850;"Ефимов Инкорпорэйтед";"Малый бизнес"
5851;"ОАО Бирюкова-Фомичева";"Средний бизнес"
5852;"ЗАО Белова";"Средний бизнес"
5853;"ОАО Ефремова Лазарева";"Средний бизнес"
5854;"РАО Логинова Павлов";"Средний бизнес"
5855;"ЗАО Яковлев";"Средний бизнес"
5856;"АО Зиновьева, Ефремова и Артемьева";"Средний бизнес"
5857;"Трофимова Лтд";"Средний бизнес"
5858;"ОАО Большаков, Агафонова и Крылова";"Малый бизнес"
5859;"Русакова Групп";"Малый бизнес"
5860;"ОАО Брагина";"Малый бизнес"
5861;"РАО Субботин Лыткин";"Средний бизнес"
5862;"Ренейссанс Констракшн (Ronesans Holding Anonim Sirketi)";"Малый бизнес"
5863;"РАО Петрова, Лихачева и Лихачева";"Малый бизнес"
5864;"ИП Большаков-Лазарева";"Средний бизнес"
5865;"НПО Кондратьева, Ситникова и Казаков";"Средний бизнес"
5866;"Горшков Лимитед";"Средний бизнес"
5867;"АО Фомин Трофимова";"Малый бизнес"
5868;"ИП Большаков-Зайцева";"Малый бизнес"
5869;"РАО Лазарев-Бирюкова";"Средний бизнес"
5870;"АО Колесников";"Малый бизнес"
5871;"Крюков Лтд";"Малый бизнес"
5872;"Красильникова Групп";"Средний бизнес"
5873;"ЗАО Исакова-Волков";"Средний бизнес"
5874;"Квадра";"Средний бизнес"
5875;"Аптечная сеть 36,6";"Средний бизнес"
5876;"ОАО Наумова, Лазарев и Исаев";"Малый бизнес"
5877;"Савин и партнеры";"Малый бизнес"
5878;"НПО Галкина";"Малый бизнес"
5879;"Лукин Инк";"Малый бизнес"
5880;"РАО Кудряшов, Бирюкова и Жданова";"Малый бизнес"
5881;"Ингосстрах";"Средний бизнес"
5882;"ИП Осипов, Савин и Беляков";"Малый бизнес"
5883;"ИП Громова Анисимова";"Средний бизнес"
5884;"ООО Панова-Исаева";"Средний бизнес"
5885;"НПО Лукин-Ширяев";"Средний бизнес"
5886;"ГК 1520";"Малый бизнес"
5887;"ИП Щербаков";"Малый бизнес"
5888;"НПО Александров, Титова и Архипов";"Малый бизнес"
5889;"Щукина Инкорпорэйтед";"Средний бизнес"
5890;"ИП Меркушев Рыбакова";"Малый бизнес"
5891;"Протек";"Малый бизнес"
5892;"ЗАО Петрова";"Средний бизнес"
5893;"Карпов Инк";"Средний бизнес"
5894;"ВСК";"Малый бизнес"
5895;"РАО Ефремова, Кузнецов и Кузьмин";"Малый бизнес"
5896;"Фомичева Инк";"Малый бизнес"
5897;"En +";"Малый бизнес"
5898;"ОАО Рябова Самойлов";"Малый бизнес"
5899;"ОАО Терентьев";"Средний бизнес"
5900;"ИП Зайцев";"Малый бизнес"
5901;"ООО Лобанов";"Средний бизнес"
5902;"Группа РТК";"Малый бизнес"
5903;"Тетерина и партнеры";"Средний бизнес"
5904;"РАО Игнатьева";"Малый бизнес"
5905;"АО Силин, Большакова и Лазарева";"Средний бизнес"
5906;"ММС Рус (Mitsubishi Motors)";"Средний бизнес"
5907;"Михайлов Лимитед";"Средний бизнес"
5908;"ОАО Мартынов Беляев";"Малый бизнес"
5909;"ЗАО Зайцева Кулагина";"Средний бизнес"
5910;"Ашан (Auchan)";"Малый бизнес"
5911;"Шаров и партнеры";"Средний бизнес"
5912;"ЗАО Маслов, Никонов и Самойлов";"Средний бизнес"
5913;"ОАО Назарова";"Малый бизнес"
5914;"ЗАО Логинова-Гущин";"Малый бизнес"
5915;"ОАО Котова Павлова";"Средний бизнес"
5916;"РКК Энергия";"Малый бизнес"
5917;"ИП Зимин";"Малый бизнес"
5918;"РАО Андреев Логинов";"Средний бизнес"
5919;"АО Мишина";"Средний бизнес"
5920;"Зуев и партнеры";"Малый бизнес"
5921;"РАО Морозов Соловьева";"Средний бизнес"
5922;"ИП Кошелев Мельников";"Малый бизнес"
5923;"ИП Беспалов Горбунова";"Средний бизнес"
5924;"Жданов и партнеры";"Малый бизнес"
5925;"РАО Ковалева Зимин";"Малый бизнес"
5926;"РАО Шилов Миронова";"Малый бизнес"
5927;"Белоусова и партнеры";"Малый бизнес"
5928;"РАО Тетерин Яковлева";"Малый бизнес"
5929;"ООО Фомичева Шубин";"Малый бизнес"
5930;"Сафонова Лтд";"Малый бизнес"
5931;"НПО Коновалова-Гуляев";"Средний бизнес"
5932;"АО Ларионова-Рябова";"Малый бизнес"
5933;"АО Жданов";"Малый бизнес"
5934;"РАО Лыткина, Красильникова и Кудрявцев";"Малый бизнес"
5935;"Шестакова Инк";"Малый бизнес"
5936;"Доронина Лимитед";"Средний бизнес"
5937;"ООО Родионов, Дроздов и Лобанов";"Средний бизнес"
5938;"Назарова Групп";"Средний бизнес"
5939;"АО Казакова-Гурьева";"Малый бизнес"
5940;"Корпорация Гринн";"Малый бизнес"
5941;"ООО Калашникова";"Малый бизнес"
5942;"ООО Воробьева, Селиверстов и Колесникова";"Малый бизнес"
5943;"АО Борисов";"Малый бизнес"
5944;"ЗАО Карпов Хохлова";"Средний бизнес"
5945;"АО Исаков Суханов";"Средний бизнес"
5946;"РАО Михеев";"Средний бизнес"
5947;"Логинов Инкорпорэйтед";"Средний бизнес"
5948;"АО Тарасов, Соловьева и Давыдова";"Средний бизнес"
5949;"ИП Суханова Князева";"Средний бизнес"
5950;"АО Захарова-Костина";"Малый бизнес"
5951;"ОАО Воронова";"Средний бизнес"
5952;"РАО Анисимов";"Средний бизнес"
5953;"НПО Фомина";"Малый бизнес"
5954;"ГКНПЦ им. М.В.Хруничева";"Малый бизнес"
5955;"Завод имени Дегтярева";"Малый бизнес"
5956;"РАО Зайцева-Панов";"Средний бизнес"
5957;"Продо";"Средний бизнес"
5958;"Ozon";"Средний бизнес"
5959;"ГК Мегаполис";"Малый бизнес"
5960;"ИП Молчанова Мамонтов";"Средний бизнес"
5961;"ЗАО Мухина Суханова";"Средний бизнес"
5962;"ЗАО Кириллова, Суворова и Беляков";"Средний бизнес"
5963;"Кулагин Лимитед";"Средний бизнес"
5964;"РАО Миронова Федоров";"Средний бизнес"
5965;"НПО Ильина-Мясников";"Малый бизнес"
5966;"ЗАО Виноградов-Туров";"Средний бизнес"
5967;"Русэнергосбыт";"Малый бизнес"
5968;"Якушева Лимитед";"Средний бизнес"
5969;"ЭС";"Средний бизнес"
5970;"ОАО Доронина";"Средний бизнес"
5971;"Калашников Лтд";"Средний бизнес"
5972;"Рожков Инкорпорэйтед";"Малый бизнес"
5973;"Моисеева Лтд";"Средний бизнес"
5974;"ИП Бобров, Мамонтов и Рогов";"Малый бизнес"
5975;"Авдеев Групп";"Малый бизнес"
5976;"Сысоева Инкорпорэйтед";"Средний бизнес"
5977;"ОАО Громов-Зайцев";"Малый бизнес"
5978;"ОАО Кондратьев, Васильев и Денисова";"Малый бизнес"
5979;"ЗАО Зиновьев";"Малый бизнес"
5980;"ООО Романова-Ларионов";"Средний бизнес"
5981;"Жукова Лимитед";"Средний бизнес"
5982;"АО Нестеров Полякова";"Малый бизнес"
5983;"ООО Куликова, Силина и Ширяева";"Малый бизнес"
5984;"ООО Нестерова";"Средний бизнес"
5985;"ФГ Будущее";"Малый бизнес"
5986;"Металлсервис";"Средний бизнес"
5987;"ИП Рябов, Шарапова и Куликов";"Малый бизнес"
5988;"РАО Зуева-Туров";"Малый бизнес"
5989;"ОАО Смирнов, Сидоров и Быкова";"Средний бизнес"
5990;"ЗАО Богданова, Кабанов и Максимов";"Средний бизнес"
5991;"ГК Невада (Самбери)";"Малый бизнес"
5992;"ИП Николаева, Мишин и Андреев";"Малый бизнес"
5993;"Никонова Лимитед";"Средний бизнес"
5994;"ООО Козлов Князев";"Малый бизнес"
5995;"Сибирская сервисная компания";"Малый бизнес"
5996;"ЗАО Колобова, Пахомова и Гаврилов";"Средний бизнес"
5997;"Кошелева и партнеры";"Малый бизнес"
5998;"АО Мишина, Елисеев и Шарапова";"Малый бизнес"
5999;"ИП Шарова Смирнова";"Малый бизнес"
6000;"ИП Зиновьева, Данилова и Голубева";"Малый бизнес"
6001;"ЗАО Капустин Фролова";"Средний бизнес"
6002;"ООО Сорокин-Муравьева";"Малый бизнес"
