"TASK_ID","CLIENT_ID","USER_ID","STATUS","START_DATE","END_DATE"
3,2159,79,"fail","2026-01-13 13:58:20","2026-01-29 18:20:21"
4,2527,66,"success","2026-02-18 10:40:42","2026-02-18 10:47:38"
5,659,473,"fail","2026-01-04 06:34:41","2026-01-24 12:34:14"
6,764,351,"success","2026-01-11 18:00:30","2026-01-28 04:50:16"
7,3122,396,"success","2026-02-17 02:54:07","2026-02-22 10:42:03"
8,440,237,"fail","2026-01-01 09:38:43","2026-01-26 04:35:57"
9,3118,195,"success","2026-02-06 22:10:29","2026-02-14 00:28:09"
10,4329,108,"success","2026-01-18 12:02:05","2026-02-12 09:13:48"
11,2840,165,"fail","2026-01-28 22:16:34","2026-02-20 21:20:38"
12,4772,158,"fail","2026-02-14 05:24:29","2026-02-15 13:14:02"
13,5822,240,"success","2026-02-07 18:23:10","2026-02-21 20:39:10"
14,2257,284,"success","2026-02-17 03:39:39","2026-02-23 00:40:03"
15,614,299,"fail","2026-02-16 02:59:47","2026-02-18 15:27:49"
16,1809,104,"success","2026-02-13 01:20:20","2026-02-22 15:50:41"
17,4883,119,"fail","2026-02-16 14:41:18","2026-02-19 20:01:05"
18,1736,369,"fail","2026-02-09 23:22:46","2026-02-17 17:46:09"
19,903,118,"fail","2026-02-01 06:27:34","2026-02-16 12:23:15"
20,3967,95,"fail","2026-02-19 01:49:46","2026-02-19 03:23:52"
21,5348,462,"success","2026-01-22 20:51:09","2026-02-15 00:45:02"
22,1299,102,"fail","2026-02-13 19:23:37","2026-02-23 23:44:24"
23,1438,449,"fail","2026-02-03 15:28:48","2026-02-22 19:18:46"
24,3366,406,"fail","2026-02-14 01:06:13","2026-02-25 08:59:00"
25,3768,389,"fail","2026-01-01 07:08:23","2026-01-06 23:10:36"
26,5006,429,"success","2026-01-28 05:02:51","2026-02-04 18:25:09"
27,2539,18,"fail","2026-02-03 17:29:42","2026-02-20 07:20:35"
28,357,97,"fail","2026-01-17 08:44:06","2026-01-19 11:54:05"
29,4858,354,"success","2026-01-10 09:21:44","2026-02-21 11:55:40"
30,4753,306,"success","2026-01-15 02:53:48","2026-01-24 23:42:41"
31,3646,353,"success","2026-02-14 13:24:59","2026-02-22 23:23:16"
32,936,9,"success","2026-02-03 23:10:13","2026-02-04 03:59:25"
33,5245,348,"fail","2026-01-02 21:21:55","2026-01-29 00:46:21"
34,4918,98,"fail","2026-02-22 03:14:04","2026-02-25 03:44:50"
35,3899,488,"fail","2026-02-24 18:39:10","2026-02-24 22:36:51"
36,4308,325,"success","2026-01-21 15:34:52","2026-02-16 15:39:10"
37,1210,408,"fail","2026-01-27 10:41:07","2026-01-29 19:45:34"
38,4672,317,"success","2026-02-01 08:28:02","2026-02-23 18:28:16"
39,2889,328,"fail","2026-01-20 17:20:47","2026-02-22 21:03:49"
40,1662,6,"fail","2026-01-27 16:40:17","2026-02-22 06:53:04"
41,5307,153,"success","2026-01-22 14:00:33","2026-02-19 00:10:50"
42,2397,83,"success","2026-02-04 21:28:26","2026-02-21 20:54:32"
43,1134,151,"success","2026-02-09 06:10:50","2026-02-24 08:34:12"
44,4859,418,"success","2026-02-04 15:48:05","2026-02-09 14:49:52"
45,1692,105,"fail","2026-01-24 17:10:30","2026-02-16 08:12:48"
46,961,447,"success","2026-01-29 14:18:36","2026-02-20 22:14:11"
47,4137,182,"success","2026-02-07 10:06:05","2026-02-14 20:47:46"
48,812,160,"success","2026-01-13 18:51:10","2026-01-23 08:02:04"
49,4880,406,"fail","2026-02-06 19:49:06","2026-02-24 09:50:27"
50,2419,454,"success","2026-01-26 15:11:56","2026-02-03 03:57:12"
51,4865,489,"fail","2026-01-28 20:54:30","2026-02-08 08:48:23"
52,264,488,"fail","2026-01-18 09:22:03","2026-02-10 08:52:16"
53,5072,237,"success","2026-02-10 16:58:05","2026-02-13 05:37:45"
54,1272,298,"success","2026-01-30 16:06:21","2026-02-14 00:31:32"
55,2565,149,"fail","2026-01-02 08:26:34","2026-02-21 20:26:00"
56,5516,364,"fail","2026-01-30 17:37:35","2026-02-13 12:45:26"
57,4363,476,"success","2026-02-08 00:52:13","2026-02-10 05:39:05"
58,5097,331,"success","2026-01-06 09:41:43","2026-02-13 14:23:07"
59,3724,355,"success","2026-01-28 06:51:46","2026-02-02 19:47:03"
60,3087,67,"success","2026-02-02 20:35:09","2026-02-06 07:17:53"
61,2281,300,"fail","2026-02-19 23:50:53","2026-02-23 18:26:30"
62,5425,267,"success","2026-02-23 01:58:58","2026-02-24 06:57:31"
63,5851,72,"fail","2026-01-03 09:21:14","2026-01-27 07:06:04"
64,2042,253,"success","2026-02-21 20:28:41","2026-02-22 21:12:44"
65,2562,447,"fail","2026-02-16 07:44:40","2026-02-24 06:29:49"
66,5119,439,"fail","2026-02-11 04:55:17","2026-02-22 02:05:17"
67,501,245,"fail","2026-01-05 06:43:11","2026-02-17 08:46:45"
68,4947,427,"success","2026-01-20 23:15:42","2026-01-23 08:29:34"
69,737,164,"fail","2026-01-17 10:48:49","2026-02-01 10:51:51"
70,132,421,"success","2026-01-15 03:04:41","2026-02-10 00:16:16"
71,5858,231,"success","2026-01-17 20:31:45","2026-02-06 08:06:18"
72,955,376,"fail","2026-01-01 14:54:22","2026-01-17 07:00:38"
73,3143,165,"success","2026-01-24 10:03:25","2026-02-11 05:00:24"
74,3991,237,"success","2026-02-18 07:13:43","2026-02-20 21:34:43"
75,4979,221,"fail","2026-01-02 11:32:23","2026-02-02 02:10:10"
76,3491,116,"success","2026-01-02 05:36:20","2026-01-31 00:31:50"
77,5547,225,"success","2026-01-09 01:11:56","2026-01-24 13:57:54"
78,1429,255,"success","2026-01-25 00:57:57","2026-02-15 16:20:41"
79,2223,34,"success","2026-01-28 04:12:01","2026-02-06 21:58:11"
80,3735,360,"success","2026-02-15 23:19:57","2026-02-24 06:43:37"
81,5338,400,"fail","2026-02-21 14:36:01","2026-02-24 17:19:31"
82,956,7,"success","2026-02-09 16:21:42","2026-02-13 03:47:47"
83,2877,12,"fail","2026-02-14 13:35:50","2026-02-22 10:58:09"
84,568,463,"success","2026-01-07 02:50:17","2026-01-14 05:15:09"
85,1337,335,"success","2026-02-17 05:56:56","2026-02-22 14:23:51"
86,1020,200,"fail","2026-02-04 05:56:30","2026-02-14 13:57:05"
87,5762,369,"fail","2026-02-01 07:16:08","2026-02-16 19:36:55"
88,4704,23,"fail","2026-01-02 20:30:13","2026-01-28 01:59:37"
89,5250,357,"fail","2026-02-11 20:52:12","2026-02-15 09:01:56"
90,3325,39,"success","2026-02-17 21:39:02","2026-02-20 08:38:49"
91,1691,397,"success","2026-01-21 18:21:05","2026-02-23 09:33:57"
92,4163,115,"fail","2026-01-20 18:03:46","2026-01-22 08:17:52"
93,3883,265,"fail","2026-01-14 13:25:38","2026-02-06 06:11:04"
94,1541,280,"success","2026-02-01 09:53:21","2026-02-21 21:40:43"
95,3516,255,"success","2026-02-18 21:29:56","2026-02-21 08:59:24"
96,117,68,"fail","2026-01-09 10:47:51","2026-02-18 01:11:02"
97,5789,231,"success","2026-01-19 02:54:12","2026-01-22 00:30:09"
98,5161,400,"fail","2026-02-11 08:47:05","2026-02-14 13:59:19"
99,4152,147,"success","2026-01-10 12:05:43","2026-01-12 02:46:05"
100,2444,381,"fail","2026-02-12 18:36:28","2026-02-17 13:34:24"
101,1919,480,"success","2026-01-19 16:31:11","2026-02-23 10:58:43"
102,2886,103,"fail","2026-02-22 21:57:58","2026-02-23 10:39:55"
103,3662,170,"success","2026-02-15 03:05:42","2026-02-16 22:31:06"
104,2673,211,"success","2026-01-30 11:00:19","2026-02-01 18:00:23"
105,2113,69,"success","2026-01-28 05:11:47","2026-02-10 03:03:06"
106,2745,422,"fail","2026-01-24 07:28:56","2026-02-12 10:09:14"
107,932,91,"fail","2026-02-20 04:50:59","2026-02-24 01:54:37"
108,2231,330,"fail","2026-01-21 08:54:06","2026-02-20 07:24:37"
109,4224,480,"fail","2026-02-02 06:45:04","2026-02-04 09:40:10"
110,578,415,"fail","2026-02-19 12:16:35","2026-02-23 18:44:28"
111,2795,456,"fail","2026-01-14 06:53:52","2026-01-29 03:15:41"
112,4516,310,"fail","2026-02-06 00:19:55","2026-02-09 02:23:44"
113,4380,135,"success","2026-02-03 12:19:29","2026-02-08 11:31:05"
114,5494,184,"fail","2026-02-08 21:44:31","2026-02-15 20:12:11"
115,1592,85,"fail","2026-02-13 07:03:14","2026-02-20 13:53:04"
116,3155,125,"fail","2026-02-01 05:29:49","2026-02-24 20:43:06"
117,2834,366,"fail","2026-01-14 07:20:39","2026-01-23 06:19:17"
118,2287,242,"success","2026-02-14 23:56:32","2026-02-23 00:18:10"
119,1359,234,"success","2026-01-13 05:17:06","2026-01-31 02:35:09"
120,2713,426,"fail","2026-02-20 06:54:07","2026-02-24 11:50:52"
121,1028,475,"fail","2026-02-23 14:42:18","2026-02-24 07:56:19"
122,3072,230,"fail","2026-01-14 06:37:40","2026-02-15 12:06:18"
123,2597,234,"success","2026-02-01 15:51:14","2026-02-07 04:54:58"
124,4335,454,"fail","2026-01-29 11:42:01","2026-02-05 10:21:34"
125,4847,380,"fail","2026-01-02 04:22:38","2026-01-09 08:17:07"
126,5682,118,"success","2026-01-24 15:10:45","2026-02-24 08:11:48"
127,4994,395,"fail","2026-02-13 00:09:34","2026-02-13 08:27:00"
128,3638,83,"success","2026-02-18 18:50:02","2026-02-22 22:24:09"
129,1074,162,"fail","2026-02-24 23:43:45","2026-02-25 09:07:28"
130,5429,68,"success","2026-02-09 16:36:33","2026-02-13 09:54:47"
131,5258,354,"fail","2026-01-15 09:56:43","2026-02-10 15:49:06"
132,4226,18,"success","2026-01-16 23:42:18","2026-02-05 09:43:26"
133,2162,368,"fail","2026-02-23 02:00:01","2026-02-25 06:43:26"
134,2328,105,"success","2026-01-28 15:22:45","2026-02-03 14:31:26"
135,1768,214,"success","2026-02-12 02:43:22","2026-02-24 02:09:32"
136,5892,6,"fail","2026-01-31 23:02:01","2026-02-17 15:51:04"
137,3152,373,"fail","2026-01-19 21:43:04","2026-02-10 09:28:58"
138,4194,490,"fail","2026-01-18 01:55:51","2026-02-19 15:04:01"
139,3237,195,"success","2026-02-14 21:15:57","2026-02-18 12:59:07"
140,3307,489,"fail","2026-01-15 07:54:37","2026-02-14 06:39:06"
141,5069,237,"success","2026-01-04 23:48:14","2026-02-06 20:31:12"
142,3595,183,"success","2026-02-05 12:25:03","2026-02-10 16:34:09"
143,372,64,"success","2026-01-23 22:06:11","2026-02-10 06:28:17"
144,1922,160,"fail","2026-01-15 14:59:58","2026-02-24 13:30:12"
145,637,165,"fail","2026-02-16 14:36:12","2026-02-18 18:27:07"
146,311,309,"fail","2026-02-18 04:36:26","2026-02-21 17:51:20"
147,205,292,"fail","2026-02-10 04:55:17","2026-02-18 05:39:29"
148,2280,385,"success","2026-01-23 08:05:44","2026-02-19 03:51:36"
149,4000,268,"fail","2026-02-16 08:58:52","2026-02-19 17:18:36"
150,2804,259,"fail","2026-01-30 09:39:30","2026-02-25 11:11:50"
151,3629,37,"success","2026-02-19 14:30:26","2026-02-22 21:09:29"
152,1793,267,"fail","2026-01-29 01:19:21","2026-02-02 20:58:27"
153,4476,257,"fail","2026-01-06 18:56:47","2026-02-02 13:07:33"
154,3998,58,"fail","2026-01-20 08:34:03","2026-01-24 12:56:03"
155,5750,304,"success","2026-02-14 17:38:11","2026-02-19 15:15:29"
156,1685,60,"fail","2026-02-11 08:07:39","2026-02-21 21:38:38"
157,3091,330,"fail","2026-02-24 13:26:20","2026-02-25 03:23:47"
158,4889,8,"success","2026-02-19 20:16:37","2026-02-22 03:27:18"
159,5695,479,"fail","2026-02-05 20:14:23","2026-02-10 10:25:03"
160,479,147,"success","2026-01-20 09:36:21","2026-02-23 18:29:06"
161,5105,149,"success","2026-01-04 18:16:00","2026-02-23 06:22:51"
162,618,334,"success","2026-02-18 13:52:58","2026-02-23 06:24:05"
163,1919,493,"fail","2026-01-05 18:04:56","2026-02-24 13:54:44"
164,5786,209,"success","2026-02-08 16:32:39","2026-02-20 12:00:25"
165,852,426,"fail","2026-01-20 04:56:44","2026-01-23 22:13:00"
166,5328,48,"fail","2026-02-06 19:38:12","2026-02-11 04:36:18"
167,2930,313,"fail","2026-02-21 01:35:06","2026-02-22 01:28:21"
168,2689,15,"fail","2026-01-02 11:27:15","2026-02-16 00:38:40"
169,1940,247,"fail","2026-02-06 14:54:03","2026-02-06 19:39:38"
170,5897,1,"fail","2026-01-13 18:46:44","2026-02-25 02:32:32"
171,4147,27,"success","2026-02-13 23:59:38","2026-02-15 15:46:28"
172,5240,37,"fail","2026-02-05 05:13:09","2026-02-11 17:54:57"
173,3605,377,"fail","2026-01-14 05:01:14","2026-01-15 03:52:38"
174,3447,164,"success","2026-01-26 15:46:11","2026-02-07 09:21:07"
175,4697,189,"success","2026-01-01 18:45:53","2026-02-20 07:54:32"
176,1330,301,"fail","2026-01-05 00:45:10","2026-02-01 14:22:53"
177,5381,460,"fail","2026-01-20 05:56:15","2026-02-12 22:53:17"
178,4867,48,"fail","2026-02-12 06:04:30","2026-02-16 03:42:55"
179,5052,76,"fail","2026-02-24 16:48:27","2026-02-24 18:04:05"
180,3237,32,"fail","2026-01-17 19:19:40","2026-01-25 01:23:05"
181,4606,367,"fail","2026-01-04 21:53:39","2026-02-22 08:01:33"
182,5312,292,"fail","2026-02-06 22:32:34","2026-02-14 22:28:09"
183,1386,92,"success","2026-01-11 06:13:36","2026-01-22 16:37:26"
184,4829,7,"fail","2026-01-18 02:15:04","2026-01-20 13:54:18"
185,1138,30,"fail","2026-02-14 05:30:33","2026-02-19 06:40:07"
186,4441,445,"fail","2026-02-23 00:24:02","2026-02-25 08:29:57"
187,914,224,"fail","2026-02-20 14:06:16","2026-02-23 01:49:00"
188,202,425,"fail","2026-02-10 13:36:23","2026-02-22 01:06:15"
189,1035,490,"success","2026-01-08 03:14:36","2026-01-16 16:29:12"
190,5439,387,"fail","2026-01-07 03:27:13","2026-01-13 06:50:47"
191,724,31,"fail","2026-02-10 10:35:52","2026-02-18 19:35:57"
192,4031,17,"fail","2026-02-14 05:14:47","2026-02-17 13:45:02"
193,3669,443,"success","2026-01-19 12:12:12","2026-02-01 19:25:32"
194,3232,473,"fail","2026-01-22 08:35:53","2026-02-15 08:41:54"
195,2398,182,"fail","2026-01-30 02:58:24","2026-01-31 03:03:17"
196,188,427,"success","2026-02-04 14:34:47","2026-02-09 16:42:37"
197,1736,377,"success","2026-01-07 10:45:06","2026-01-31 16:36:20"
198,5099,475,"success","2026-01-08 01:24:56","2026-02-21 01:12:47"
199,4861,474,"success","2026-01-02 14:55:13","2026-02-06 22:04:32"
200,3023,77,"fail","2026-02-20 05:55:17","2026-02-20 20:42:03"
201,335,479,"success","2026-01-27 06:17:53","2026-02-17 22:15:53"
202,384,224,"success","2026-01-25 05:02:10","2026-02-04 10:25:24"
203,5850,179,"success","2026-01-28 15:19:07","2026-02-20 05:38:26"
204,3596,368,"fail","2026-02-17 13:33:50","2026-02-17 22:57:37"
205,2253,346,"success","2026-01-19 06:41:00","2026-01-22 20:46:00"
206,1960,393,"fail","2026-02-11 01:24:03","2026-02-20 15:31:32"
207,5987,455,"success","2026-01-07 15:45:56","2026-02-18 00:36:33"
208,3664,222,"fail","2026-02-12 05:09:26","2026-02-24 01:54:41"
209,5261,160,"success","2026-01-03 00:01:32","2026-02-15 12:29:48"
210,4980,127,"fail","2026-01-01 00:34:03","2026-01-17 01:01:27"
211,701,205,"fail","2026-02-22 12:37:13","2026-02-23 21:12:34"
212,2843,436,"success","2026-01-01 01:33:20","2026-01-04 19:32:48"
213,3826,484,"fail","2026-01-17 16:43:00","2026-01-31 14:44:32"
214,4272,201,"fail","2026-02-02 03:25:29","2026-02-25 05:17:10"
215,3332,436,"success","2026-01-23 02:48:46","2026-01-24 17:08:28"
216,2601,419,"fail","2026-01-03 00:21:37","2026-01-14 18:09:26"
217,5423,450,"success","2026-01-27 19:49:08","2026-02-12 02:37:28"
218,737,433,"fail","2026-02-02 10:29:36","2026-02-20 18:50:45"
219,2909,200,"success","2026-02-17 23:26:15","2026-02-24 14:54:31"
220,163,64,"fail","2026-01-01 11:01:28","2026-01-10 12:18:13"
221,2034,483,"fail","2026-02-07 14:36:35","2026-02-13 00:37:21"
222,1512,368,"success","2026-01-08 11:42:29","2026-01-20 10:54:04"
223,1389,217,"success","2026-01-12 20:08:06","2026-02-18 17:06:05"
224,3983,224,"success","2026-01-24 04:56:40","2026-02-15 10:37:48"
225,2026,220,"success","2026-01-08 17:18:01","2026-01-29 16:00:26"
226,4070,79,"fail","2026-01-06 08:10:39","2026-01-23 08:33:57"
227,5660,287,"fail","2026-01-25 14:33:58","2026-02-24 22:12:23"
228,5439,109,"fail","2026-02-02 20:31:52","2026-02-17 20:45:42"
229,4076,341,"fail","2026-01-22 08:25:43","2026-02-14 11:29:37"
230,4578,137,"fail","2026-01-19 05:38:28","2026-02-24 11:31:16"
231,1628,209,"success","2026-01-14 14:38:30","2026-02-11 01:03:42"
232,1217,82,"fail","2026-02-10 21:56:53","2026-02-19 01:30:40"
233,560,271,"fail","2026-01-06 21:39:01","2026-02-15 19:02:37"
234,521,491,"fail","2026-01-05 14:16:14","2026-01-23 12:59:12"
235,2967,222,"fail","2026-01-29 23:54:07","2026-02-24 05:02:35"
236,2514,464,"fail","2026-02-19 15:05:02","2026-02-23 05:56:22"
237,1191,105,"success","2026-01-09 06:51:49","2026-01-28 19:43:57"
238,2814,117,"fail","2026-01-16 00:14:30","2026-01-28 10:51:32"
239,5208,375,"fail","2026-02-24 23:48:32","2026-02-25 07:25:31"
240,2529,302,"success","2026-01-18 12:13:55","2026-02-15 04:34:33"
241,1929,394,"fail","2026-02-07 03:32:03","2026-02-17 13:09:07"
242,4431,366,"success","2026-02-13 21:45:11","2026-02-25 04:16:43"
243,5411,99,"success","2026-01-05 20:31:11","2026-01-22 09:57:43"
244,4231,429,"fail","2026-01-28 09:31:07","2026-02-14 13:12:39"
245,386,446,"success","2026-01-22 13:01:02","2026-01-29 20:57:03"
246,2093,181,"fail","2026-01-28 08:20:43","2026-02-19 07:48:04"
247,5272,367,"fail","2026-01-29 03:43:34","2026-02-09 03:42:56"
248,1185,66,"fail","2026-01-21 03:02:40","2026-02-21 04:48:05"
249,276,442,"fail","2026-02-01 03:43:00","2026-02-23 05:06:11"
250,2706,280,"success","2026-02-22 07:13:08","2026-02-22 13:00:29"
251,4383,452,"fail","2026-02-12 04:12:18","2026-02-17 21:18:14"
252,4340,4,"fail","2026-01-12 16:08:48","2026-01-28 10:05:28"
253,4149,74,"success","2026-01-29 14:38:49","2026-02-18 22:03:26"
254,2062,289,"fail","2026-01-20 19:43:11","2026-02-20 23:14:11"
255,3243,377,"success","2026-01-17 22:21:34","2026-02-09 19:50:32"
256,3138,413,"success","2026-02-10 03:30:36","2026-02-23 11:28:46"
257,3028,446,"fail","2026-01-22 23:31:23","2026-01-30 06:09:04"
258,1140,149,"success","2026-02-18 03:09:20","2026-02-19 04:53:32"
259,418,263,"success","2026-01-18 06:35:45","2026-01-30 06:50:39"
260,1551,353,"fail","2026-01-01 05:42:04","2026-01-23 12:35:49"
261,2426,210,"success","2026-02-03 04:35:26","2026-02-08 16:57:16"
262,1379,278,"success","2026-02-12 20:06:00","2026-02-14 14:54:29"
263,3519,304,"success","2026-02-22 12:22:19","2026-02-23 22:10:20"
264,2480,351,"fail","2026-02-17 18:58:54","2026-02-24 16:20:39"
265,1702,462,"success","2026-01-29 18:13:41","2026-02-07 18:29:45"
266,4927,132,"success","2026-01-05 01:38:08","2026-01-19 16:05:14"
267,4321,19,"success","2026-02-17 20:08:57","2026-02-21 13:10:15"
268,5590,209,"success","2026-02-07 10:30:03","2026-02-09 16:31:28"
269,592,227,"success","2026-01-02 20:14:13","2026-01-13 16:50:23"
270,5316,355,"fail","2026-02-16 03:31:56","2026-02-21 21:51:38"
271,258,255,"success","2026-01-27 04:51:23","2026-02-01 09:55:39"
272,3022,127,"fail","2026-01-09 17:30:48","2026-01-23 18:58:51"
273,4200,230,"success","2026-02-22 13:46:29","2026-02-25 00:43:51"
274,5325,180,"fail","2026-02-12 14:07:36","2026-02-23 19:30:24"
275,2150,341,"fail","2026-01-03 05:11:28","2026-01-07 14:30:46"
276,5488,100,"fail","2026-02-06 13:13:50","2026-02-08 10:50:23"
277,3492,138,"fail","2026-02-17 20:13:33","2026-02-19 06:34:39"
278,3982,265,"fail","2026-01-16 13:44:13","2026-01-26 22:11:38"
279,724,369,"fail","2026-02-13 00:50:36","2026-02-23 12:21:31"
280,4853,365,"fail","2026-01-05 23:46:32","2026-01-13 05:16:17"
281,5012,237,"success","2026-02-05 10:17:48","2026-02-23 13:12:03"
282,881,144,"success","2026-02-20 07:35:33","2026-02-21 10:58:14"
283,5545,122,"fail","2026-02-05 20:00:54","2026-02-24 16:18:04"
284,2614,332,"success","2026-01-30 19:24:21","2026-02-20 03:46:38"
285,724,491,"success","2026-01-20 02:22:40","2026-02-19 00:08:29"
286,4079,274,"success","2026-01-22 09:05:56","2026-02-04 18:13:14"
287,5169,319,"success","2026-01-17 00:58:23","2026-02-01 14:14:45"
288,2223,304,"success","2026-01-21 10:19:41","2026-02-13 20:42:13"
289,4576,315,"fail","2026-02-16 08:58:13","2026-02-22 23:12:56"
290,2870,48,"fail","2026-02-06 09:25:01","2026-02-10 19:36:17"
291,5457,472,"success","2026-02-03 18:55:17","2026-02-06 22:11:23"
292,5704,180,"success","2026-01-09 03:09:07","2026-01-12 04:58:58"
293,505,350,"fail","2026-01-12 03:27:19","2026-02-11 04:49:51"
294,606,44,"fail","2026-01-02 19:12:37","2026-01-22 08:44:37"
295,3510,71,"fail","2026-01-01 03:40:06","2026-01-07 23:16:25"
296,3154,299,"fail","2026-02-15 10:44:24","2026-02-20 23:49:43"
297,1644,413,"success","2026-01-20 05:18:27","2026-02-23 18:52:16"
298,778,377,"success","2026-02-07 17:20:40","2026-02-23 07:17:29"
299,348,211,"fail","2026-01-23 21:28:20","2026-02-16 12:49:25"
300,1174,92,"success","2026-02-12 04:57:32","2026-02-24 02:02:24"
301,2181,326,"fail","2026-02-09 02:21:27","2026-02-19 10:55:19"
302,2271,92,"fail","2026-01-17 05:38:33","2026-02-24 09:12:31"
303,2374,496,"fail","2026-02-11 16:35:22","2026-02-21 14:38:34"
304,3457,89,"fail","2026-01-15 01:08:14","2026-02-12 03:59:46"
305,3460,43,"fail","2026-02-14 17:33:07","2026-02-19 00:39:27"
306,1412,247,"fail","2026-01-09 15:22:51","2026-01-11 04:11:55"
307,5485,488,"success","2026-01-05 19:13:57","2026-01-09 10:37:27"
308,2315,131,"success","2026-01-23 14:50:39","2026-02-19 10:06:34"
309,5561,191,"success","2026-01-24 02:10:22","2026-02-12 19:55:37"
310,769,168,"fail","2026-02-05 14:11:22","2026-02-13 22:19:54"
311,1129,471,"fail","2026-01-06 10:15:18","2026-02-06 14:06:46"
312,5653,66,"fail","2026-01-02 12:10:07","2026-01-31 12:06:11"
313,1397,329,"fail","2026-02-18 21:31:22","2026-02-19 14:26:47"
314,2566,92,"success","2026-02-12 03:13:02","2026-02-14 02:04:41"
315,2246,409,"fail","2026-01-30 09:24:03","2026-02-06 17:04:53"
316,1074,440,"success","2026-02-21 21:04:49","2026-02-25 11:04:30"
317,2960,331,"fail","2026-01-25 11:08:31","2026-02-12 10:02:39"
318,2667,19,"success","2026-01-26 08:54:38","2026-01-31 05:58:35"
319,5612,323,"fail","2026-02-23 18:45:29","2026-02-25 00:00:53"
320,3146,111,"success","2026-02-14 00:07:23","2026-02-21 02:48:17"
321,5477,357,"success","2026-01-03 11:52:26","2026-01-26 14:52:35"
322,3605,52,"success","2026-01-01 08:25:11","2026-01-21 11:28:30"
323,1789,117,"success","2026-01-08 03:20:01","2026-02-10 17:20:21"
324,2167,332,"fail","2026-01-22 01:31:48","2026-02-08 10:49:06"
325,4791,495,"success","2026-02-11 01:00:11","2026-02-17 12:13:06"
326,1806,231,"fail","2026-01-11 09:10:22","2026-02-12 06:54:48"
327,1480,451,"fail","2026-01-03 07:07:05","2026-02-05 17:20:41"
328,2660,152,"fail","2026-01-08 07:41:26","2026-01-31 10:25:43"
329,5899,340,"success","2026-01-15 04:16:42","2026-02-16 22:10:45"
330,5672,375,"fail","2026-01-01 16:48:44","2026-02-06 01:42:13"
331,610,216,"success","2026-02-10 18:18:45","2026-02-16 16:37:21"
332,3646,128,"fail","2026-02-18 11:20:13","2026-02-24 01:29:54"
333,2308,192,"success","2026-01-15 16:48:13","2026-01-18 05:02:10"
334,4092,31,"fail","2026-01-23 04:20:59","2026-01-27 02:03:10"
335,1190,254,"fail","2026-02-02 18:20:45","2026-02-02 22:38:53"
336,3883,62,"fail","2026-01-05 11:28:01","2026-01-30 21:15:54"
337,5107,106,"fail","2026-02-09 16:02:56","2026-02-16 04:37:27"
338,5552,88,"success","2026-01-27 23:55:00","2026-02-19 04:13:06"
339,3786,123,"fail","2026-01-30 11:36:11","2026-02-25 07:57:53"
340,5429,159,"fail","2026-02-03 22:26:20","2026-02-24 10:01:53"
341,2042,290,"success","2026-02-09 14:07:00","2026-02-23 13:02:27"
342,4623,309,"success","2026-01-06 18:59:14","2026-01-24 01:21:30"
343,5922,344,"fail","2026-02-10 04:00:36","2026-02-22 07:13:02"
344,2000,436,"success","2026-01-11 23:35:38","2026-02-03 09:42:39"
345,2282,34,"success","2026-02-01 23:38:59","2026-02-14 00:23:27"
346,1543,421,"fail","2026-02-22 08:26:34","2026-02-24 01:49:41"
347,705,416,"success","2026-02-01 00:45:00","2026-02-25 10:43:58"
348,1873,493,"fail","2026-02-20 00:45:16","2026-02-21 18:09:29"
349,5864,22,"success","2026-02-08 21:20:57","2026-02-21 06:54:11"
350,1740,171,"success","2026-02-15 04:36:08","2026-02-18 17:21:03"
351,4702,120,"success","2026-02-11 19:54:30","2026-02-19 00:47:41"
352,3173,423,"success","2026-02-10 02:10:15","2026-02-14 16:08:03"
353,1996,146,"success","2026-02-15 12:09:06","2026-02-18 20:21:32"
354,2805,260,"fail","2026-02-23 12:48:24","2026-02-23 20:56:50"
355,5068,354,"success","2026-01-16 02:25:47","2026-02-17 16:37:21"
356,85,139,"success","2026-02-03 06:51:46","2026-02-09 23:20:09"
357,4883,29,"success","2026-02-23 09:57:16","2026-02-24 09:04:58"
358,2712,397,"success","2026-01-25 10:10:44","2026-02-22 05:59:48"
359,5834,466,"success","2026-02-24 12:14:59","2026-02-25 02:10:26"
360,1706,405,"success","2026-02-18 11:07:38","2026-02-18 13:24:11"
361,2930,58,"success","2026-01-31 06:38:27","2026-02-01 07:45:17"
362,54,178,"fail","2026-01-17 13:21:40","2026-02-05 20:35:11"
363,4494,230,"fail","2026-01-04 06:54:45","2026-01-08 21:20:35"
364,5185,167,"success","2026-01-15 19:47:45","2026-02-16 17:24:46"
365,4868,345,"success","2026-02-15 22:47:22","2026-02-22 05:32:07"
366,3306,150,"success","2026-01-26 15:08:34","2026-02-15 12:28:49"
367,3863,385,"success","2026-02-01 14:30:49","2026-02-19 06:23:39"
368,676,325,"success","2026-02-14 00:59:33","2026-02-15 05:36:19"
369,5496,288,"success","2026-02-23 16:00:57","2026-02-24 09:52:52"
370,325,84,"success","2026-01-26 03:39:27","2026-02-06 01:36:05"
371,3737,245,"fail","2026-01-31 16:36:54","2026-02-25 04:38:52"
372,844,476,"success","2026-02-19 00:31:43","2026-02-22 08:08:33"
373,744,173,"success","2026-02-01 04:45:24","2026-02-21 01:09:22"
374,2174,327,"success","2026-02-08 04:42:26","2026-02-11 09:29:59"
375,707,357,"fail","2026-01-21 16:21:26","2026-02-15 22:09:43"
376,724,97,"success","2026-02-20 11:35:43","2026-02-23 02:12:25"
377,5834,127,"success","2026-02-09 22:58:13","2026-02-13 23:56:31"
378,5835,155,"success","2026-02-19 21:23:03","2026-02-24 05:52:30"
379,1274,252,"fail","2026-02-05 12:11:39","2026-02-19 08:28:12"
380,825,205,"fail","2026-01-12 14:24:27","2026-01-19 14:17:43"
381,26,187,"fail","2026-01-02 04:51:16","2026-01-20 05:31:04"
382,5463,254,"fail","2026-01-15 16:38:19","2026-01-15 21:05:44"
383,3688,386,"success","2026-01-12 11:04:48","2026-01-27 17:42:33"
384,5100,460,"success","2026-01-18 15:43:17","2026-01-20 11:26:50"
385,886,2,"success","2026-01-30 01:54:12","2026-01-30 09:38:51"
386,3395,330,"success","2026-01-19 19:42:17","2026-02-22 23:49:16"
387,2588,93,"success","2026-02-07 18:37:07","2026-02-24 23:50:52"
388,5296,423,"success","2026-01-10 09:44:27","2026-02-10 10:45:50"
389,5392,214,"success","2026-02-20 21:18:09","2026-02-24 09:16:04"
390,510,239,"fail","2026-02-23 14:30:40","2026-02-24 11:39:16"
391,2495,366,"fail","2026-01-03 07:51:33","2026-01-31 09:54:27"
392,5698,148,"fail","2026-01-23 11:05:22","2026-02-14 03:33:54"
393,77,386,"fail","2026-01-13 13:15:42","2026-01-15 06:23:34"
394,5101,207,"success","2026-01-28 04:11:28","2026-02-11 10:15:25"
395,4373,7,"fail","2026-02-06 11:44:48","2026-02-18 05:04:23"
396,960,91,"fail","2026-01-17 01:40:48","2026-01-24 13:06:57"
397,5182,460,"success","2026-01-21 01:58:55","2026-02-03 13:54:19"
398,829,101,"fail","2026-02-01 05:30:30","2026-02-07 19:39:15"
399,3817,132,"success","2026-01-04 02:32:30","2026-01-09 09:41:21"
400,1651,490,"success","2026-01-13 03:31:44","2026-02-18 02:03:28"
401,3754,9,"fail","2026-01-12 01:44:19","2026-02-15 04:50:38"
402,5778,143,"fail","2026-02-15 16:54:59","2026-02-18 10:37:03"
403,1341,389,"fail","2026-01-27 15:10:53","2026-02-07 14:17:33"
404,342,174,"success","2026-02-21 21:19:07","2026-02-22 16:26:50"
405,1397,272,"success","2026-01-06 14:29:26","2026-02-06 06:14:49"
406,5180,364,"success","2026-01-23 12:06:00","2026-02-12 21:09:59"
407,5768,150,"success","2026-02-13 05:35:23","2026-02-19 16:29:14"
408,977,346,"fail","2026-01-02 02:14:52","2026-01-16 02:03:01"
409,1288,120,"fail","2026-01-22 15:09:07","2026-02-18 14:21:11"
410,1667,72,"fail","2026-01-09 01:30:01","2026-01-20 13:09:06"
411,3108,492,"success","2026-02-21 06:19:54","2026-02-23 17:48:51"
412,4798,83,"success","2026-01-10 18:40:45","2026-02-22 12:04:17"
413,767,164,"fail","2026-01-27 17:36:18","2026-02-11 05:52:51"
414,5129,73,"success","2026-02-24 14:41:38","2026-02-25 09:43:26"
415,1552,94,"success","2026-01-01 08:56:01","2026-01-31 09:10:10"
416,729,150,"fail","2026-01-11 15:11:22","2026-02-03 11:06:37"
417,4848,118,"fail","2026-02-21 05:37:23","2026-02-24 22:42:42"
418,4887,4,"success","2026-01-31 02:29:34","2026-02-17 01:41:17"
419,3845,205,"fail","2026-01-29 04:34:21","2026-01-29 08:54:43"
420,1075,328,"success","2026-01-08 17:06:47","2026-02-11 04:35:02"
421,3602,285,"success","2026-02-22 02:53:33","2026-02-22 08:49:53"
422,2525,292,"success","2026-02-19 17:07:22","2026-02-20 23:32:55"
423,3890,24,"fail","2026-01-24 12:53:31","2026-02-23 09:50:23"
424,744,448,"fail","2026-02-12 11:45:37","2026-02-13 10:41:53"
425,3889,447,"success","2026-01-05 22:18:26","2026-02-05 08:37:48"
426,1714,119,"fail","2026-01-15 09:37:44","2026-02-06 05:25:08"
427,5288,74,"success","2026-01-11 06:52:57","2026-01-13 11:33:27"
428,4996,426,"success","2026-01-28 04:00:52","2026-01-30 01:53:13"
429,1407,344,"fail","2026-02-20 09:17:34","2026-02-25 08:55:59"
430,1991,319,"fail","2026-01-10 13:44:11","2026-02-05 14:28:44"
431,37,56,"fail","2026-01-15 04:14:56","2026-01-22 08:07:35"
432,5218,4,"success","2026-01-02 15:17:29","2026-02-02 09:01:11"
433,5911,172,"fail","2026-01-30 15:13:24","2026-02-16 23:05:30"
434,4086,386,"success","2026-01-16 13:36:12","2026-01-17 16:39:50"
435,3714,162,"fail","2026-02-23 19:14:11","2026-02-24 06:37:09"
436,158,83,"fail","2026-01-09 21:04:26","2026-02-02 23:33:48"
437,4019,356,"success","2026-01-05 09:47:59","2026-02-08 00:12:13"
438,4257,165,"success","2026-01-14 20:40:09","2026-01-30 07:55:12"
439,2839,433,"success","2026-02-04 23:39:34","2026-02-07 12:34:28"
440,3274,272,"fail","2026-02-05 15:16:03","2026-02-23 06:18:38"
441,2621,49,"success","2026-02-10 06:48:35","2026-02-14 10:16:03"
442,5482,335,"fail","2026-01-06 05:11:45","2026-01-31 05:57:31"
443,1683,233,"fail","2026-02-12 17:55:00","2026-02-21 08:31:15"
444,5577,49,"fail","2026-02-19 07:58:22","2026-02-20 00:20:50"
445,2879,434,"success","2026-02-21 06:26:37","2026-02-22 17:49:40"
446,5060,280,"fail","2026-01-09 01:33:02","2026-01-11 06:00:43"
447,1205,365,"fail","2026-01-13 03:50:05","2026-02-23 05:25:05"
448,5829,276,"success","2026-01-01 07:13:14","2026-01-11 14:58:36"
449,1262,101,"fail","2026-02-19 23:57:39","2026-02-21 04:41:46"
450,2838,315,"success","2026-01-21 02:56:44","2026-01-23 13:52:48"
451,4713,74,"success","2026-02-11 00:04:36","2026-02-20 11:38:18"
452,4256,225,"success","2026-01-13 01:53:03","2026-02-11 05:36:45"
453,1619,21,"success","2026-01-02 00:06:53","2026-02-22 04:27:40"
454,1723,121,"success","2026-02-04 06:01:10","2026-02-22 17:14:41"
455,5074,407,"success","2026-02-10 03:51:30","2026-02-18 09:44:37"
456,373,135,"success","2026-01-02 00:12:25","2026-02-19 12:42:14"
457,5816,47,"fail","2026-02-18 05:55:14","2026-02-23 09:37:28"
458,483,158,"success","2026-02-14 06:43:18","2026-02-23 03:15:43"
459,4725,62,"fail","2026-01-19 00:15:16","2026-01-23 02:34:22"
460,2856,423,"fail","2026-01-25 11:40:45","2026-02-01 01:11:17"
461,3094,9,"fail","2026-01-16 00:56:22","2026-02-24 23:26:50"
462,5760,71,"success","2026-02-11 05:22:05","2026-02-11 05:36:20"
463,4766,366,"fail","2026-01-07 20:12:49","2026-01-24 02:24:41"
464,4954,64,"fail","2026-02-20 14:20:31","2026-02-22 15:47:35"
465,4805,363,"fail","2026-02-21 12:41:26","2026-02-24 18:46:55"
466,979,113,"fail","2026-02-11 02:35:25","2026-02-15 03:54:03"
467,2985,19,"success","2026-02-19 03:51:25","2026-02-20 13:52:13"
468,5883,422,"success","2026-01-18 03:48:48","2026-01-27 00:27:57"
469,4099,13,"success","2026-01-09 21:22:38","2026-02-24 11:06:06"
470,802,30,"fail","2026-01-11 08:44:46","2026-02-24 15:30:02"
471,5791,152,"fail","2026-01-26 23:45:22","2026-02-22 16:25:36"
472,5502,442,"success","2026-02-18 23:59:35","2026-02-23 15:57:26"
473,1123,435,"success","2026-02-21 08:15:47","2026-02-23 05:52:54"
474,2015,219,"fail","2026-01-13 03:26:25","2026-01-29 07:29:05"
475,2521,102,"fail","2026-01-25 13:25:25","2026-02-22 05:50:02"
476,1926,362,"fail","2026-01-03 20:54:41","2026-01-04 22:23:47"
477,3729,48,"fail","2026-02-19 21:35:29","2026-02-22 01:26:48"
478,3650,289,"fail","2026-02-12 04:33:38","2026-02-13 09:23:38"
479,2429,349,"success","2026-02-14 07:24:15","2026-02-22 12:59:22"
480,789,220,"fail","2026-02-15 09:55:26","2026-02-16 05:13:30"
481,3712,46,"fail","2026-01-17 23:40:29","2026-02-16 09:37:48"
482,5895,342,"fail","2026-01-12 20:48:32","2026-02-04 03:28:08"
483,1367,388,"success","2026-02-09 11:42:04","2026-02-19 13:18:38"
484,4390,298,"fail","2026-01-12 10:20:34","2026-02-13 02:45:51"
485,2495,181,"success","2026-01-25 04:21:37","2026-02-13 02:13:55"
486,1585,436,"success","2026-02-13 13:57:55","2026-02-20 14:05:31"
487,24,157,"fail","2026-01-17 15:08:53","2026-02-12 13:15:45"
488,4054,107,"fail","2026-01-28 09:10:17","2026-02-09 10:59:38"
489,5812,280,"success","2026-01-04 04:11:50","2026-01-26 07:47:31"
490,155,195,"fail","2026-01-20 23:22:15","2026-02-03 19:00:13"
491,813,332,"fail","2026-02-14 20:01:21","2026-02-14 20:51:34"
492,491,106,"success","2026-02-18 05:04:46","2026-02-25 06:50:53"
493,3443,291,"fail","2026-02-08 23:32:59","2026-02-18 04:55:20"
494,3141,333,"fail","2026-02-14 11:43:45","2026-02-15 13:32:29"
495,5174,89,"success","2026-01-03 23:01:10","2026-02-02 17:17:39"
496,4321,377,"success","2026-02-15 12:57:13","2026-02-17 03:05:50"
497,734,103,"success","2026-01-07 01:18:14","2026-01-13 10:09:41"
498,2650,420,"fail","2026-01-15 04:09:55","2026-02-18 19:25:51"
499,4820,130,"fail","2026-02-03 16:43:42","2026-02-13 14:05:59"
500,1659,374,"fail","2026-02-09 18:58:51","2026-02-13 19:01:15"
501,3415,386,"success","2026-02-07 15:31:40","2026-02-16 15:23:59"
502,1715,407,"success","2026-02-01 18:32:14","2026-02-10 05:35:46"
503,486,41,"fail","2026-02-21 22:52:04","2026-02-24 13:44:35"
504,3338,241,"fail","2026-01-09 21:45:45","2026-02-04 09:05:42"
505,4399,258,"success","2026-01-22 07:04:52","2026-02-18 11:26:26"
506,1882,286,"fail","2026-01-14 07:35:00","2026-02-01 00:47:53"
507,475,493,"fail","2026-01-10 19:19:29","2026-01-25 19:52:38"
508,5591,380,"success","2026-02-20 00:18:51","2026-02-23 08:10:17"
509,2990,340,"fail","2026-01-06 07:26:53","2026-02-15 15:31:16"
510,3196,376,"fail","2026-02-24 16:46:56","2026-02-25 04:08:07"
511,5565,270,"fail","2026-01-10 18:13:13","2026-02-17 07:14:59"
512,4498,340,"fail","2026-02-18 09:17:24","2026-02-22 00:30:39"
513,881,458,"fail","2026-02-24 21:44:33","2026-02-25 10:41:00"
514,2604,44,"success","2026-02-15 04:46:30","2026-02-23 12:44:21"
515,2607,167,"fail","2026-02-03 09:22:00","2026-02-17 16:06:49"
516,1705,241,"success","2026-01-24 00:21:42","2026-02-20 01:43:16"
517,5379,416,"success","2026-01-17 01:18:59","2026-02-10 08:00:38"
518,1310,470,"success","2026-01-31 09:46:54","2026-02-14 20:53:22"
519,1094,89,"fail","2026-01-20 07:24:08","2026-01-26 10:57:31"
520,2804,325,"success","2026-02-22 16:09:25","2026-02-23 10:55:35"
521,1120,71,"fail","2026-02-17 06:12:03","2026-02-20 20:59:19"
522,2885,403,"fail","2026-02-04 00:22:02","2026-02-17 22:27:42"
523,4561,194,"fail","2026-01-29 03:48:16","2026-02-07 12:54:59"
524,404,281,"success","2026-01-18 08:04:54","2026-01-30 21:32:37"
525,2705,108,"fail","2026-01-31 06:55:38","2026-02-21 08:24:21"
526,4117,293,"fail","2026-01-10 15:50:17","2026-02-12 01:00:50"
527,221,27,"fail","2026-02-18 12:10:34","2026-02-19 09:16:09"
528,2811,47,"fail","2026-02-12 04:58:09","2026-02-12 11:43:46"
529,1057,83,"fail","2026-02-07 01:58:17","2026-02-18 11:36:39"
530,2550,238,"fail","2026-01-25 18:28:17","2026-02-02 06:40:13"
531,3077,327,"success","2026-02-04 13:07:13","2026-02-10 08:47:00"
532,4636,433,"success","2026-01-03 05:59:46","2026-01-11 19:15:06"
533,1512,51,"fail","2026-01-12 20:59:14","2026-02-21 02:12:53"
534,3714,10,"success","2026-01-04 20:51:20","2026-02-22 22:09:13"
535,2473,52,"fail","2026-02-20 21:22:24","2026-02-21 09:00:54"
536,3674,301,"fail","2026-01-09 18:59:04","2026-02-20 13:05:57"
537,5751,488,"fail","2026-02-15 19:40:37","2026-02-21 22:26:56"
538,4164,272,"success","2026-01-11 22:18:42","2026-01-31 05:50:12"
539,3946,35,"fail","2026-02-07 18:30:56","2026-02-24 07:27:36"
540,5727,425,"success","2026-01-15 08:52:07","2026-02-23 11:24:58"
541,453,105,"fail","2026-02-23 10:19:37","2026-02-24 23:22:47"
542,737,170,"success","2026-02-16 10:04:39","2026-02-18 11:49:20"
543,4118,96,"success","2026-01-20 08:30:11","2026-01-24 17:33:21"
544,5460,113,"fail","2026-01-24 01:49:41","2026-02-14 04:10:51"
545,202,181,"success","2026-01-22 17:10:01","2026-01-23 09:28:30"
546,4179,33,"success","2026-02-18 17:29:08","2026-02-23 02:10:43"
547,4047,220,"fail","2026-02-06 15:45:14","2026-02-11 10:00:19"
548,715,96,"fail","2026-01-05 18:00:00","2026-02-02 21:18:31"
549,2566,199,"success","2026-02-02 03:56:06","2026-02-08 23:17:36"
550,5924,126,"fail","2026-02-19 09:36:29","2026-02-19 11:24:54"
551,1968,366,"success","2026-02-16 10:15:16","2026-02-19 11:09:50"
552,5540,433,"success","2026-01-02 10:44:14","2026-01-06 18:00:11"
553,2402,166,"fail","2026-02-23 06:03:48","2026-02-23 16:28:47"
554,5864,142,"success","2026-01-19 17:37:14","2026-02-23 04:24:16"
555,396,268,"fail","2026-02-07 21:37:45","2026-02-24 14:18:44"
556,1238,109,"success","2026-01-14 21:39:56","2026-02-20 17:02:50"
557,1393,339,"fail","2026-01-14 14:38:12","2026-01-15 08:08:55"
558,5379,26,"fail","2026-02-18 04:38:07","2026-02-20 00:32:16"
559,2570,268,"success","2026-02-06 19:02:09","2026-02-17 08:19:23"
560,5518,307,"success","2026-01-01 00:58:36","2026-02-15 11:01:58"
561,1117,141,"success","2026-02-20 13:11:27","2026-02-24 08:19:30"
562,2736,113,"fail","2026-02-06 08:59:08","2026-02-22 06:40:04"
563,5120,498,"fail","2026-01-27 05:46:40","2026-02-21 06:48:26"
564,5776,396,"fail","2026-02-25 08:53:39","2026-02-25 11:49:38"
565,3470,235,"success","2026-02-09 23:55:43","2026-02-17 23:35:53"
566,1383,205,"fail","2026-01-22 15:11:49","2026-02-21 01:38:40"
567,4550,255,"success","2026-02-02 16:32:27","2026-02-09 13:58:30"
568,2024,496,"success","2026-02-21 01:21:59","2026-02-23 11:58:22"
569,3876,168,"success","2026-01-30 18:52:35","2026-02-23 14:33:54"
570,1386,252,"success","2026-02-20 05:17:13","2026-02-23 08:12:55"
571,3909,158,"fail","2026-02-19 06:12:19","2026-02-19 15:46:06"
572,4296,321,"fail","2026-02-05 02:15:13","2026-02-13 11:12:28"
573,4445,190,"fail","2026-02-03 04:17:50","2026-02-23 17:55:23"
574,5992,475,"fail","2026-01-17 08:24:31","2026-02-10 03:15:04"
575,4989,220,"fail","2026-01-13 11:34:27","2026-01-27 17:18:13"
576,3788,125,"success","2026-01-03 00:48:28","2026-02-20 06:44:10"
577,465,252,"fail","2026-01-18 12:04:18","2026-02-24 01:50:22"
578,2844,286,"fail","2026-01-08 21:14:36","2026-02-14 23:05:41"
579,1962,385,"fail","2026-01-22 07:29:04","2026-01-28 03:25:46"
580,5803,276,"fail","2026-01-24 14:20:08","2026-01-28 17:03:59"
581,2157,135,"fail","2026-02-14 02:00:11","2026-02-23 19:33:19"
582,5185,429,"fail","2026-02-13 03:02:05","2026-02-13 21:34:13"
583,2084,241,"success","2026-02-03 09:25:49","2026-02-19 23:04:06"
584,4024,398,"fail","2026-01-18 20:20:47","2026-02-08 04:50:30"
585,39,105,"success","2026-01-03 23:43:42","2026-01-21 10:29:46"
586,5678,183,"success","2026-01-14 00:18:15","2026-02-13 13:07:19"
587,2988,21,"success","2026-01-15 18:55:52","2026-02-24 11:29:26"
588,1559,432,"success","2026-01-31 14:45:54","2026-02-20 12:42:10"
589,2209,112,"success","2026-02-24 20:10:11","2026-02-25 03:50:31"
590,3529,401,"success","2026-02-07 14:23:58","2026-02-11 20:57:06"
591,2238,36,"success","2026-01-22 01:21:22","2026-02-18 08:32:41"
592,5576,117,"success","2026-01-24 09:26:53","2026-01-29 07:14:27"
593,4067,204,"success","2026-01-12 11:05:56","2026-01-21 07:15:41"
594,3741,274,"success","2026-01-03 17:25:17","2026-01-10 16:07:23"
595,1005,92,"success","2026-01-23 06:04:45","2026-01-27 00:09:16"
596,421,284,"success","2026-02-10 18:02:27","2026-02-18 08:11:20"
597,71,331,"success","2026-01-24 03:16:39","2026-02-03 23:59:43"
598,1679,111,"success","2026-02-24 15:20:43","2026-02-25 07:02:27"
599,1591,213,"success","2026-01-05 07:31:29","2026-02-16 18:04:44"
600,686,438,"success","2026-02-05 12:04:56","2026-02-11 17:07:31"
601,2742,180,"fail","2026-01-22 23:31:58","2026-01-24 04:00:52"
602,1043,107,"fail","2026-02-16 10:35:54","2026-02-16 23:23:33"
603,3519,75,"fail","2026-02-01 00:39:49","2026-02-22 06:42:15"
604,3812,242,"success","2026-01-02 23:25:41","2026-01-04 11:06:04"
605,2507,331,"fail","2026-02-05 01:36:53","2026-02-25 09:05:07"
606,1499,459,"success","2026-02-17 12:38:32","2026-02-22 04:37:10"
607,1726,470,"success","2026-01-19 06:17:29","2026-02-09 01:40:03"
608,61,18,"success","2026-02-12 16:16:57","2026-02-14 23:33:33"
609,990,250,"fail","2026-02-24 15:07:44","2026-02-24 17:03:45"
610,5088,490,"success","2026-01-21 15:43:46","2026-02-13 06:17:35"
611,5398,270,"fail","2026-01-05 22:03:58","2026-01-20 08:18:27"
612,5641,334,"success","2026-01-24 06:40:47","2026-02-16 09:35:34"
613,2015,360,"fail","2026-02-11 17:58:57","2026-02-12 08:34:25"
614,2671,4,"success","2026-01-25 04:10:29","2026-02-09 08:50:19"
615,57,498,"fail","2026-01-20 22:53:50","2026-01-24 07:25:31"
616,3804,89,"fail","2026-02-09 22:44:14","2026-02-11 12:58:43"
617,742,76,"fail","2026-02-03 09:24:54","2026-02-19 12:16:01"
618,4571,100,"success","2026-02-10 16:34:35","2026-02-18 23:37:00"
619,4817,255,"fail","2026-02-09 07:42:26","2026-02-20 17:06:55"
620,3257,452,"success","2026-02-10 20:20:54","2026-02-22 13:56:01"
621,5420,53,"success","2026-02-22 17:25:17","2026-02-23 08:03:02"
622,2594,241,"success","2026-01-10 10:31:45","2026-02-03 11:37:02"
623,2867,456,"success","2026-01-22 14:22:31","2026-02-17 20:33:57"
624,5907,258,"fail","2026-01-04 10:40:02","2026-02-06 16:03:58"
625,107,220,"fail","2026-02-02 15:25:35","2026-02-23 08:08:50"
626,3569,288,"success","2026-02-19 06:41:48","2026-02-24 23:19:55"
627,2529,456,"fail","2026-02-16 11:24:21","2026-02-18 05:08:57"
628,3577,240,"success","2026-01-02 03:12:47","2026-01-31 21:54:53"
629,4764,405,"fail","2026-02-17 21:29:24","2026-02-25 03:57:23"
630,3747,77,"fail","2026-02-20 18:41:23","2026-02-21 01:29:56"
631,4862,329,"success","2026-02-15 12:11:25","2026-02-23 20:17:45"
632,2701,246,"success","2026-01-28 00:15:15","2026-02-16 17:54:32"
633,548,130,"success","2026-01-22 04:00:20","2026-02-16 03:57:14"
634,755,150,"fail","2026-01-23 23:21:45","2026-02-04 02:14:42"
635,2617,331,"fail","2026-01-14 13:23:50","2026-01-25 07:29:01"
636,4796,392,"success","2026-01-01 20:47:22","2026-02-08 07:34:58"
637,5574,182,"success","2026-02-21 07:31:55","2026-02-24 02:17:42"
638,3685,389,"success","2026-01-30 03:44:06","2026-02-22 05:05:18"
639,5045,210,"success","2026-01-18 20:16:17","2026-02-17 21:15:33"
640,2646,175,"fail","2026-01-09 02:48:01","2026-01-17 13:43:02"
641,1420,146,"success","2026-01-06 07:15:08","2026-02-18 10:19:40"
642,2808,76,"fail","2026-01-25 05:27:45","2026-02-22 05:34:22"
643,942,26,"success","2026-02-19 09:03:24","2026-02-21 15:37:21"
644,5286,83,"fail","2026-02-23 08:26:56","2026-02-24 22:04:50"
645,3422,171,"success","2026-01-05 19:09:33","2026-01-28 12:13:52"
646,3550,177,"success","2026-02-08 11:04:49","2026-02-19 18:37:06"
647,36,321,"success","2026-02-06 13:26:06","2026-02-17 07:56:25"
648,3350,71,"fail","2026-01-22 21:48:01","2026-01-28 04:47:03"
649,3585,283,"fail","2026-02-15 04:42:20","2026-02-16 19:04:34"
650,4279,55,"fail","2026-01-28 06:56:10","2026-02-21 17:18:34"
651,663,135,"fail","2026-01-14 08:44:52","2026-01-25 09:14:57"
652,2893,266,"fail","2026-01-29 07:53:38","2026-02-14 05:36:50"
653,1961,226,"success","2026-02-10 22:44:41","2026-02-20 16:11:19"
654,658,13,"success","2026-02-17 10:42:00","2026-02-23 23:00:24"
655,1385,67,"success","2026-02-18 18:57:44","2026-02-25 03:14:01"
656,583,411,"fail","2026-02-10 22:10:40","2026-02-14 14:41:53"
657,5433,375,"fail","2026-02-10 06:54:12","2026-02-13 06:56:17"
658,3050,202,"fail","2026-02-19 01:52:43","2026-02-25 10:09:15"
659,1414,62,"success","2026-01-09 15:25:29","2026-01-19 05:47:53"
660,4734,46,"fail","2026-01-08 19:02:00","2026-02-05 21:17:40"
661,1363,128,"fail","2026-01-04 23:45:02","2026-02-25 04:19:08"
662,5459,194,"fail","2026-02-24 14:38:08","2026-02-24 23:00:03"
663,2424,181,"success","2026-01-14 20:28:02","2026-01-24 02:47:18"
664,4530,498,"success","2026-02-14 03:12:21","2026-02-22 15:04:40"
665,222,259,"fail","2026-02-18 01:16:55","2026-02-23 18:54:27"
666,5799,409,"success","2026-01-09 11:00:07","2026-01-22 21:24:31"
667,1604,111,"success","2026-01-18 21:26:09","2026-02-23 04:04:12"
668,4046,30,"fail","2026-02-11 05:58:31","2026-02-13 05:58:46"
669,4961,167,"fail","2026-01-18 02:35:09","2026-02-15 09:29:21"
670,884,378,"fail","2026-01-11 18:36:21","2026-02-03 17:26:27"
671,5767,29,"fail","2026-01-04 01:49:45","2026-01-07 03:03:08"
672,2876,353,"success","2026-02-10 22:19:29","2026-02-15 11:13:56"
673,3313,432,"success","2026-01-24 01:58:45","2026-01-28 09:29:12"
674,610,422,"success","2026-01-21 08:44:38","2026-02-14 02:56:33"
675,596,377,"success","2026-01-31 02:53:45","2026-02-03 08:07:02"
676,1810,475,"fail","2026-01-13 13:44:59","2026-02-04 14:10:39"
677,4075,107,"fail","2026-02-12 14:00:52","2026-02-24 22:48:14"
678,1181,35,"success","2026-02-08 15:06:15","2026-02-24 16:00:32"
679,2176,399,"fail","2026-01-04 06:59:20","2026-02-07 09:43:37"
680,1239,86,"success","2026-02-11 16:03:02","2026-02-18 21:41:25"
681,4844,311,"fail","2026-02-20 10:00:58","2026-02-22 14:16:08"
682,1266,202,"fail","2026-01-19 13:57:49","2026-01-23 15:46:38"
683,5510,37,"fail","2026-01-23 23:39:37","2026-02-15 08:57:52"
684,2750,238,"fail","2026-02-06 16:22:38","2026-02-08 14:22:25"
685,5067,222,"fail","2026-01-10 20:29:11","2026-01-31 06:22:05"
686,5085,198,"fail","2026-01-27 17:54:49","2026-02-18 17:38:01"
687,4137,105,"success","2026-02-10 21:06:56","2026-02-12 06:40:35"
688,3640,126,"success","2026-02-20 19:39:29","2026-02-25 06:45:26"
689,5644,191,"success","2026-01-06 23:53:33","2026-01-22 21:28:27"
690,3116,440,"success","2026-01-11 11:29:16","2026-02-19 15:47:21"
691,3841,10,"success","2026-01-09 13:15:29","2026-02-08 21:31:23"
692,2896,444,"success","2026-02-24 16:14:02","2026-02-25 01:20:34"
693,5119,324,"fail","2026-02-21 23:59:16","2026-02-24 06:08:29"
694,139,489,"fail","2026-01-03 18:54:42","2026-02-12 15:12:11"
695,2264,233,"success","2026-02-03 10:24:50","2026-02-11 17:17:07"
696,680,367,"fail","2026-02-02 16:39:33","2026-02-15 21:05:06"
697,403,277,"fail","2026-02-12 05:26:49","2026-02-14 04:33:36"
698,3958,137,"fail","2026-02-01 13:41:44","2026-02-11 00:46:11"
699,4519,350,"fail","2026-02-02 08:57:14","2026-02-09 11:46:46"
700,1374,107,"fail","2026-01-13 23:38:19","2026-02-16 17:31:00"
701,824,294,"success","2026-01-26 21:13:30","2026-01-29 18:12:56"
702,3912,64,"fail","2026-02-02 01:41:13","2026-02-20 04:47:37"
703,1617,166,"fail","2026-02-24 22:35:50","2026-02-25 10:55:48"
704,1445,203,"fail","2026-02-15 07:50:52","2026-02-17 20:59:19"
705,5645,333,"fail","2026-02-09 20:07:49","2026-02-15 23:40:11"
706,3349,198,"success","2026-02-06 17:34:36","2026-02-21 10:40:19"
707,5741,262,"fail","2026-01-11 04:31:50","2026-02-14 07:19:57"
708,3550,259,"success","2026-02-19 17:27:50","2026-02-24 21:55:14"
709,1918,399,"success","2026-02-03 00:46:53","2026-02-07 01:17:13"
710,3424,126,"fail","2026-01-10 21:24:07","2026-02-20 04:50:20"
711,994,188,"fail","2026-01-10 18:18:01","2026-01-24 04:44:02"
712,5503,161,"fail","2026-01-05 22:38:46","2026-02-15 04:09:23"
713,5085,184,"success","2026-01-28 23:41:32","2026-02-24 19:47:50"
714,4521,309,"fail","2026-01-31 23:51:56","2026-02-15 19:14:35"
715,5944,192,"fail","2026-01-16 23:59:55","2026-02-04 12:49:15"
716,2470,483,"fail","2026-01-07 10:51:36","2026-01-24 08:04:21"
717,451,386,"fail","2026-02-02 01:53:16","2026-02-16 10:36:06"
718,4408,297,"fail","2026-01-19 17:57:14","2026-01-30 05:17:07"
719,2949,240,"success","2026-02-16 02:04:14","2026-02-23 21:02:53"
720,4945,362,"fail","2026-01-14 10:47:17","2026-02-10 15:31:02"
721,2505,251,"success","2026-02-01 19:52:11","2026-02-24 10:06:31"
722,2079,379,"fail","2026-01-31 20:44:19","2026-02-03 01:03:49"
723,5064,361,"success","2026-02-01 22:47:40","2026-02-20 22:49:00"
724,4687,319,"fail","2026-02-18 01:10:00","2026-02-22 14:10:28"
725,3728,67,"fail","2026-02-01 09:37:13","2026-02-19 13:16:47"
726,455,461,"fail","2026-02-11 07:29:06","2026-02-15 06:30:00"
727,1482,285,"success","2026-02-08 09:53:02","2026-02-11 15:16:15"
728,3586,374,"success","2026-02-03 00:54:58","2026-02-09 12:57:54"
729,4740,417,"success","2026-01-23 17:25:11","2026-02-03 08:33:13"
730,710,160,"success","2026-02-06 21:23:05","2026-02-14 05:20:49"
731,832,40,"success","2026-02-15 04:42:00","2026-02-17 16:19:40"
732,3251,373,"fail","2026-02-01 03:17:09","2026-02-20 12:37:12"
733,868,347,"fail","2026-01-10 18:02:43","2026-01-15 15:58:40"
734,104,412,"fail","2026-01-23 01:30:17","2026-02-10 19:04:09"
735,2318,266,"fail","2026-01-12 11:20:50","2026-02-14 15:10:45"
736,4279,80,"fail","2026-02-03 00:49:31","2026-02-08 01:16:40"
737,2483,444,"success","2026-02-05 01:10:38","2026-02-24 08:04:08"
738,2276,288,"fail","2026-01-22 15:19:11","2026-02-18 22:40:20"
739,1244,1,"success","2026-02-21 04:33:48","2026-02-24 11:12:23"
740,1821,118,"fail","2026-01-11 16:24:54","2026-02-13 10:32:23"
741,1657,135,"success","2026-01-14 00:54:40","2026-02-14 05:23:30"
742,1242,367,"success","2026-02-16 01:32:37","2026-02-25 08:16:09"
743,4395,188,"success","2026-02-21 09:10:04","2026-02-24 18:49:13"
744,2833,248,"success","2026-01-07 13:20:11","2026-02-02 12:51:59"
745,5871,193,"success","2026-01-25 01:26:30","2026-02-03 00:36:21"
746,2011,133,"fail","2026-02-07 17:40:48","2026-02-19 04:04:02"
747,778,236,"success","2026-01-29 09:15:08","2026-02-06 00:02:57"
748,1674,69,"success","2026-02-03 09:57:00","2026-02-09 12:01:33"
749,1725,415,"success","2026-02-17 18:36:40","2026-02-24 05:12:05"
750,3274,498,"fail","2026-02-18 02:44:17","2026-02-20 17:45:32"
751,5910,190,"success","2026-02-23 04:46:35","2026-02-24 09:43:27"
752,16,338,"fail","2026-01-23 11:05:43","2026-02-22 17:01:12"
753,4057,26,"fail","2026-01-21 00:27:39","2026-02-12 11:33:37"
754,2598,43,"fail","2026-01-19 12:33:13","2026-01-23 05:17:44"
755,4191,126,"success","2026-01-14 08:01:50","2026-02-04 04:56:44"
756,3374,136,"fail","2026-01-10 20:16:09","2026-01-12 11:43:14"
757,924,436,"success","2026-01-24 07:31:44","2026-02-25 04:24:27"
758,3219,473,"success","2026-02-14 14:01:09","2026-02-19 22:01:06"
759,3250,361,"success","2026-01-12 11:24:17","2026-02-09 20:43:02"
760,441,271,"success","2026-01-08 12:22:21","2026-01-21 12:33:49"
761,599,351,"success","2026-01-19 05:06:59","2026-02-05 16:22:37"
762,2144,272,"success","2026-01-20 17:29:45","2026-02-16 06:28:10"
763,3108,430,"fail","2026-01-03 07:03:29","2026-01-22 04:21:41"
764,2000,322,"success","2026-02-15 22:35:17","2026-02-23 08:43:06"
765,5784,252,"fail","2026-01-18 00:45:09","2026-01-29 06:15:27"
766,2005,70,"fail","2026-02-24 12:05:42","2026-02-24 20:13:11"
767,944,280,"fail","2026-01-07 13:48:48","2026-01-09 15:06:43"
768,1875,294,"fail","2026-01-09 14:10:55","2026-02-13 19:37:17"
769,3985,391,"fail","2026-01-31 17:51:55","2026-02-10 20:21:22"
770,4208,165,"fail","2026-01-27 06:17:21","2026-02-06 03:32:18"
771,4393,430,"fail","2026-01-20 07:11:01","2026-02-13 23:32:06"
772,487,202,"success","2026-02-22 15:45:54","2026-02-23 05:58:48"
773,4546,303,"success","2026-01-30 18:06:58","2026-02-23 03:43:54"
774,5053,438,"success","2026-02-11 18:19:14","2026-02-12 08:10:31"
775,4841,392,"success","2026-02-08 03:40:28","2026-02-22 08:20:31"
776,1606,262,"fail","2026-02-20 20:31:50","2026-02-25 03:04:43"
777,5582,235,"success","2026-02-03 13:36:33","2026-02-06 08:43:55"
778,5685,155,"success","2026-02-20 13:39:37","2026-02-23 06:23:43"
779,949,158,"success","2026-02-12 05:34:27","2026-02-22 07:35:39"
780,4089,229,"fail","2026-02-21 21:15:11","2026-02-24 06:48:56"
781,5485,395,"fail","2026-02-01 08:35:51","2026-02-21 08:28:52"
782,3805,180,"fail","2026-01-18 06:27:37","2026-02-22 01:18:16"
783,5736,307,"fail","2026-01-09 14:21:47","2026-02-14 16:31:31"
784,2409,336,"success","2026-01-11 04:09:09","2026-02-21 05:12:08"
785,947,247,"success","2026-01-11 00:14:44","2026-01-31 09:54:57"
786,2245,157,"success","2026-02-13 07:17:37","2026-02-15 03:57:11"
787,3077,496,"fail","2026-01-31 13:45:12","2026-02-06 13:06:54"
788,608,476,"fail","2026-01-31 14:38:44","2026-02-11 20:40:14"
789,3360,423,"fail","2026-02-22 05:54:19","2026-02-22 17:34:12"
790,1506,176,"fail","2026-02-23 11:44:10","2026-02-24 00:41:51"
791,1179,388,"success","2026-02-15 08:09:30","2026-02-18 13:19:34"
792,1607,142,"success","2026-02-22 00:19:36","2026-02-23 14:55:32"
793,4178,491,"fail","2026-02-14 10:34:07","2026-02-15 22:43:50"
794,4428,67,"success","2026-02-21 20:46:36","2026-02-25 06:38:22"
795,1639,490,"success","2026-01-10 17:10:52","2026-02-09 18:21:35"
796,3395,477,"success","2026-02-08 12:14:32","2026-02-24 20:07:27"
797,3668,153,"fail","2026-01-19 08:11:44","2026-02-22 07:21:54"
798,3574,351,"success","2026-01-16 02:38:53","2026-01-25 18:59:59"
799,5353,429,"success","2026-02-15 16:07:21","2026-02-23 19:31:03"
800,2619,8,"fail","2026-02-03 00:02:53","2026-02-21 05:48:57"
801,2381,27,"success","2026-01-20 06:55:56","2026-02-16 01:33:18"
802,765,77,"success","2026-02-04 00:31:35","2026-02-11 04:21:38"
803,1482,88,"fail","2026-01-24 07:36:25","2026-02-07 02:48:50"
804,1936,397,"success","2026-02-19 04:45:32","2026-02-20 03:32:58"
805,3597,289,"fail","2026-02-20 02:39:00","2026-02-21 19:50:05"
806,1922,462,"fail","2026-01-04 10:03:17","2026-02-08 17:07:30"
807,5692,12,"fail","2026-01-05 23:17:16","2026-02-09 23:47:03"
808,182,295,"fail","2026-02-21 15:36:58","2026-02-23 03:30:44"
809,275,395,"fail","2026-01-28 19:37:17","2026-02-06 04:19:18"
810,4800,459,"fail","2026-02-04 21:52:22","2026-02-24 07:42:18"
811,422,195,"fail","2026-01-23 05:00:38","2026-02-09 16:22:51"
812,2766,381,"fail","2026-01-03 10:05:02","2026-01-19 16:42:09"
813,3994,88,"success","2026-01-28 09:33:57","2026-02-11 12:01:25"
814,1515,283,"success","2026-01-29 08:00:11","2026-02-03 20:53:55"
815,1947,337,"success","2026-01-09 03:08:30","2026-02-05 13:33:07"
816,202,7,"success","2026-02-14 21:18:59","2026-02-19 17:42:33"
817,2492,111,"success","2026-01-18 19:31:38","2026-02-11 01:56:50"
818,5002,192,"fail","2026-02-18 06:15:34","2026-02-24 16:12:09"
819,4584,16,"success","2026-02-18 08:03:32","2026-02-19 04:41:23"
820,2704,337,"success","2026-01-16 19:11:36","2026-02-03 16:31:41"
821,98,183,"success","2026-01-18 03:56:44","2026-02-18 19:04:28"
822,1515,271,"fail","2026-02-22 02:16:45","2026-02-22 12:16:52"
823,172,498,"fail","2026-01-26 04:14:30","2026-01-31 11:13:55"
824,3210,84,"fail","2026-02-18 17:21:18","2026-02-21 12:22:44"
825,3901,75,"fail","2026-02-24 22:06:47","2026-02-24 22:38:47"
826,1114,396,"success","2026-02-04 10:49:26","2026-02-22 05:22:58"
827,3818,203,"fail","2026-02-08 04:09:16","2026-02-11 05:49:09"
828,4365,441,"fail","2026-01-06 13:27:42","2026-01-08 22:11:49"
829,3950,198,"fail","2026-01-21 17:05:30","2026-02-16 11:11:20"
830,2170,25,"success","2026-01-16 03:05:22","2026-02-15 16:55:16"
831,1865,391,"fail","2026-01-11 07:09:15","2026-02-13 23:49:02"
832,1058,286,"fail","2026-02-19 14:21:40","2026-02-21 09:04:49"
833,288,113,"success","2026-01-28 10:36:16","2026-02-10 03:23:31"
834,4121,183,"fail","2026-01-10 07:44:04","2026-02-09 01:10:12"
835,5454,329,"success","2026-02-20 14:14:03","2026-02-24 08:41:21"
836,4180,433,"success","2026-02-05 18:10:36","2026-02-25 11:27:10"
837,2749,144,"fail","2026-01-11 11:49:12","2026-01-14 07:30:32"
838,3842,430,"fail","2026-02-08 16:57:20","2026-02-13 16:13:06"
839,3446,353,"success","2026-01-07 01:23:44","2026-02-12 01:59:12"
840,4473,49,"success","2026-01-02 07:54:32","2026-02-21 19:30:04"
841,5623,9,"fail","2026-02-10 21:47:22","2026-02-11 01:03:09"
842,4346,370,"success","2026-01-24 17:18:50","2026-02-12 19:19:38"
843,2000,52,"success","2026-02-14 17:08:00","2026-02-21 05:44:44"
844,3829,22,"success","2026-01-01 13:11:32","2026-01-04 11:27:00"
845,4973,290,"success","2026-01-25 00:37:19","2026-02-22 05:05:44"
846,863,475,"success","2026-02-01 14:42:45","2026-02-13 16:24:49"
847,5514,241,"fail","2026-02-20 13:17:50","2026-02-24 03:04:22"
848,4518,140,"fail","2026-01-18 00:12:04","2026-02-09 22:24:05"
849,706,118,"fail","2026-02-03 09:48:26","2026-02-14 16:19:16"
850,744,154,"success","2026-02-12 15:31:10","2026-02-19 08:36:54"
851,5545,374,"success","2026-02-19 10:07:42","2026-02-21 23:38:36"
852,446,49,"fail","2026-01-01 07:30:37","2026-02-07 14:34:20"
853,5588,66,"fail","2026-01-06 11:10:01","2026-01-27 16:01:38"
854,2884,323,"success","2026-02-02 01:44:17","2026-02-06 12:17:52"
855,2847,390,"success","2026-02-22 08:11:51","2026-02-24 19:53:34"
856,3908,350,"fail","2026-02-03 05:47:52","2026-02-19 19:09:13"
857,831,498,"success","2026-01-05 06:55:16","2026-01-13 15:42:49"
858,1437,424,"fail","2026-02-03 02:31:58","2026-02-22 22:51:06"
859,2446,187,"fail","2026-01-26 06:54:07","2026-01-26 23:21:01"
860,3700,277,"fail","2026-01-20 13:44:27","2026-01-23 13:35:58"
861,70,364,"fail","2026-01-20 13:46:20","2026-02-10 13:00:55"
862,3144,21,"fail","2026-02-10 04:26:56","2026-02-25 11:30:10"
863,5818,487,"success","2026-02-15 04:47:12","2026-02-25 09:32:28"
864,5592,177,"success","2026-02-24 01:36:44","2026-02-25 01:48:19"
865,2732,455,"success","2026-02-13 22:49:00","2026-02-17 14:10:55"
866,2798,410,"fail","2026-01-08 23:16:33","2026-01-27 19:19:33"
867,5024,242,"success","2026-02-15 05:14:02","2026-02-23 21:20:39"
868,4668,263,"success","2026-01-02 17:12:38","2026-01-20 21:22:07"
869,5541,288,"success","2026-02-09 14:34:21","2026-02-09 17:17:36"
870,1951,324,"success","2026-01-01 01:25:47","2026-01-18 16:25:51"
871,3000,36,"fail","2026-01-10 19:02:12","2026-01-27 10:47:27"
872,234,272,"success","2026-01-23 11:48:53","2026-02-24 11:25:44"
873,2490,174,"fail","2026-01-23 00:35:41","2026-02-21 23:06:19"
874,4268,479,"fail","2026-02-05 00:13:01","2026-02-07 11:18:23"
875,2936,391,"success","2026-02-16 04:38:22","2026-02-16 10:03:12"
876,3020,38,"fail","2026-02-22 00:33:18","2026-02-23 23:31:14"
877,2620,217,"fail","2026-01-15 01:41:39","2026-02-18 10:05:22"
878,1709,14,"fail","2026-01-11 23:22:23","2026-01-26 09:03:45"
879,1185,308,"fail","2026-02-21 10:17:04","2026-02-21 21:38:38"
880,2076,350,"fail","2026-02-22 16:50:20","2026-02-24 19:00:04"
881,5998,415,"fail","2026-02-19 17:54:06","2026-02-22 01:20:47"
882,2420,203,"fail","2026-02-16 22:05:56","2026-02-20 08:26:00"
883,4992,160,"fail","2026-02-08 13:26:35","2026-02-21 08:57:58"
884,2953,214,"success","2026-01-19 19:08:08","2026-01-31 20:55:25"
885,3413,142,"fail","2026-01-21 13:01:04","2026-01-28 16:05:27"
886,883,231,"fail","2026-01-10 17:54:16","2026-02-08 02:05:08"
887,3261,445,"fail","2026-01-18 12:52:17","2026-01-24 07:52:29"
888,4139,410,"fail","2026-01-31 07:05:17","2026-02-04 22:34:55"
889,4485,498,"fail","2026-02-15 15:56:43","2026-02-23 16:04:13"
890,970,174,"success","2026-01-26 15:59:03","2026-02-18 15:57:34"
891,2325,460,"success","2026-02-18 04:59:45","2026-02-19 14:08:46"
892,2668,4,"fail","2026-02-10 20:56:19","2026-02-14 10:17:50"
893,735,217,"success","2026-02-01 16:16:47","2026-02-23 21:58:18"
894,3881,417,"success","2026-01-03 07:39:33","2026-02-09 10:08:08"
895,5603,420,"success","2026-02-15 09:29:07","2026-02-18 12:49:47"
896,820,497,"success","2026-01-06 04:37:42","2026-02-13 22:24:24"
897,2006,135,"success","2026-02-14 08:20:39","2026-02-22 17:07:56"
898,5249,474,"success","2026-01-25 09:28:24","2026-01-28 23:56:58"
899,65,287,"fail","2026-01-06 06:16:22","2026-01-15 01:18:07"
900,4294,333,"fail","2026-01-19 07:51:59","2026-02-07 23:59:11"
901,948,330,"success","2026-02-22 16:23:28","2026-02-24 10:02:03"
902,3992,152,"fail","2026-01-06 09:29:02","2026-01-21 17:45:33"
903,559,391,"fail","2026-02-13 06:14:48","2026-02-19 17:19:08"
904,904,492,"success","2026-02-14 06:05:49","2026-02-18 16:55:22"
905,3658,52,"success","2026-02-10 03:47:31","2026-02-23 10:18:30"
906,4412,271,"success","2026-01-13 20:08:05","2026-02-21 17:14:51"
907,1618,200,"fail","2026-01-23 18:27:02","2026-02-23 17:06:46"
908,447,309,"fail","2026-01-29 00:28:21","2026-01-29 14:22:17"
909,4847,352,"success","2026-01-24 08:44:25","2026-01-25 05:42:01"
910,3979,496,"fail","2026-01-21 23:44:18","2026-02-22 05:38:43"
911,5526,211,"success","2026-01-11 12:24:40","2026-02-17 04:13:47"
912,3080,361,"fail","2026-01-06 20:31:50","2026-02-12 18:06:48"
913,1614,334,"fail","2026-01-25 20:15:50","2026-02-14 19:49:49"
914,4426,278,"fail","2026-02-23 09:05:59","2026-02-23 16:21:20"
915,5329,473,"fail","2026-01-09 03:25:09","2026-01-29 19:36:57"
916,5799,129,"success","2026-01-13 18:40:42","2026-02-15 01:30:35"
917,1286,226,"fail","2026-01-17 13:39:54","2026-02-07 01:39:13"
918,5191,111,"success","2026-01-07 07:09:48","2026-01-31 17:07:11"
919,1266,344,"fail","2026-02-21 05:05:43","2026-02-21 06:33:14"
920,352,295,"success","2026-02-11 16:34:57","2026-02-13 00:26:16"
921,2934,482,"fail","2026-01-31 05:54:13","2026-01-31 07:38:35"
922,5699,44,"fail","2026-02-02 10:04:35","2026-02-12 18:11:45"
923,4789,103,"fail","2026-01-04 23:03:46","2026-01-25 02:20:31"
924,3245,115,"success","2026-02-01 05:19:58","2026-02-09 04:57:34"
925,599,15,"fail","2026-01-21 00:28:27","2026-01-21 08:40:32"
926,1174,121,"success","2026-02-15 01:05:19","2026-02-19 15:34:41"
927,836,312,"fail","2026-01-27 04:51:05","2026-02-21 14:49:38"
928,2336,350,"fail","2026-02-18 22:34:55","2026-02-19 06:27:19"
929,258,28,"fail","2026-02-14 04:50:00","2026-02-14 17:43:27"
930,1831,429,"fail","2026-02-12 12:22:34","2026-02-22 23:24:37"
931,2040,342,"fail","2026-01-03 16:52:55","2026-02-05 05:55:27"
932,4813,310,"fail","2026-02-15 16:54:09","2026-02-25 11:03:53"
933,4808,276,"fail","2026-02-15 00:53:21","2026-02-21 08:48:31"
934,4601,465,"success","2026-01-07 20:01:57","2026-02-01 15:31:22"
935,1396,424,"success","2026-01-17 04:51:08","2026-02-19 21:38:58"
936,1708,30,"success","2026-01-02 20:56:48","2026-02-24 00:16:48"
937,5317,161,"fail","2026-01-10 02:10:42","2026-01-25 16:00:09"
938,3145,38,"success","2026-02-24 17:52:19","2026-02-25 03:09:52"
939,3509,93,"success","2026-01-27 09:14:07","2026-02-03 02:25:13"
940,543,93,"success","2026-02-24 16:06:00","2026-02-24 17:01:07"
941,3503,461,"success","2026-02-03 19:01:20","2026-02-07 05:14:24"
942,4961,478,"success","2026-01-04 14:50:29","2026-02-14 19:03:54"
943,4042,419,"fail","2026-02-18 23:53:10","2026-02-21 05:26:50"
944,3750,294,"fail","2026-02-20 15:38:36","2026-02-23 05:36:40"
945,5566,150,"fail","2026-02-02 11:11:38","2026-02-23 18:57:08"
946,2835,393,"success","2026-01-24 22:07:28","2026-02-08 09:09:17"
947,330,92,"fail","2026-02-04 16:39:29","2026-02-22 00:59:15"
948,5018,72,"success","2026-02-03 05:52:33","2026-02-09 19:43:58"
949,3133,401,"success","2026-01-06 06:16:50","2026-01-28 18:03:21"
950,248,27,"success","2026-02-10 02:30:14","2026-02-24 17:02:44"
951,149,178,"fail","2026-01-20 13:32:39","2026-02-22 02:48:46"
952,5874,243,"fail","2026-01-24 07:47:34","2026-02-11 04:24:31"
953,4285,246,"success","2026-02-18 19:06:42","2026-02-21 10:26:53"
954,4365,368,"fail","2026-02-22 13:52:24","2026-02-23 18:58:30"
955,543,3,"success","2026-01-09 17:31:23","2026-02-05 16:50:49"
956,2943,153,"success","2026-01-15 16:15:26","2026-02-04 16:11:31"
957,3172,39,"fail","2026-02-09 09:42:21","2026-02-12 21:30:42"
958,3427,468,"success","2026-02-14 12:07:41","2026-02-16 22:04:56"
959,4511,15,"success","2026-02-13 17:28:26","2026-02-18 13:56:30"
960,4500,385,"fail","2026-01-18 08:22:50","2026-02-19 13:19:41"
961,201,210,"success","2026-02-17 02:52:04","2026-02-19 12:28:14"
962,4783,334,"success","2026-02-11 03:33:31","2026-02-24 01:02:11"
963,3578,456,"success","2026-02-22 11:50:50","2026-02-23 12:59:35"
964,4478,266,"success","2026-01-28 19:43:21","2026-02-12 01:51:46"
965,3016,269,"success","2026-02-08 12:41:21","2026-02-21 15:00:37"
966,5163,331,"fail","2026-01-15 07:52:41","2026-01-16 22:47:17"
967,1623,111,"success","2026-01-30 12:31:49","2026-02-08 19:54:55"
968,383,325,"success","2026-02-08 23:11:59","2026-02-17 06:39:26"
969,1298,98,"success","2026-02-12 12:22:46","2026-02-15 12:37:03"
970,4788,222,"fail","2026-02-18 11:23:01","2026-02-24 23:36:40"
971,5271,467,"success","2026-02-24 15:01:25","2026-02-25 11:20:34"
972,4431,293,"fail","2026-01-30 05:51:43","2026-02-24 23:03:58"
973,4286,215,"success","2026-01-16 02:20:21","2026-02-04 00:36:41"
974,1197,217,"success","2026-02-24 11:04:09","2026-02-24 20:55:22"
975,1875,485,"fail","2026-01-15 05:19:50","2026-02-17 07:57:10"
976,157,46,"fail","2026-01-02 11:13:23","2026-01-25 07:14:26"
977,2186,113,"fail","2026-01-14 05:39:17","2026-02-08 15:55:31"
978,2135,204,"fail","2026-02-21 12:20:43","2026-02-23 00:04:09"
979,3012,135,"fail","2026-02-06 08:56:23","2026-02-24 11:08:01"
980,5386,475,"success","2026-02-21 20:56:34","2026-02-22 14:49:26"
981,5277,65,"success","2026-02-08 08:37:05","2026-02-15 10:11:35"
982,5534,497,"success","2026-01-18 15:59:39","2026-01-27 14:16:13"
983,4312,234,"success","2026-01-10 11:49:29","2026-01-19 04:00:09"
984,1614,180,"fail","2026-02-22 21:17:18","2026-02-23 16:45:18"
985,5406,177,"success","2026-01-07 23:39:38","2026-01-20 00:26:10"
986,5469,53,"success","2026-01-21 20:54:17","2026-01-28 00:58:56"
987,5222,188,"fail","2026-02-18 17:58:19","2026-02-24 21:39:34"
988,977,157,"success","2026-02-01 21:27:12","2026-02-23 23:18:30"
989,3464,331,"fail","2026-01-22 19:51:07","2026-02-16 18:38:30"
990,2125,40,"fail","2026-02-12 06:50:24","2026-02-19 15:02:20"
991,5474,219,"fail","2026-02-25 00:31:22","2026-02-25 02:52:31"
992,1826,228,"fail","2026-02-24 04:35:17","2026-02-24 23:11:47"
993,1572,489,"fail","2026-01-05 18:54:47","2026-01-23 22:29:14"
994,4109,1,"success","2026-01-01 05:50:37","2026-01-19 09:17:47"
995,3006,475,"success","2026-01-23 04:01:27","2026-02-15 03:41:43"
996,5147,176,"success","2026-01-16 05:22:02","2026-02-21 22:23:54"
997,396,382,"fail","2026-02-01 07:25:47","2026-02-20 17:56:16"
998,68,170,"success","2026-01-30 04:25:00","2026-02-21 12:35:59"
999,2135,381,"fail","2026-01-25 23:12:15","2026-02-15 10:39:44"
1000,551,105,"success","2026-02-11 09:42:34","2026-02-25 04:35:18"
1001,1596,17,"fail","2026-01-28 09:02:39","2026-02-12 16:29:06"
1002,1428,256,"fail","2026-01-18 10:36:14","2026-02-16 08:02:36"
1003,1594,172,"fail","2026-01-21 08:39:04","2026-02-11 02:51:38"
1004,2617,126,"success","2026-01-15 18:12:38","2026-02-15 23:41:39"
1005,492,84,"fail","2026-01-13 01:42:02","2026-02-15 15:44:53"
1006,718,17,"success","2026-01-27 17:18:54","2026-02-06 09:17:44"
1007,2036,286,"fail","2026-02-02 02:20:23","2026-02-21 03:55:28"
1008,2111,333,"fail","2026-01-14 14:25:03","2026-01-17 21:57:49"
1009,2146,292,"fail","2026-02-21 17:32:25","2026-02-23 02:23:09"
1010,577,366,"success","2026-02-06 14:53:24","2026-02-06 18:12:22"
1011,289,340,"fail","2026-02-05 12:38:39","2026-02-10 20:04:43"
1012,977,27,"fail","2026-01-08 18:00:38","2026-02-07 17:44:53"
1013,3753,13,"success","2026-01-24 13:31:53","2026-01-28 14:03:36"
1014,2182,396,"fail","2026-01-29 03:54:51","2026-02-05 22:37:01"
1015,4380,399,"fail","2026-02-01 20:25:45","2026-02-18 11:30:49"
1016,1084,491,"success","2026-02-09 19:54:02","2026-02-21 16:25:41"
1017,3598,128,"fail","2026-02-17 19:50:48","2026-02-21 12:56:45"
1018,2633,90,"fail","2026-01-24 22:04:20","2026-02-13 11:01:28"
1019,1653,189,"success","2026-01-03 21:32:55","2026-02-01 18:27:34"
1020,55,426,"fail","2026-01-14 07:46:09","2026-02-01 05:10:57"
1021,1897,415,"success","2026-02-20 07:09:34","2026-02-23 10:02:54"
1022,4132,204,"success","2026-01-14 17:20:05","2026-02-12 23:10:14"
1023,4325,29,"success","2026-01-27 11:23:05","2026-01-31 20:12:01"
1024,1840,321,"fail","2026-01-05 04:27:22","2026-01-07 18:29:40"
1025,1763,277,"fail","2026-02-02 17:18:51","2026-02-03 14:05:57"
1026,5869,11,"fail","2026-01-07 23:32:33","2026-02-01 23:28:42"
1027,1232,273,"success","2026-01-22 22:55:43","2026-02-05 19:46:01"
1028,5939,269,"success","2026-01-10 13:18:44","2026-01-18 14:48:47"
1029,2611,292,"fail","2026-02-08 21:04:40","2026-02-11 20:44:08"
1030,1422,274,"success","2026-02-14 16:40:03","2026-02-23 01:21:40"
1031,2166,239,"fail","2026-02-10 05:48:24","2026-02-11 07:52:22"
1032,1156,41,"fail","2026-01-31 12:56:28","2026-02-03 16:30:33"
1033,3406,43,"fail","2026-02-08 14:52:48","2026-02-20 20:49:13"
1034,888,448,"success","2026-02-03 19:30:34","2026-02-18 00:22:08"
1035,3045,3,"success","2026-01-12 16:29:38","2026-02-22 13:23:14"
1036,294,15,"fail","2026-02-17 23:05:13","2026-02-23 00:49:26"
1037,4515,329,"success","2026-01-20 18:08:23","2026-01-24 21:39:14"
1038,1946,144,"fail","2026-01-23 18:58:36","2026-02-02 23:51:42"
1039,5173,299,"fail","2026-02-22 01:34:32","2026-02-22 05:13:02"
1040,1644,189,"success","2026-01-07 11:29:06","2026-01-24 06:39:00"
1041,2076,369,"fail","2026-01-11 14:55:33","2026-02-09 16:49:31"
1042,1918,76,"success","2026-02-21 08:54:07","2026-02-24 00:49:44"
1043,760,402,"fail","2026-01-24 00:31:22","2026-01-25 19:35:18"
1044,1976,321,"fail","2026-01-26 13:24:37","2026-02-04 03:27:16"
1045,2846,393,"success","2026-01-17 03:29:28","2026-01-25 07:32:16"
1046,3045,283,"fail","2026-02-13 04:58:45","2026-02-23 13:21:32"
1047,2541,449,"success","2026-02-10 02:01:55","2026-02-21 04:02:32"
1048,2785,206,"fail","2026-02-16 17:07:36","2026-02-21 08:10:49"
1049,219,409,"fail","2026-01-29 04:48:20","2026-02-06 04:19:24"
1050,2555,11,"success","2026-02-20 01:29:53","2026-02-23 03:27:48"
1051,2372,393,"fail","2026-02-10 08:50:07","2026-02-12 10:50:13"
1052,2957,224,"fail","2026-01-07 13:34:17","2026-02-12 14:27:46"
1053,2162,245,"success","2026-01-14 09:48:12","2026-02-08 09:37:38"
1054,512,327,"success","2026-02-01 02:25:32","2026-02-17 19:48:33"
1055,748,420,"success","2026-01-18 15:25:05","2026-01-29 01:28:30"
1056,2869,263,"success","2026-01-24 13:02:33","2026-01-31 05:19:18"
1057,528,407,"success","2026-01-02 10:03:18","2026-01-18 18:29:12"
1058,717,52,"success","2026-02-18 02:10:22","2026-02-20 20:42:46"
1059,3030,307,"success","2026-01-03 20:48:18","2026-01-11 13:43:29"
1060,3595,274,"success","2026-01-29 12:25:28","2026-02-23 23:52:19"
1061,3539,322,"success","2026-01-01 21:41:19","2026-01-16 13:03:21"
1062,3513,432,"success","2026-02-11 19:21:37","2026-02-12 18:41:26"
1063,2877,296,"fail","2026-01-17 10:41:03","2026-02-02 15:23:00"
1064,3716,356,"success","2026-01-16 23:52:53","2026-01-30 22:46:24"
1065,1984,177,"success","2026-02-11 17:41:44","2026-02-12 21:18:52"
1066,5515,261,"success","2026-01-11 14:44:06","2026-01-24 20:14:26"
1067,2882,430,"success","2026-02-07 16:28:10","2026-02-09 15:38:01"
1068,1492,379,"fail","2026-02-10 14:50:12","2026-02-17 16:47:44"
1069,541,17,"fail","2026-02-12 10:33:12","2026-02-23 22:25:44"
1070,4640,381,"fail","2026-01-23 08:49:14","2026-02-25 03:38:09"
1071,3748,43,"fail","2026-01-15 14:16:48","2026-01-21 15:02:33"
1072,4028,6,"success","2026-02-21 04:33:31","2026-02-21 08:30:35"
1073,949,343,"success","2026-01-26 01:22:37","2026-02-04 16:19:38"
1074,4627,485,"fail","2026-02-12 09:52:27","2026-02-12 16:12:22"
1075,3242,356,"success","2026-01-12 02:44:16","2026-01-23 01:35:29"
1076,4255,205,"fail","2026-02-07 07:06:13","2026-02-24 08:02:16"
1077,3805,1,"fail","2026-02-16 14:06:43","2026-02-21 09:28:27"
1078,4242,123,"success","2026-01-07 18:10:21","2026-02-05 18:19:28"
1079,5954,460,"success","2026-02-20 23:52:53","2026-02-22 16:47:57"
1080,4792,140,"fail","2026-02-04 11:12:20","2026-02-19 03:57:43"
1081,1833,389,"fail","2026-01-12 15:58:19","2026-02-05 17:17:52"
1082,705,265,"success","2026-02-13 10:29:25","2026-02-21 22:35:08"
1083,5051,326,"success","2026-01-19 13:42:22","2026-02-09 03:43:09"
1084,3417,91,"fail","2026-01-26 06:36:58","2026-02-24 13:56:18"
1085,1201,80,"fail","2026-01-24 09:39:34","2026-01-30 13:20:14"
1086,835,144,"success","2026-02-21 15:17:25","2026-02-24 18:10:40"
1087,2047,106,"success","2026-02-05 17:21:09","2026-02-11 15:15:25"
1088,1049,495,"success","2026-02-11 22:07:01","2026-02-16 10:36:09"
1089,1681,127,"fail","2026-01-21 19:34:00","2026-02-11 00:43:21"
1090,3291,391,"success","2026-01-24 16:38:20","2026-02-18 09:18:21"
1091,1556,454,"success","2026-02-03 12:43:44","2026-02-23 08:32:32"
1092,1577,382,"fail","2026-02-14 22:23:14","2026-02-22 23:14:50"
1093,2000,7,"fail","2026-01-01 11:57:57","2026-01-17 04:49:51"
1094,3150,291,"fail","2026-01-28 15:40:02","2026-02-02 20:06:30"
1095,882,318,"success","2026-01-24 20:10:39","2026-01-24 23:21:53"
1096,4782,422,"fail","2026-02-11 12:18:15","2026-02-14 09:00:35"
1097,1434,398,"fail","2026-01-15 04:10:19","2026-02-16 19:22:52"
1098,5863,408,"success","2026-01-12 07:20:13","2026-01-13 01:32:10"
1099,1871,364,"fail","2026-01-15 21:45:58","2026-01-16 23:05:40"
1100,4868,443,"fail","2026-02-15 20:30:05","2026-02-19 03:18:01"
1101,347,354,"success","2026-01-25 07:15:00","2026-02-20 18:07:15"
1102,1204,479,"success","2026-01-23 02:47:34","2026-02-24 11:26:18"
1103,4556,462,"success","2026-01-20 22:10:38","2026-01-24 01:25:02"
1104,4227,116,"success","2026-01-25 17:39:42","2026-01-29 14:45:23"
1105,3489,71,"success","2026-01-26 06:33:21","2026-02-12 15:10:37"
1106,5556,239,"fail","2026-01-30 16:12:11","2026-02-15 18:47:35"
1107,61,223,"success","2026-02-24 20:04:48","2026-02-25 02:30:06"
1108,3776,340,"success","2026-01-01 16:14:05","2026-01-13 18:18:54"
1109,5449,37,"success","2026-02-09 19:55:07","2026-02-16 00:56:57"
1110,3138,13,"success","2026-02-03 10:29:40","2026-02-19 21:00:10"
1111,27,397,"fail","2026-01-09 22:49:50","2026-02-25 11:47:05"
1112,2210,290,"success","2026-02-05 03:09:40","2026-02-24 18:30:17"
1113,2763,456,"fail","2026-01-02 08:10:50","2026-02-12 18:03:03"
1114,4506,452,"fail","2026-01-08 20:52:01","2026-02-04 02:18:16"
1115,70,303,"fail","2026-02-19 15:56:49","2026-02-23 08:15:41"
1116,3310,244,"fail","2026-02-10 11:52:39","2026-02-14 02:02:25"
1117,254,131,"success","2026-01-21 22:00:44","2026-01-30 10:25:11"
1118,3590,3,"fail","2026-01-30 13:10:36","2026-02-08 22:22:27"
1119,4824,133,"success","2026-02-20 18:05:39","2026-02-23 08:14:08"
1120,3150,60,"fail","2026-02-13 08:41:17","2026-02-14 12:57:46"
1121,5346,237,"fail","2026-01-16 08:47:35","2026-01-26 07:24:11"
1122,4432,51,"success","2026-02-24 10:58:56","2026-02-24 17:00:20"
1123,1315,63,"success","2026-01-26 04:42:36","2026-02-03 13:52:45"
1124,993,318,"fail","2026-02-16 10:37:19","2026-02-19 15:33:19"
1125,5359,237,"fail","2026-01-15 09:48:02","2026-02-16 09:59:29"
1126,5475,401,"success","2026-01-29 14:13:36","2026-02-07 15:56:18"
1127,5945,296,"success","2026-02-15 20:15:19","2026-02-22 22:52:46"
1128,5828,92,"fail","2026-01-02 00:35:04","2026-02-02 23:44:38"
1129,3375,239,"fail","2026-01-26 11:01:12","2026-02-20 11:06:08"
1130,5734,272,"fail","2026-01-01 16:59:13","2026-01-21 02:57:25"
1131,2825,95,"success","2026-01-03 13:53:15","2026-01-14 16:51:37"
1132,2064,150,"success","2026-02-10 09:45:04","2026-02-22 14:08:37"
1133,5717,71,"fail","2026-02-22 23:29:10","2026-02-24 11:18:42"
1134,5341,284,"fail","2026-01-31 15:21:57","2026-01-31 19:26:22"
1135,4453,395,"fail","2026-02-18 07:30:47","2026-02-25 08:39:54"
1136,3088,273,"success","2026-01-02 06:47:18","2026-02-04 10:46:22"
1137,4481,15,"success","2026-01-18 17:43:27","2026-02-25 00:03:08"
1138,5402,355,"success","2026-02-14 07:09:27","2026-02-21 09:31:42"
1139,5543,354,"fail","2026-01-28 01:58:38","2026-02-04 10:39:49"
1140,973,45,"fail","2026-02-10 00:03:27","2026-02-25 07:29:17"
1141,176,235,"success","2026-01-21 09:15:36","2026-02-19 15:14:29"
1142,2614,156,"success","2026-01-28 08:32:52","2026-02-17 18:50:22"
1143,1929,236,"fail","2026-01-14 03:44:14","2026-01-30 03:37:06"
1144,3683,118,"success","2026-02-22 13:13:57","2026-02-24 15:34:55"
1145,4848,344,"fail","2026-01-06 16:34:37","2026-01-24 13:04:14"
1146,2442,312,"success","2026-01-25 16:59:10","2026-02-21 05:26:47"
1147,568,300,"success","2026-01-24 19:40:07","2026-02-23 16:47:30"
1148,2054,142,"success","2026-01-19 05:51:43","2026-01-23 20:57:32"
1149,5355,111,"fail","2026-01-18 13:29:39","2026-01-24 07:51:11"
1150,379,218,"fail","2026-01-01 20:16:40","2026-01-27 20:50:51"
1151,1432,446,"fail","2026-01-19 13:02:11","2026-02-18 08:35:03"
1152,1806,259,"fail","2026-01-28 20:03:27","2026-02-06 19:04:28"
1153,5177,101,"fail","2026-02-07 14:06:22","2026-02-25 01:31:24"
1154,4316,77,"fail","2026-02-17 02:24:26","2026-02-20 11:06:43"
1155,4251,35,"fail","2026-01-16 14:07:05","2026-01-24 11:04:29"
1156,5371,499,"success","2026-01-07 22:52:43","2026-01-09 16:17:52"
1157,3882,286,"fail","2026-02-21 01:06:57","2026-02-24 01:27:08"
1158,3446,100,"fail","2026-02-13 03:33:14","2026-02-14 16:40:14"
1159,679,14,"fail","2026-02-18 06:15:02","2026-02-24 10:22:31"
1160,3029,244,"success","2026-01-01 03:33:09","2026-01-21 00:35:23"
1161,4495,60,"success","2026-01-27 09:22:09","2026-02-17 03:00:16"
1162,901,469,"success","2026-02-23 09:19:19","2026-02-24 14:17:33"
1163,1002,204,"fail","2026-01-24 07:44:08","2026-02-12 22:30:46"
1164,5913,121,"fail","2026-01-23 10:35:53","2026-02-22 15:17:40"
1165,4459,226,"success","2026-01-10 11:41:57","2026-01-15 11:26:49"
1166,1538,191,"success","2026-02-04 16:33:00","2026-02-07 08:12:03"
1167,4970,144,"success","2026-01-25 14:45:39","2026-02-08 00:43:02"
1168,5163,147,"success","2026-01-11 07:10:37","2026-01-20 12:27:24"
1169,2133,82,"fail","2026-02-14 05:07:26","2026-02-17 03:05:23"
1170,25,424,"fail","2026-02-06 07:20:48","2026-02-11 16:26:31"
1171,5734,39,"success","2026-01-15 15:56:48","2026-01-26 06:15:19"
1172,157,324,"success","2026-02-08 12:07:18","2026-02-13 08:53:40"
1173,3834,499,"fail","2026-02-19 01:50:40","2026-02-21 11:46:25"
1174,1385,464,"success","2026-02-17 11:29:41","2026-02-19 00:15:53"
1175,4043,272,"fail","2026-01-31 19:56:53","2026-02-22 20:55:03"
1176,1002,137,"fail","2026-02-20 15:22:53","2026-02-21 07:01:44"
1177,3993,147,"fail","2026-01-27 05:56:54","2026-02-06 23:14:37"
1178,3595,332,"fail","2026-01-30 10:10:16","2026-02-03 12:33:05"
1179,4230,255,"fail","2026-02-09 14:20:59","2026-02-16 02:16:57"
1180,5753,456,"fail","2026-02-02 19:58:55","2026-02-17 22:54:51"
1181,4029,141,"success","2026-01-19 22:06:33","2026-02-15 15:50:25"
1182,2124,265,"success","2026-01-07 04:44:32","2026-01-10 16:31:51"
1183,88,210,"fail","2026-02-22 03:45:24","2026-02-25 11:15:27"
1184,4333,334,"fail","2026-01-12 15:38:58","2026-01-13 12:28:42"
1185,1382,457,"fail","2026-02-25 05:37:56","2026-02-25 06:47:29"
1186,363,137,"success","2026-01-22 14:30:43","2026-02-18 14:41:39"
1187,1014,38,"success","2026-01-29 00:59:45","2026-01-29 03:39:37"
1188,834,74,"success","2026-01-23 19:35:04","2026-02-10 02:14:15"
1189,2191,485,"fail","2026-01-19 19:48:32","2026-02-13 14:59:32"
1190,3575,5,"success","2026-02-02 04:59:41","2026-02-16 10:28:01"
1191,1045,150,"fail","2026-01-29 09:55:31","2026-02-09 14:18:46"
1192,3302,384,"fail","2026-01-24 06:47:40","2026-02-14 03:51:13"
1193,3665,475,"fail","2026-01-07 15:19:37","2026-01-21 19:24:58"
1194,2896,169,"fail","2026-02-11 17:46:05","2026-02-12 00:37:56"
1195,2211,141,"success","2026-02-13 10:57:54","2026-02-19 00:09:11"
1196,5943,324,"fail","2026-01-28 04:00:01","2026-02-24 08:18:29"
1197,1661,253,"fail","2026-01-16 18:58:47","2026-02-06 03:30:02"
1198,1518,473,"fail","2026-01-30 23:48:01","2026-02-04 00:08:06"
1199,4846,338,"success","2026-01-06 17:12:59","2026-01-11 16:30:24"
1200,106,272,"fail","2026-01-11 06:00:08","2026-02-21 01:56:02"
1201,1485,361,"fail","2026-02-18 10:22:51","2026-02-22 18:11:29"
1202,5379,78,"success","2026-01-14 19:42:45","2026-02-19 10:34:36"
1203,2948,427,"fail","2026-01-19 02:47:31","2026-02-23 17:41:57"
1204,4116,316,"fail","2026-02-17 10:55:46","2026-02-25 05:36:19"
1205,4415,84,"fail","2026-02-19 08:49:43","2026-02-24 03:44:06"
1206,5124,164,"fail","2026-02-10 11:15:17","2026-02-15 22:21:48"
1207,869,282,"success","2026-01-19 17:21:12","2026-02-19 13:47:35"
1208,2921,60,"success","2026-02-12 12:01:40","2026-02-17 20:14:33"
1209,2319,183,"fail","2026-01-28 11:12:42","2026-02-01 07:54:40"
1210,2955,54,"success","2026-02-08 15:06:08","2026-02-24 02:28:15"
1211,1031,306,"fail","2026-02-10 02:45:33","2026-02-24 23:13:51"
1212,4675,207,"success","2026-01-12 00:28:43","2026-02-13 09:10:41"
1213,3971,469,"success","2026-02-25 08:57:28","2026-02-25 10:57:34"
1214,5632,297,"success","2026-02-20 15:38:46","2026-02-23 04:50:57"
1215,1946,490,"fail","2026-02-22 02:13:06","2026-02-24 21:13:24"
1216,4541,163,"success","2026-01-10 02:02:18","2026-01-16 18:20:35"
1217,2930,161,"fail","2026-01-13 21:00:31","2026-02-19 01:30:09"
1218,5725,229,"fail","2026-02-19 01:16:03","2026-02-23 00:29:54"
1219,5395,277,"fail","2026-02-15 10:14:11","2026-02-21 05:05:49"
1220,4006,267,"success","2026-01-29 07:10:45","2026-02-15 02:27:37"
1221,4576,52,"fail","2026-02-15 11:05:33","2026-02-22 21:44:03"
1222,1661,60,"fail","2026-02-21 05:59:29","2026-02-24 22:06:05"
1223,5370,348,"success","2026-01-10 16:34:52","2026-01-27 14:45:52"
1224,86,368,"fail","2026-01-31 01:02:44","2026-02-24 16:49:16"
1225,1011,123,"fail","2026-02-24 13:39:02","2026-02-24 13:43:55"
1226,4403,140,"success","2026-01-10 03:32:47","2026-01-28 13:48:44"
1227,2530,60,"success","2026-01-27 09:20:39","2026-02-04 11:10:15"
1228,3369,221,"fail","2026-01-03 22:56:18","2026-01-07 15:47:18"
1229,3683,430,"fail","2026-01-26 22:38:51","2026-02-14 23:58:12"
1230,2807,399,"fail","2026-01-01 06:22:16","2026-01-15 09:29:16"
1231,3957,257,"fail","2026-02-06 23:08:28","2026-02-07 07:42:38"
1232,1851,477,"success","2026-02-21 01:35:55","2026-02-21 06:47:02"
1233,3242,240,"fail","2026-02-04 16:44:15","2026-02-20 13:43:53"
1234,664,381,"success","2026-01-19 04:02:40","2026-02-15 10:54:52"
1235,3458,121,"fail","2026-02-16 21:11:05","2026-02-17 00:42:09"
1236,1736,382,"success","2026-02-24 20:17:13","2026-02-24 20:30:53"
1237,4443,363,"fail","2026-01-27 17:37:13","2026-01-30 19:15:57"
1238,2319,203,"fail","2026-01-23 07:31:04","2026-02-21 14:17:14"
1239,1062,168,"fail","2026-01-01 05:13:49","2026-01-12 19:36:57"
1240,227,275,"fail","2026-01-07 09:42:36","2026-02-14 19:24:15"
1241,283,77,"fail","2026-01-25 14:52:46","2026-02-24 20:51:18"
1242,1657,326,"fail","2026-01-27 00:27:43","2026-02-08 02:59:00"
1243,3520,314,"fail","2026-02-07 23:04:31","2026-02-19 02:42:54"
1244,2240,97,"fail","2026-02-19 22:37:32","2026-02-22 21:21:45"
1245,4880,67,"fail","2026-02-13 16:48:18","2026-02-19 15:35:49"
1246,4806,27,"success","2026-01-25 00:29:19","2026-02-10 09:45:52"
1247,5425,324,"success","2026-02-17 18:54:17","2026-02-20 05:18:21"
1248,4042,399,"success","2026-01-14 18:08:35","2026-01-24 18:43:06"
1249,5613,270,"success","2026-02-08 07:10:33","2026-02-09 12:08:07"
1250,1614,467,"success","2026-01-15 16:48:06","2026-02-05 10:48:29"
1251,296,369,"fail","2026-01-26 11:48:17","2026-02-11 05:14:29"
1252,2563,440,"fail","2026-01-28 16:36:05","2026-02-20 02:35:35"
1253,661,243,"success","2026-01-10 20:54:33","2026-02-21 03:55:07"
1254,3772,74,"fail","2026-02-17 04:53:14","2026-02-19 23:13:26"
1255,3137,348,"success","2026-01-08 22:34:28","2026-02-17 23:10:57"
1256,3077,208,"fail","2026-01-05 00:36:49","2026-02-18 15:05:19"
1257,5115,21,"fail","2026-01-06 20:54:54","2026-02-13 07:55:17"
1258,5077,133,"fail","2026-01-20 11:35:40","2026-02-10 15:23:00"
1259,4824,235,"success","2026-01-18 11:03:55","2026-02-21 02:03:11"
1260,3375,199,"success","2026-02-11 23:56:03","2026-02-14 03:50:28"
1261,2036,253,"fail","2026-02-19 08:34:21","2026-02-23 03:12:22"
1262,790,384,"fail","2026-01-28 19:53:59","2026-02-16 18:33:49"
1263,2640,416,"success","2026-01-13 17:01:55","2026-02-18 16:03:41"
1264,872,192,"fail","2026-01-05 14:22:56","2026-02-03 12:00:15"
1265,4174,172,"success","2026-01-23 02:45:41","2026-02-03 14:28:08"
1266,2275,121,"fail","2026-01-21 22:28:17","2026-02-11 16:17:09"
1267,965,480,"fail","2026-01-01 06:06:06","2026-01-15 19:21:41"
1268,3045,334,"fail","2026-02-14 16:08:52","2026-02-23 12:50:32"
1269,2578,312,"fail","2026-01-11 22:51:27","2026-02-02 19:19:27"
1270,2548,33,"success","2026-02-05 19:21:37","2026-02-07 04:53:59"
1271,531,227,"fail","2026-02-16 13:34:04","2026-02-21 01:45:57"
1272,5926,153,"fail","2026-01-13 22:13:41","2026-01-25 15:50:51"
1273,1759,90,"success","2026-02-18 18:03:16","2026-02-22 13:43:23"
1274,2251,36,"success","2026-01-29 23:05:08","2026-02-13 08:08:59"
1275,4825,383,"fail","2026-01-13 02:07:16","2026-01-31 00:23:02"
1276,4307,405,"success","2026-01-06 00:05:38","2026-01-13 22:12:37"
1277,2472,241,"fail","2026-01-17 06:03:39","2026-02-06 08:16:49"
1278,2785,99,"fail","2026-02-08 06:55:52","2026-02-22 17:56:34"
1279,480,473,"success","2026-01-22 05:11:02","2026-02-12 03:00:15"
1280,4586,248,"fail","2026-01-07 08:55:31","2026-01-28 09:01:39"
1281,1760,304,"fail","2026-01-26 05:21:46","2026-02-20 04:09:55"
1282,3338,33,"fail","2026-01-07 04:09:57","2026-02-16 16:04:34"
1283,2947,359,"fail","2026-01-20 10:08:12","2026-02-17 15:57:57"
1284,4995,268,"fail","2026-02-06 22:00:45","2026-02-09 04:16:19"
1285,2723,290,"fail","2026-01-31 15:59:11","2026-02-08 18:09:20"
1286,2735,496,"success","2026-02-07 08:46:16","2026-02-09 22:18:14"
1287,646,80,"fail","2026-01-24 00:54:27","2026-02-04 10:24:45"
1288,968,33,"fail","2026-01-29 20:02:55","2026-01-31 17:25:27"
1289,160,110,"fail","2026-02-19 07:33:58","2026-02-22 10:51:32"
1290,3957,119,"success","2026-01-09 02:21:27","2026-02-13 04:12:06"
1291,4842,236,"success","2026-01-06 00:04:29","2026-01-18 06:20:35"
1292,5881,354,"fail","2026-02-07 04:40:01","2026-02-15 11:00:49"
1293,1995,403,"fail","2026-02-10 05:12:48","2026-02-23 04:17:14"
1294,3181,230,"success","2026-02-17 19:26:41","2026-02-25 01:49:29"
1295,3697,113,"fail","2026-02-05 01:22:31","2026-02-21 02:34:10"
1296,2330,320,"fail","2026-02-15 14:28:55","2026-02-15 15:26:21"
1297,3092,123,"fail","2026-01-04 12:51:08","2026-01-25 20:35:47"
1298,4616,435,"success","2026-01-23 01:07:11","2026-02-23 22:50:46"
1299,4498,312,"success","2026-01-19 13:06:37","2026-02-23 22:46:10"
1300,4496,42,"success","2026-01-14 09:01:37","2026-02-06 19:10:14"
1301,4035,119,"fail","2026-02-13 07:25:34","2026-02-18 01:41:09"
1302,132,458,"success","2026-02-21 17:59:57","2026-02-25 00:30:30"
1303,1570,291,"success","2026-02-06 22:56:23","2026-02-13 15:54:40"
1304,5524,190,"fail","2026-01-03 18:03:49","2026-01-19 00:30:42"
1305,4900,178,"fail","2026-01-09 22:02:56","2026-01-28 05:48:58"
1306,4533,71,"fail","2026-01-25 00:36:40","2026-02-20 18:57:53"
1307,1209,236,"success","2026-02-19 08:37:19","2026-02-20 15:44:30"
1308,4429,203,"fail","2026-01-17 17:46:05","2026-01-21 00:24:56"
1309,5487,105,"fail","2026-02-06 17:04:10","2026-02-24 02:38:03"
1310,455,266,"fail","2026-01-11 12:46:01","2026-01-25 08:03:13"
1311,2385,183,"fail","2026-01-10 14:13:28","2026-01-20 12:35:58"
1312,1695,133,"fail","2026-01-13 17:01:36","2026-01-17 22:38:10"
1313,4428,137,"fail","2026-02-16 13:27:20","2026-02-21 21:06:10"
1314,5264,394,"fail","2026-02-23 08:49:28","2026-02-24 16:56:49"
1315,4511,265,"success","2026-01-31 00:31:27","2026-02-04 23:57:49"
1316,4375,52,"success","2026-02-08 05:41:58","2026-02-16 11:06:14"
1317,4150,141,"success","2026-01-21 10:12:05","2026-02-15 23:54:42"
1318,3011,162,"success","2026-02-12 09:06:37","2026-02-14 16:25:41"
1319,5991,433,"success","2026-02-04 03:45:51","2026-02-10 16:00:52"
1320,4324,192,"fail","2026-02-20 15:37:22","2026-02-21 01:06:33"
1321,1822,309,"fail","2026-01-24 16:01:05","2026-01-27 03:40:18"
1322,5856,315,"fail","2026-01-25 13:10:27","2026-02-17 23:23:24"
1323,4708,191,"fail","2026-02-09 20:28:23","2026-02-22 00:10:43"
1324,3756,3,"fail","2026-01-31 13:45:17","2026-02-02 19:46:49"
1325,2070,85,"success","2026-01-26 03:28:08","2026-01-26 18:52:39"
1326,1432,179,"fail","2026-02-13 01:19:21","2026-02-14 02:27:15"
1327,2430,410,"fail","2026-01-23 12:21:19","2026-02-07 22:48:08"
1328,1130,478,"success","2026-01-15 14:18:06","2026-01-31 23:22:40"
1329,1817,303,"fail","2026-02-13 09:33:22","2026-02-17 00:21:13"
1330,282,77,"fail","2026-02-03 07:33:43","2026-02-25 00:09:03"
1331,2744,164,"fail","2026-01-15 07:43:05","2026-02-03 12:29:05"
1332,1406,435,"fail","2026-01-18 23:44:42","2026-02-17 05:01:48"
1333,786,93,"fail","2026-02-07 07:45:43","2026-02-18 13:59:05"
1334,715,41,"fail","2026-02-10 11:38:51","2026-02-14 17:23:05"
1335,4891,258,"success","2026-01-22 14:47:07","2026-02-14 06:10:45"
1336,5739,198,"success","2026-01-15 18:57:06","2026-01-23 23:09:50"
1337,4905,427,"fail","2026-01-10 19:22:16","2026-01-14 02:58:30"
1338,2686,212,"success","2026-02-05 09:33:48","2026-02-09 22:27:52"
1339,1801,279,"fail","2026-01-19 00:41:06","2026-01-21 09:54:25"
1340,1271,6,"success","2026-01-24 05:11:43","2026-02-07 14:58:20"
1341,4669,411,"fail","2026-01-07 06:39:39","2026-01-21 16:01:17"
1342,2744,321,"fail","2026-01-05 06:41:28","2026-02-11 12:12:24"
1343,5502,377,"fail","2026-01-02 01:23:49","2026-02-15 05:06:51"
1344,4585,401,"fail","2026-01-24 15:03:05","2026-02-16 02:37:57"
1345,1812,354,"success","2026-02-09 22:50:33","2026-02-16 15:44:09"
1346,1891,18,"fail","2026-01-03 09:37:28","2026-02-05 18:10:56"
1347,5612,429,"fail","2026-01-22 20:12:56","2026-01-23 22:34:13"
1348,1682,188,"fail","2026-01-01 19:12:52","2026-02-21 08:26:50"
1349,2580,23,"success","2026-02-20 20:54:26","2026-02-24 17:32:01"
1350,860,462,"success","2026-02-04 14:17:09","2026-02-07 02:20:28"
1351,3096,485,"fail","2026-02-25 07:10:44","2026-02-25 10:40:44"
1352,4463,211,"fail","2026-01-19 21:44:57","2026-01-24 17:24:38"
1353,1430,459,"success","2026-01-21 20:19:17","2026-02-08 11:07:11"
1354,1997,103,"success","2026-02-04 10:42:50","2026-02-25 04:42:48"
1355,3404,210,"success","2026-01-18 17:34:46","2026-01-31 15:30:22"
1356,5973,484,"success","2026-02-03 06:14:32","2026-02-23 03:54:09"
1357,5841,80,"fail","2026-02-18 11:19:27","2026-02-23 17:58:40"
1358,720,57,"fail","2026-02-07 06:16:50","2026-02-12 13:11:47"
1359,3109,142,"fail","2026-01-04 01:55:40","2026-02-15 16:57:09"
1360,2184,59,"fail","2026-02-22 02:33:26","2026-02-25 04:04:02"
1361,1338,145,"fail","2026-01-08 17:30:55","2026-02-20 18:54:31"
1362,589,69,"success","2026-02-05 14:53:10","2026-02-17 03:36:29"
1363,817,40,"fail","2026-02-02 15:36:29","2026-02-04 05:32:50"
1364,559,214,"success","2026-01-25 13:13:24","2026-02-19 00:33:21"
1365,2590,391,"success","2026-01-24 07:24:48","2026-02-05 00:37:07"
1366,5640,413,"fail","2026-02-20 13:24:29","2026-02-23 06:46:26"
1367,5604,57,"success","2026-01-13 16:28:00","2026-02-03 12:33:20"
1368,912,2,"success","2026-01-24 15:38:46","2026-02-09 15:34:44"
1369,2021,3,"fail","2026-01-19 06:46:05","2026-01-24 20:57:27"
1370,1481,325,"fail","2026-01-14 21:11:23","2026-02-22 01:17:07"
1371,359,365,"success","2026-02-17 20:55:55","2026-02-18 11:17:55"
1372,934,110,"success","2026-01-30 01:33:46","2026-02-07 08:00:05"
1373,3222,336,"success","2026-02-19 22:52:38","2026-02-24 18:17:56"
1374,1271,57,"fail","2026-01-28 05:37:35","2026-02-08 01:59:12"
1375,1935,358,"fail","2026-01-14 14:22:31","2026-02-22 18:24:19"
1376,4233,405,"success","2026-02-07 14:31:03","2026-02-23 22:07:23"
1377,5209,253,"fail","2026-01-10 23:28:53","2026-02-11 04:40:14"
1378,3002,365,"fail","2026-01-28 14:28:03","2026-02-12 08:39:46"
1379,5415,157,"fail","2026-02-19 03:27:04","2026-02-19 10:22:15"
1380,5225,279,"success","2026-01-03 21:27:50","2026-01-20 11:33:07"
1381,2374,248,"success","2026-01-07 04:11:27","2026-01-23 05:30:43"
1382,5352,185,"fail","2026-02-24 20:11:05","2026-02-25 03:39:49"
1383,2902,222,"fail","2026-01-03 22:51:27","2026-02-20 15:13:38"
1384,5268,429,"fail","2026-02-24 22:17:16","2026-02-25 02:48:23"
1385,2082,195,"fail","2026-02-25 00:23:00","2026-02-25 09:43:29"
1386,1860,163,"fail","2026-01-14 07:31:29","2026-02-15 06:42:06"
1387,2311,409,"fail","2026-02-07 14:36:09","2026-02-11 23:33:21"
1388,2166,342,"success","2026-01-13 19:46:58","2026-01-28 21:16:28"
1389,2624,482,"success","2026-02-17 04:36:12","2026-02-17 17:42:29"
1390,1833,238,"fail","2026-01-02 03:20:54","2026-02-20 19:34:07"
1391,2846,422,"fail","2026-01-22 15:36:27","2026-02-10 06:14:01"
1392,1914,345,"fail","2026-02-19 19:34:23","2026-02-25 06:11:56"
1393,4386,23,"fail","2026-01-22 13:03:45","2026-02-24 23:06:12"
1394,151,72,"fail","2026-02-21 07:06:31","2026-02-25 03:28:11"
1395,2340,326,"fail","2026-01-17 13:56:05","2026-01-30 06:17:46"
1396,134,181,"success","2026-01-26 22:36:02","2026-02-15 10:38:06"
1397,4747,43,"fail","2026-02-05 01:37:21","2026-02-14 19:27:20"
1398,4933,280,"fail","2026-02-18 20:28:51","2026-02-19 04:36:02"
1399,3086,431,"fail","2026-02-18 10:38:53","2026-02-21 05:14:35"
1400,1588,358,"fail","2026-02-22 21:06:11","2026-02-24 14:24:34"
1401,3882,473,"success","2026-02-14 15:44:38","2026-02-14 19:05:17"
1402,2681,307,"success","2026-02-16 11:48:09","2026-02-20 08:17:08"
1403,2393,428,"success","2026-02-14 19:41:36","2026-02-17 23:03:59"
1404,5839,471,"fail","2026-02-24 22:10:10","2026-02-24 22:30:48"
1405,2814,129,"success","2026-01-15 12:52:30","2026-02-02 22:28:04"
1406,2957,277,"success","2026-02-17 03:41:07","2026-02-21 23:45:42"
1407,4412,315,"success","2026-01-07 19:06:01","2026-01-08 10:57:24"
1408,4447,469,"success","2026-02-12 12:54:19","2026-02-17 11:00:55"
1409,4989,224,"fail","2026-01-09 14:09:54","2026-02-14 02:11:34"
1410,1290,286,"success","2026-01-15 05:00:24","2026-02-02 16:36:12"
1411,2212,191,"fail","2026-01-24 22:03:18","2026-02-07 14:53:59"
1412,2971,330,"fail","2026-02-03 07:20:00","2026-02-19 02:45:38"
1413,136,58,"fail","2026-02-09 18:45:32","2026-02-11 22:41:15"
1414,4043,444,"success","2026-01-27 08:36:42","2026-02-18 13:31:20"
1415,4865,164,"success","2026-02-08 23:15:59","2026-02-21 09:18:58"
1416,1271,18,"fail","2026-01-09 08:26:34","2026-02-14 03:46:07"
1417,3628,80,"fail","2026-01-02 18:40:55","2026-01-19 21:55:28"
1418,929,19,"success","2026-01-29 22:53:54","2026-02-06 14:54:38"
1419,1704,262,"success","2026-01-15 05:31:55","2026-01-27 00:13:46"
1420,279,394,"success","2026-01-30 14:20:17","2026-02-05 23:15:53"
1421,1836,217,"success","2026-01-09 00:41:53","2026-01-17 17:23:33"
1422,40,455,"fail","2026-02-14 17:50:30","2026-02-25 07:38:09"
1423,1383,163,"success","2026-01-13 02:15:28","2026-02-23 21:56:50"
1424,2349,112,"success","2026-02-02 08:31:21","2026-02-13 16:48:37"
1425,2508,426,"fail","2026-02-21 03:07:30","2026-02-21 16:44:29"
1426,2308,419,"success","2026-02-02 17:48:48","2026-02-11 01:40:18"
1427,3712,410,"success","2026-02-11 20:36:25","2026-02-18 01:02:11"
1428,1939,332,"fail","2026-01-23 16:10:37","2026-02-14 18:50:01"
1429,5887,461,"fail","2026-02-03 02:37:43","2026-02-13 12:25:42"
1430,5938,29,"fail","2026-01-13 04:44:56","2026-01-16 21:18:06"
1431,5259,497,"fail","2026-01-30 18:59:02","2026-02-10 20:20:39"
1432,5953,330,"fail","2026-02-14 03:51:50","2026-02-20 03:09:16"
1433,1048,34,"success","2026-02-21 23:34:04","2026-02-24 09:46:56"
1434,693,467,"success","2026-01-26 11:47:56","2026-01-30 16:28:54"
1435,2445,211,"success","2026-02-20 00:30:23","2026-02-20 11:15:52"
1436,1552,180,"fail","2026-01-23 00:48:59","2026-02-07 20:56:12"
1437,5215,267,"fail","2026-01-03 11:47:08","2026-01-09 14:08:53"
1438,4435,206,"fail","2026-01-08 20:56:26","2026-02-21 15:02:03"
1439,4543,249,"fail","2026-01-02 22:57:12","2026-01-13 23:29:34"
1440,5027,99,"success","2026-01-30 20:06:47","2026-02-10 03:48:00"
1441,5736,1,"fail","2026-02-08 19:48:19","2026-02-17 22:12:19"
1442,4867,68,"success","2026-02-15 07:44:01","2026-02-22 01:03:05"
1443,4624,4,"success","2026-02-15 06:39:33","2026-02-17 19:25:49"
1444,4694,218,"fail","2026-01-06 21:28:59","2026-02-10 06:01:12"
1445,2896,473,"fail","2026-01-24 07:15:57","2026-02-18 22:50:54"
1446,5655,88,"fail","2026-02-01 16:30:23","2026-02-15 16:59:02"
1447,1999,1,"fail","2026-01-06 20:33:11","2026-02-09 06:17:21"
1448,770,176,"fail","2026-02-06 00:51:51","2026-02-14 03:07:01"
1449,2272,53,"fail","2026-01-23 14:08:03","2026-02-10 11:23:12"
1450,5744,23,"fail","2026-01-24 15:20:30","2026-01-28 15:37:39"
1451,4905,236,"success","2026-02-02 10:10:13","2026-02-14 15:28:19"
1452,5880,195,"success","2026-02-14 23:48:04","2026-02-15 03:19:23"
1453,2556,50,"success","2026-01-14 15:35:30","2026-02-01 21:30:08"
1454,5997,309,"success","2026-02-21 04:38:40","2026-02-23 01:38:43"
1455,4475,228,"success","2026-01-21 05:37:18","2026-02-03 07:56:30"
1456,4871,467,"success","2026-02-16 12:49:21","2026-02-17 11:41:45"
1457,3827,336,"fail","2026-01-27 03:47:58","2026-02-02 23:02:48"
1458,1383,341,"fail","2026-02-06 02:46:20","2026-02-21 06:51:23"
1459,2812,488,"fail","2026-01-31 14:50:17","2026-02-18 10:18:08"
1460,4943,476,"success","2026-01-18 17:04:50","2026-02-08 18:32:51"
1461,1930,244,"success","2026-01-31 13:41:47","2026-02-01 01:50:43"
1462,1853,201,"fail","2026-01-07 16:58:05","2026-02-07 12:24:21"
1463,575,168,"success","2026-01-21 18:47:24","2026-02-13 12:27:24"
1464,539,414,"success","2026-02-04 12:46:43","2026-02-09 23:37:28"
1465,4232,221,"success","2026-01-29 16:51:01","2026-02-11 08:40:43"
1466,3223,496,"fail","2026-02-12 03:28:17","2026-02-21 21:10:33"
1467,3183,420,"fail","2026-01-16 02:02:17","2026-02-22 04:06:33"
1468,5645,351,"fail","2026-02-07 04:09:32","2026-02-08 01:10:24"
1469,3107,207,"success","2026-02-11 21:45:50","2026-02-20 01:36:25"
1470,3466,39,"success","2026-01-12 05:48:35","2026-01-17 13:56:34"
1471,214,163,"success","2026-02-04 10:35:28","2026-02-19 21:42:10"
1472,3394,180,"fail","2026-02-23 02:49:06","2026-02-24 08:00:54"
1473,5758,408,"success","2026-01-18 07:51:41","2026-02-11 19:23:40"
1474,2250,91,"fail","2026-02-16 19:04:47","2026-02-20 18:17:48"
1475,2111,262,"success","2026-02-06 10:32:46","2026-02-09 09:25:35"
1476,4463,57,"success","2026-02-16 05:45:35","2026-02-22 09:34:40"
1477,794,333,"success","2026-02-08 21:50:29","2026-02-17 20:35:13"
1478,541,499,"fail","2026-01-06 13:54:12","2026-01-19 21:53:38"
1479,850,244,"fail","2026-01-30 11:55:02","2026-02-22 07:30:00"
1480,3983,444,"fail","2026-01-22 23:06:41","2026-02-07 12:10:42"
1481,4487,463,"success","2026-01-08 10:04:16","2026-02-11 04:47:06"
1482,4423,339,"fail","2026-01-24 13:30:03","2026-02-05 00:34:32"
1483,5621,303,"fail","2026-01-07 17:51:57","2026-01-22 17:16:34"
1484,3102,112,"fail","2026-01-05 09:12:31","2026-02-23 01:08:27"
1485,2102,21,"success","2026-01-12 11:21:44","2026-01-24 02:56:47"
1486,4392,176,"success","2026-01-03 14:03:49","2026-02-18 20:43:31"
1487,1357,121,"fail","2026-01-13 09:56:33","2026-01-31 22:58:06"
1488,1566,16,"fail","2026-01-22 12:05:44","2026-01-24 02:54:56"
1489,858,456,"success","2026-02-01 20:11:42","2026-02-18 02:35:44"
1490,4201,393,"fail","2026-02-22 21:47:51","2026-02-24 22:01:29"
1491,3113,199,"fail","2026-02-10 15:06:21","2026-02-14 08:54:38"
1492,4743,402,"fail","2026-01-02 08:56:58","2026-02-21 06:39:34"
1493,4331,294,"fail","2026-01-28 19:29:39","2026-02-19 08:15:00"
1494,1910,182,"fail","2026-02-03 11:00:00","2026-02-17 04:06:54"
1495,1426,110,"success","2026-02-06 15:39:12","2026-02-10 19:28:21"
1496,1080,344,"success","2026-01-06 10:00:10","2026-02-12 04:00:52"
1497,4363,404,"fail","2026-01-17 22:56:01","2026-02-03 09:12:30"
1498,5810,73,"success","2026-01-18 18:34:20","2026-02-22 06:50:49"
1499,4125,117,"success","2026-02-21 23:22:55","2026-02-23 21:05:39"
1500,2725,304,"success","2026-02-13 22:22:35","2026-02-16 16:31:46"
1501,171,76,"success","2026-02-07 20:20:16","2026-02-25 05:47:49"
1502,1092,32,"success","2026-02-22 12:49:58","2026-02-22 18:39:06"
1503,3080,481,"fail","2026-02-17 07:50:28","2026-02-22 21:23:36"
1504,4623,161,"success","2026-01-17 08:14:07","2026-02-25 02:30:44"
1505,2944,251,"success","2026-02-03 19:59:03","2026-02-05 00:09:40"
1506,4358,233,"fail","2026-01-31 06:38:10","2026-02-10 22:15:30"
1507,2550,447,"fail","2026-01-24 00:16:14","2026-02-17 02:09:33"
1508,735,419,"fail","2026-01-07 14:00:49","2026-02-22 09:10:12"
1509,510,246,"success","2026-01-01 09:59:29","2026-01-08 19:22:53"
1510,5981,328,"success","2026-01-15 09:02:42","2026-02-14 18:26:52"
1511,4369,96,"fail","2026-02-23 05:57:05","2026-02-25 10:40:03"
1512,3282,357,"fail","2026-02-24 21:50:53","2026-02-25 00:38:39"
1513,5564,370,"fail","2026-02-15 15:23:58","2026-02-24 01:20:23"
1514,2576,447,"fail","2026-02-23 20:51:06","2026-02-25 04:52:20"
1515,829,471,"success","2026-01-28 00:42:29","2026-02-14 18:55:42"
1516,2021,304,"success","2026-01-10 00:41:32","2026-02-17 21:15:21"
1517,2318,215,"success","2026-01-13 13:30:11","2026-02-20 18:44:43"
1518,3782,52,"success","2026-01-17 13:03:26","2026-02-14 10:24:03"
1519,4321,98,"success","2026-02-20 01:46:55","2026-02-20 15:42:00"
1520,5570,467,"fail","2026-02-18 07:24:47","2026-02-23 00:48:45"
1521,1222,466,"success","2026-02-05 08:02:15","2026-02-21 03:46:08"
1522,4564,4,"success","2026-01-17 10:35:20","2026-02-05 09:23:22"
1523,5236,131,"success","2026-02-11 14:12:26","2026-02-13 01:00:33"
1524,5358,308,"fail","2026-01-08 19:47:11","2026-02-21 10:33:42"
1525,620,23,"fail","2026-02-07 12:01:22","2026-02-16 12:10:24"
1526,2762,456,"success","2026-02-06 03:34:35","2026-02-07 13:59:17"
1527,139,383,"success","2026-01-04 14:19:48","2026-02-14 20:34:47"
1528,822,295,"success","2026-01-31 06:48:53","2026-02-17 12:01:35"
1529,1981,41,"success","2026-02-12 07:17:03","2026-02-24 04:52:49"
1530,3209,189,"success","2026-02-23 09:02:14","2026-02-23 10:16:43"
1531,1523,361,"fail","2026-02-02 03:00:08","2026-02-09 05:56:53"
1532,2487,79,"fail","2026-02-20 01:19:20","2026-02-22 21:24:38"
1533,455,108,"success","2026-01-09 15:25:55","2026-02-13 13:14:38"
1534,1077,179,"fail","2026-01-04 09:37:47","2026-01-24 20:13:13"
1535,4101,385,"fail","2026-01-30 04:31:21","2026-02-10 09:21:14"
1536,5478,296,"fail","2026-02-12 07:05:55","2026-02-22 12:57:36"
1537,229,134,"fail","2026-02-03 09:05:50","2026-02-08 05:53:29"
1538,3743,332,"success","2026-02-03 16:13:27","2026-02-06 13:51:57"
1539,4644,259,"fail","2026-01-01 18:14:09","2026-02-07 14:07:13"
1540,5327,486,"success","2026-01-03 13:39:59","2026-01-23 15:50:08"
1541,3165,114,"success","2026-01-25 18:35:25","2026-02-19 10:19:03"
1542,3192,209,"fail","2026-02-15 20:44:19","2026-02-20 00:12:47"
1543,4006,461,"success","2026-02-12 13:39:19","2026-02-15 20:58:38"
1544,1387,22,"fail","2026-01-25 21:15:30","2026-02-08 10:58:56"
1545,1429,60,"success","2026-01-06 19:49:45","2026-01-10 09:21:56"
1546,4103,28,"fail","2026-02-12 00:23:04","2026-02-18 20:18:55"
1547,4640,298,"success","2026-02-20 16:57:37","2026-02-24 23:21:58"
1548,4942,486,"success","2026-02-19 06:02:03","2026-02-19 12:23:20"
1549,666,56,"fail","2026-01-24 04:10:05","2026-01-25 22:18:46"
1550,5868,217,"fail","2026-02-14 09:58:57","2026-02-17 18:00:15"
1551,4676,348,"success","2026-02-24 08:35:41","2026-02-24 22:44:50"
1552,1634,336,"fail","2026-01-05 14:27:20","2026-01-12 14:33:45"
1553,2228,418,"fail","2026-02-14 20:10:01","2026-02-23 15:41:36"
1554,415,429,"success","2026-02-22 23:56:56","2026-02-24 17:55:43"
1555,2583,378,"success","2026-02-22 20:13:36","2026-02-24 23:49:01"
1556,3609,311,"fail","2026-02-24 19:42:28","2026-02-24 19:53:59"
1557,5157,289,"success","2026-01-19 10:24:32","2026-01-30 19:49:38"
1558,1237,154,"success","2026-01-15 04:17:47","2026-01-21 03:06:48"
1559,5913,25,"fail","2026-01-14 10:24:43","2026-01-14 11:46:31"
1560,1019,391,"success","2026-02-15 04:27:39","2026-02-18 10:54:11"
1561,327,191,"fail","2026-02-01 09:53:18","2026-02-21 19:12:33"
1562,3604,148,"success","2026-01-22 19:10:15","2026-02-20 23:27:13"
1563,1269,167,"fail","2026-02-14 22:22:46","2026-02-18 01:48:27"
1564,2584,122,"success","2026-02-19 00:13:48","2026-02-24 03:50:24"
1565,1114,353,"success","2026-01-16 18:19:04","2026-01-25 20:24:02"
1566,2475,27,"success","2026-01-31 17:09:40","2026-02-03 12:19:18"
1567,1343,15,"fail","2026-01-27 18:09:30","2026-02-18 09:48:45"
1568,1265,11,"success","2026-01-17 19:20:28","2026-01-26 06:15:11"
1569,4822,242,"success","2026-01-29 19:49:22","2026-02-18 04:21:32"
1570,5037,437,"fail","2026-02-03 01:37:59","2026-02-03 22:38:48"
1571,1826,10,"fail","2026-02-18 04:24:39","2026-02-18 17:18:55"
1572,4086,404,"success","2026-01-08 18:15:03","2026-01-23 02:46:04"
1573,4081,109,"fail","2026-02-10 07:44:13","2026-02-18 05:58:00"
1574,2641,312,"fail","2026-01-04 10:40:49","2026-02-06 03:58:57"
1575,4665,270,"success","2026-02-10 21:32:39","2026-02-16 11:35:29"
1576,1443,375,"fail","2026-02-07 16:35:51","2026-02-21 10:38:47"
1577,3374,489,"success","2026-01-26 20:52:16","2026-01-31 23:43:42"
1578,288,112,"success","2026-02-05 15:05:47","2026-02-06 16:31:11"
1579,3878,280,"success","2026-01-28 16:12:56","2026-02-08 17:25:20"
1580,4682,433,"fail","2026-02-19 02:33:54","2026-02-19 10:28:45"
1581,4197,116,"fail","2026-02-18 21:28:59","2026-02-23 16:14:54"
1582,3554,184,"fail","2026-02-16 03:27:37","2026-02-23 20:15:47"
1583,1621,132,"success","2026-01-30 18:01:21","2026-02-13 08:54:41"
1584,580,119,"success","2026-01-30 15:11:21","2026-02-20 12:00:13"
1585,4820,273,"success","2026-01-29 07:41:36","2026-02-15 02:00:54"
1586,2652,87,"fail","2026-02-15 14:44:52","2026-02-18 11:50:54"
1587,3784,276,"success","2026-01-18 05:02:18","2026-02-21 16:49:23"
1588,3512,281,"success","2026-01-15 14:12:18","2026-02-14 12:05:52"
1589,3844,404,"success","2026-01-11 09:43:59","2026-01-31 22:41:18"
1590,3870,268,"success","2026-01-29 05:24:44","2026-02-11 09:29:20"
1591,1615,63,"fail","2026-02-04 01:19:04","2026-02-07 12:32:58"
1592,5878,321,"fail","2026-01-27 11:55:53","2026-02-16 17:29:15"
1593,2971,52,"fail","2026-02-18 22:34:22","2026-02-19 10:47:30"
1594,4572,413,"success","2026-02-21 04:09:40","2026-02-23 04:40:40"
1595,1014,158,"success","2026-01-09 14:19:59","2026-01-14 21:03:11"
1596,992,175,"fail","2026-02-16 09:59:02","2026-02-24 09:31:08"
1597,5583,356,"success","2026-01-16 22:21:50","2026-01-28 09:43:49"
1598,5383,170,"fail","2026-01-09 18:20:04","2026-02-19 00:16:55"
1599,2060,435,"success","2026-01-30 16:04:15","2026-01-31 13:33:38"
1600,772,94,"success","2026-01-30 17:09:46","2026-02-11 10:06:57"
1601,582,274,"fail","2026-01-22 08:57:11","2026-02-08 00:19:03"
1602,5272,173,"success","2026-01-04 04:02:52","2026-01-19 08:22:42"
1603,4466,314,"fail","2026-01-29 04:11:17","2026-02-12 03:09:28"
1604,4228,292,"success","2026-02-02 10:14:23","2026-02-18 18:09:40"
1605,1578,468,"fail","2026-01-29 01:38:41","2026-02-07 07:25:35"
1606,2803,201,"success","2026-01-23 15:25:00","2026-02-19 14:55:40"
1607,5950,114,"fail","2026-02-15 11:29:24","2026-02-20 18:42:48"
1608,1339,319,"success","2026-02-04 12:44:27","2026-02-24 07:57:54"
1609,1981,164,"success","2026-01-27 21:11:56","2026-02-18 23:34:48"
1610,2388,53,"fail","2026-02-16 10:56:39","2026-02-19 12:55:48"
1611,5204,259,"success","2026-01-29 09:53:14","2026-02-08 19:42:54"
1612,5804,405,"fail","2026-02-18 08:03:01","2026-02-24 20:00:41"
1613,3574,261,"fail","2026-01-23 11:31:14","2026-02-03 12:53:14"
1614,2905,135,"fail","2026-01-19 01:44:24","2026-01-24 22:10:12"
1615,1,484,"success","2026-02-05 22:13:02","2026-02-21 02:01:33"
1616,4807,50,"success","2026-01-25 02:31:56","2026-01-25 19:22:31"
1617,1730,314,"success","2026-01-24 08:08:07","2026-02-17 08:18:54"
1618,4831,292,"fail","2026-01-07 15:10:56","2026-02-15 13:49:48"
1619,2330,70,"fail","2026-02-12 23:10:18","2026-02-24 17:54:27"
1620,3351,412,"fail","2026-01-27 01:56:23","2026-02-22 00:17:18"
1621,5993,485,"fail","2026-02-16 23:25:17","2026-02-22 11:26:29"
1622,710,165,"success","2026-02-21 11:46:20","2026-02-23 22:53:47"
1623,337,326,"fail","2026-01-27 22:57:53","2026-02-25 05:43:30"
1624,4140,40,"fail","2026-02-11 07:29:51","2026-02-14 12:06:10"
1625,4410,408,"fail","2026-02-14 14:37:02","2026-02-15 12:34:49"
1626,3848,152,"fail","2026-01-10 17:47:15","2026-02-04 04:36:02"
1627,63,120,"success","2026-02-08 17:24:48","2026-02-19 08:21:09"
1628,1364,141,"success","2026-02-23 00:21:13","2026-02-23 12:50:08"
1629,5989,177,"success","2026-02-06 17:37:21","2026-02-15 13:01:11"
1630,4522,385,"fail","2026-01-27 10:36:21","2026-01-31 19:50:46"
1631,3037,27,"fail","2026-01-05 05:52:05","2026-01-28 18:21:39"
1632,4061,453,"fail","2026-02-13 20:45:30","2026-02-23 01:53:37"
1633,4567,409,"fail","2026-01-15 13:00:19","2026-01-23 22:54:13"
1634,2004,7,"success","2026-02-02 10:14:12","2026-02-21 20:33:45"
1635,5168,381,"success","2026-01-17 14:46:28","2026-02-04 22:58:41"
1636,5895,232,"fail","2026-01-27 19:41:28","2026-01-30 19:44:04"
1637,1907,305,"success","2026-02-07 16:24:27","2026-02-17 07:22:00"
1638,388,182,"fail","2026-01-07 00:37:00","2026-01-16 18:36:28"
1639,3508,329,"fail","2026-01-31 01:58:36","2026-02-15 07:26:26"
1640,3206,441,"success","2026-01-15 17:01:56","2026-02-12 20:45:27"
1641,464,115,"success","2026-01-31 20:01:57","2026-02-20 12:03:02"
1642,5751,189,"success","2026-01-30 23:20:45","2026-02-11 17:10:45"
1643,3244,391,"fail","2026-01-18 17:00:52","2026-01-31 04:36:35"
1644,846,83,"fail","2026-01-22 12:10:22","2026-01-24 23:52:45"
1645,1492,276,"success","2026-01-17 09:29:06","2026-01-18 11:59:15"
1646,2229,161,"success","2026-02-03 19:09:15","2026-02-16 20:10:09"
1647,114,352,"fail","2026-01-26 14:12:04","2026-02-13 10:55:26"
1648,1641,397,"success","2026-01-30 09:15:26","2026-02-07 06:33:38"
1649,20,138,"success","2026-02-09 02:08:04","2026-02-19 20:10:50"
1650,5718,439,"fail","2026-01-26 07:46:53","2026-02-23 11:07:41"
1651,5250,171,"fail","2026-02-05 19:34:40","2026-02-10 12:59:46"
1652,237,348,"fail","2026-02-10 23:14:57","2026-02-12 22:45:39"
1653,1751,83,"fail","2026-02-20 18:06:44","2026-02-24 19:37:48"
1654,2016,147,"success","2026-01-16 15:33:29","2026-02-01 12:40:02"
1655,3521,155,"fail","2026-02-21 07:00:40","2026-02-24 23:39:02"
1656,5757,193,"fail","2026-02-10 00:19:28","2026-02-21 21:02:22"
1657,4397,207,"success","2026-02-07 07:53:57","2026-02-23 15:32:49"
1658,1662,454,"fail","2026-02-17 16:47:42","2026-02-22 08:50:15"
1659,5502,496,"fail","2026-02-11 04:20:26","2026-02-24 08:26:41"
1660,1764,265,"fail","2026-01-29 01:34:30","2026-02-01 22:15:50"
1661,5507,300,"fail","2026-02-17 23:44:30","2026-02-23 03:44:28"
1662,3262,373,"fail","2026-02-08 10:44:25","2026-02-15 15:27:58"
1663,4419,125,"fail","2026-01-13 05:08:39","2026-01-29 05:28:24"
1664,5845,146,"fail","2026-01-06 14:54:31","2026-02-21 14:25:37"
1665,3239,295,"fail","2026-02-13 09:25:02","2026-02-19 07:57:26"
1666,1232,204,"fail","2026-01-03 22:20:15","2026-02-08 05:23:15"
1667,5662,436,"fail","2026-02-16 09:48:39","2026-02-18 04:15:15"
1668,4648,249,"success","2026-01-26 11:35:48","2026-02-03 00:05:11"
1669,467,105,"fail","2026-02-05 05:35:53","2026-02-12 19:09:59"
1670,366,46,"success","2026-01-06 07:44:15","2026-02-16 19:40:32"
1671,1595,200,"fail","2026-01-24 20:04:03","2026-02-23 03:28:21"
1672,68,94,"fail","2026-02-19 08:50:18","2026-02-21 06:53:49"
1673,3579,63,"fail","2026-01-12 21:42:33","2026-01-17 14:24:14"
1674,5002,86,"success","2026-02-23 05:37:29","2026-02-24 08:09:28"
1675,952,398,"success","2026-01-11 00:43:54","2026-01-22 06:34:17"
1676,1524,279,"fail","2026-02-18 22:36:42","2026-02-20 23:08:28"
1677,449,253,"success","2026-01-26 09:06:37","2026-01-26 17:29:21"
1678,3190,325,"fail","2026-02-22 02:36:27","2026-02-23 19:34:54"
1679,5984,251,"success","2026-01-01 01:35:26","2026-02-20 15:03:25"
1680,1448,192,"fail","2026-01-04 21:41:11","2026-01-23 21:27:32"
1681,3341,130,"success","2026-02-09 12:19:28","2026-02-10 04:42:17"
1682,5166,488,"fail","2026-01-15 08:51:18","2026-02-20 19:54:17"
1683,2135,392,"success","2026-02-19 17:10:25","2026-02-22 15:07:59"
1684,118,228,"success","2026-02-10 09:47:25","2026-02-14 09:48:50"
1685,2252,426,"fail","2026-02-24 04:49:58","2026-02-25 04:09:20"
1686,5216,448,"success","2026-01-05 14:50:05","2026-02-08 03:06:12"
1687,219,180,"success","2026-01-18 16:19:10","2026-02-02 08:27:16"
1688,5565,1,"success","2026-02-08 10:42:58","2026-02-14 23:55:10"
1689,655,97,"fail","2026-01-14 15:49:58","2026-01-23 10:02:19"
1690,5343,50,"success","2026-01-30 03:18:16","2026-01-30 18:04:42"
1691,2716,51,"fail","2026-02-19 23:42:44","2026-02-22 15:24:56"
1692,4209,2,"fail","2026-01-28 08:48:20","2026-02-22 12:01:01"
1693,317,494,"success","2026-01-26 06:24:45","2026-02-06 06:41:12"
1694,1891,320,"success","2026-01-07 04:03:09","2026-02-02 18:51:08"
1695,2469,117,"success","2026-02-09 03:35:34","2026-02-09 16:13:55"
1696,5002,32,"fail","2026-01-21 03:26:02","2026-02-04 13:45:24"
1697,1803,263,"fail","2026-01-19 12:06:44","2026-01-23 03:17:21"
1698,2301,352,"fail","2026-02-08 16:40:57","2026-02-10 11:33:14"
1699,3489,257,"success","2026-01-09 18:44:59","2026-02-07 22:13:11"
1700,3004,336,"success","2026-01-23 12:11:48","2026-02-08 01:28:16"
1701,2800,54,"fail","2026-01-19 13:35:28","2026-02-22 12:07:57"
1702,2368,26,"fail","2026-02-02 09:08:10","2026-02-15 07:46:48"
1703,3241,78,"fail","2026-01-28 21:15:24","2026-02-11 01:21:07"
1704,3973,164,"success","2026-02-20 14:18:12","2026-02-24 19:15:13"
1705,5560,473,"success","2026-01-23 10:01:11","2026-02-13 15:44:20"
1706,5718,475,"fail","2026-02-16 00:13:21","2026-02-16 11:48:24"
1707,3769,219,"fail","2026-02-20 21:31:43","2026-02-22 19:05:37"
1708,854,333,"success","2026-02-03 12:43:52","2026-02-06 22:02:37"
1709,2744,9,"fail","2026-01-28 12:07:42","2026-02-05 14:56:02"
1710,4114,208,"fail","2026-01-31 23:57:09","2026-02-22 00:04:41"
1711,5680,110,"fail","2026-02-15 17:54:09","2026-02-21 23:08:44"
1712,3637,453,"fail","2026-01-18 09:05:21","2026-02-14 02:29:02"
1713,2433,225,"success","2026-01-26 12:56:07","2026-02-20 19:32:13"
1714,3782,491,"success","2026-01-02 13:39:45","2026-02-19 17:50:01"
1715,634,274,"success","2026-02-12 02:46:04","2026-02-21 22:05:40"
1716,2560,461,"success","2026-02-05 09:31:08","2026-02-23 09:03:44"
1717,4819,369,"fail","2026-01-03 00:11:55","2026-01-30 00:40:02"
1718,4372,199,"success","2026-01-14 04:18:14","2026-01-17 22:09:14"
1719,5610,22,"success","2026-02-05 01:46:16","2026-02-12 18:06:52"
1720,5774,162,"success","2026-01-15 20:51:48","2026-02-02 22:19:11"
1721,5240,440,"fail","2026-02-01 03:32:22","2026-02-06 21:33:44"
1722,4612,181,"success","2026-02-25 04:47:26","2026-02-25 04:56:51"
1723,1670,12,"success","2026-01-31 01:36:21","2026-02-22 22:57:35"
1724,3074,277,"success","2026-02-11 19:48:55","2026-02-21 11:25:59"
1725,1042,308,"success","2026-01-28 18:51:44","2026-02-13 00:00:49"
1726,5041,51,"success","2026-02-10 17:55:35","2026-02-24 06:57:08"
1727,2314,382,"success","2026-01-20 20:44:55","2026-02-06 09:00:32"
1728,1659,92,"success","2026-01-19 13:36:26","2026-02-02 09:46:27"
1729,3736,7,"success","2026-01-11 08:32:09","2026-02-23 15:10:43"
1730,873,370,"fail","2026-02-16 02:14:16","2026-02-25 02:29:31"
1731,4960,269,"success","2026-02-20 15:24:40","2026-02-24 20:03:57"
1732,3035,167,"success","2026-02-08 22:25:15","2026-02-09 15:45:28"
1733,5853,331,"fail","2026-01-17 05:39:47","2026-02-05 06:43:20"
1734,1519,435,"fail","2026-02-03 08:04:21","2026-02-20 02:20:00"
1735,3189,11,"success","2026-02-22 18:23:10","2026-02-25 08:40:45"
1736,1955,175,"fail","2026-02-01 20:17:05","2026-02-16 08:27:54"
1737,1083,378,"fail","2026-01-17 01:35:36","2026-01-25 05:19:03"
1738,1412,69,"fail","2026-02-04 10:03:05","2026-02-04 23:36:04"
1739,930,384,"success","2026-01-16 22:09:55","2026-02-01 05:52:22"
1740,1292,267,"success","2026-01-12 06:58:54","2026-01-23 01:32:18"
1741,1844,397,"success","2026-01-31 06:27:20","2026-02-03 17:19:59"
1742,4572,376,"fail","2026-02-01 22:15:59","2026-02-09 14:13:04"
1743,5514,239,"fail","2026-01-21 20:27:32","2026-01-25 17:02:30"
1744,4166,177,"fail","2026-01-07 10:02:10","2026-02-17 06:02:18"
1745,3185,378,"success","2026-02-07 18:05:03","2026-02-09 23:32:31"
1746,1199,189,"success","2026-02-11 02:25:48","2026-02-25 08:17:20"
1747,1822,151,"success","2026-02-09 01:45:09","2026-02-11 01:03:24"
1748,5100,217,"success","2026-01-25 07:34:54","2026-02-11 13:01:28"
1749,755,310,"success","2026-02-18 23:26:25","2026-02-20 14:36:45"
1750,2177,70,"fail","2026-01-13 16:20:50","2026-01-23 05:09:57"
1751,1632,106,"fail","2026-01-03 13:41:20","2026-01-15 19:59:51"
1752,2353,379,"success","2026-02-05 07:30:03","2026-02-09 19:58:52"
1753,4529,435,"success","2026-02-24 09:41:31","2026-02-24 13:08:48"
1754,645,75,"fail","2026-02-14 03:06:36","2026-02-17 17:42:42"
1755,165,282,"fail","2026-02-05 21:09:51","2026-02-22 17:07:40"
1756,5641,87,"fail","2026-01-20 05:32:14","2026-01-21 06:07:01"
1757,479,212,"fail","2026-01-02 15:31:50","2026-01-22 06:16:57"
1758,1164,51,"fail","2026-02-21 14:53:03","2026-02-25 11:09:02"
1759,5135,161,"fail","2026-02-14 12:34:31","2026-02-16 03:19:18"
1760,2720,186,"success","2026-01-15 15:59:56","2026-02-14 13:30:20"
1761,4285,336,"fail","2026-01-16 04:52:46","2026-02-19 00:13:15"
1762,4073,76,"fail","2026-02-12 00:17:18","2026-02-24 00:30:41"
1763,2724,134,"success","2026-02-06 01:51:46","2026-02-24 17:49:26"
1764,1389,395,"fail","2026-02-06 21:26:08","2026-02-07 04:23:27"
1765,3055,61,"fail","2026-01-13 20:01:32","2026-02-24 04:37:26"
1766,1947,43,"success","2026-01-11 07:52:18","2026-02-06 03:02:01"
1767,1086,253,"fail","2026-02-24 06:08:39","2026-02-25 01:09:13"
1768,466,230,"fail","2026-02-03 18:49:01","2026-02-14 08:24:29"
1769,4695,180,"success","2026-01-26 13:34:36","2026-02-20 22:39:43"
1770,3642,461,"fail","2026-01-31 02:59:06","2026-02-10 15:54:06"
1771,62,293,"fail","2026-01-18 22:39:40","2026-02-16 13:17:52"
1772,1168,379,"success","2026-01-16 02:22:32","2026-02-10 01:01:30"
1773,3559,182,"fail","2026-02-15 04:45:09","2026-02-15 10:10:30"
1774,3046,454,"fail","2026-01-02 08:56:57","2026-02-24 15:56:39"
1775,3024,209,"success","2026-01-14 00:04:14","2026-02-16 08:24:12"
1776,2834,2,"success","2026-02-20 10:23:43","2026-02-21 03:05:32"
1777,4499,4,"success","2026-01-13 11:07:22","2026-01-18 05:46:39"
1778,992,371,"success","2026-01-30 02:59:03","2026-02-09 17:27:11"
1779,4136,119,"success","2026-01-22 13:34:19","2026-02-14 09:40:32"
1780,1124,413,"success","2026-01-10 10:18:01","2026-02-04 21:39:37"
1781,364,273,"success","2026-01-08 11:54:56","2026-02-20 17:16:50"
1782,3899,15,"success","2026-01-11 05:16:19","2026-02-07 01:18:33"
1783,3722,199,"fail","2026-02-23 17:45:19","2026-02-24 11:31:54"
1784,4654,4,"fail","2026-01-02 14:14:28","2026-02-21 10:15:40"
1785,66,459,"fail","2026-02-16 11:14:26","2026-02-17 19:52:56"
1786,3482,398,"success","2026-01-17 23:51:36","2026-01-27 10:10:12"
1787,3452,314,"fail","2026-01-06 11:34:31","2026-01-28 03:22:10"
1788,2901,338,"fail","2026-02-12 02:01:28","2026-02-17 02:15:02"
1789,2324,498,"fail","2026-01-27 12:50:53","2026-02-15 07:41:02"
1790,4432,15,"success","2026-02-22 09:10:47","2026-02-25 06:06:05"
1791,3807,39,"fail","2026-01-09 19:24:50","2026-01-16 15:41:30"
1792,2278,296,"fail","2026-01-01 21:05:11","2026-02-03 07:39:32"
1793,1778,355,"success","2026-01-04 17:46:30","2026-02-20 00:21:44"
1794,4773,169,"fail","2026-01-24 16:27:09","2026-02-11 20:00:22"
1795,5487,373,"success","2026-01-31 04:53:46","2026-02-18 06:33:52"
1796,4928,146,"success","2026-01-10 20:45:59","2026-01-27 09:57:09"
1797,102,140,"success","2026-01-15 15:01:12","2026-02-11 20:25:58"
1798,5121,382,"fail","2026-01-28 20:22:37","2026-02-20 17:06:35"
1799,1913,144,"fail","2026-02-16 06:52:05","2026-02-18 21:36:39"
1800,550,22,"fail","2026-01-17 10:58:25","2026-02-13 21:12:00"
1801,4154,307,"fail","2026-01-21 12:19:10","2026-02-09 13:53:09"
1802,1975,498,"success","2026-02-05 15:34:05","2026-02-21 04:26:40"
1803,3917,92,"fail","2026-01-11 14:46:20","2026-02-03 23:25:36"
1804,3982,286,"success","2026-02-03 20:21:15","2026-02-13 02:32:34"
1805,4794,340,"success","2026-01-22 01:46:02","2026-02-19 01:42:51"
1806,1207,216,"fail","2026-01-03 23:31:53","2026-01-11 06:11:14"
1807,5013,52,"success","2026-01-28 15:24:14","2026-02-21 10:23:16"
1808,3413,273,"fail","2026-02-23 11:07:54","2026-02-23 23:39:46"
1809,5189,479,"success","2026-01-08 14:07:25","2026-02-03 18:19:46"
1810,5860,208,"fail","2026-02-21 14:05:10","2026-02-22 08:10:51"
1811,1862,56,"fail","2026-01-31 19:39:34","2026-02-14 21:29:05"
1812,4743,416,"fail","2026-02-11 10:21:26","2026-02-17 08:22:20"
1813,166,292,"fail","2026-01-01 17:02:26","2026-02-07 11:28:37"
1814,377,484,"fail","2026-01-23 14:09:58","2026-02-22 23:14:02"
1815,2494,283,"fail","2026-01-23 06:33:35","2026-02-24 06:31:46"
1816,4044,485,"success","2026-02-02 04:39:50","2026-02-07 20:50:39"
1817,787,345,"fail","2026-01-31 12:49:47","2026-02-18 18:13:23"
1818,504,403,"fail","2026-02-12 02:33:41","2026-02-19 03:50:27"
1819,5462,119,"fail","2026-01-12 09:59:36","2026-01-14 22:42:08"
1820,641,457,"fail","2026-02-08 17:24:33","2026-02-13 13:55:53"
1821,953,275,"fail","2026-01-22 16:18:43","2026-01-24 06:58:21"
1822,3098,498,"fail","2026-02-09 09:58:22","2026-02-12 11:13:21"
1823,2553,84,"fail","2026-02-03 15:08:37","2026-02-12 00:19:51"
1824,1382,334,"fail","2026-01-06 23:30:35","2026-01-27 02:48:44"
1825,679,253,"fail","2026-01-21 15:49:42","2026-01-23 05:44:39"
1826,2315,356,"success","2026-02-05 02:55:20","2026-02-12 06:51:08"
1827,5288,74,"fail","2026-01-01 01:58:53","2026-02-21 03:24:24"
1828,4211,478,"success","2026-01-02 03:24:26","2026-02-16 04:23:46"
1829,5583,186,"fail","2026-01-06 08:52:15","2026-01-22 22:53:31"
1830,1529,251,"fail","2026-02-17 11:15:04","2026-02-22 21:01:59"
1831,2220,483,"fail","2026-02-02 01:26:38","2026-02-18 19:29:06"
1832,3246,309,"fail","2026-01-06 02:37:00","2026-02-03 13:31:46"
1833,1996,310,"success","2026-01-22 20:11:46","2026-01-24 10:32:13"
1834,5396,234,"fail","2026-02-15 00:21:49","2026-02-19 20:06:12"
1835,1424,492,"success","2026-01-25 14:44:26","2026-02-11 08:51:37"
1836,362,491,"success","2026-02-12 20:15:30","2026-02-23 15:52:47"
1837,5814,125,"success","2026-01-26 12:55:33","2026-02-23 20:43:50"
1838,5340,231,"success","2026-01-27 20:07:06","2026-01-29 14:12:43"
1839,1821,217,"fail","2026-01-02 10:24:44","2026-02-05 04:03:02"
1840,2400,299,"success","2026-02-22 19:28:33","2026-02-24 00:35:00"
1841,5906,432,"fail","2026-01-04 08:35:47","2026-01-12 22:20:49"
1842,1399,25,"success","2026-01-23 17:31:00","2026-02-10 16:11:48"
1843,5858,131,"success","2026-01-08 11:53:03","2026-02-07 10:47:54"
1844,108,7,"fail","2026-01-08 12:04:00","2026-01-10 03:00:58"
1845,4617,200,"fail","2026-02-14 17:34:24","2026-02-17 04:40:52"
1846,1071,496,"success","2026-01-25 18:27:57","2026-02-02 15:34:31"
1847,4837,356,"fail","2026-01-19 15:07:34","2026-02-12 14:05:04"
1848,808,95,"fail","2026-01-22 05:16:24","2026-02-17 07:21:53"
1849,952,233,"fail","2026-02-25 00:03:12","2026-02-25 10:16:49"
1850,30,97,"fail","2026-01-27 20:41:45","2026-02-09 08:03:19"
1851,1303,38,"success","2026-01-24 19:32:41","2026-01-31 10:41:27"
1852,3876,3,"success","2026-02-18 04:21:22","2026-02-20 11:07:38"
1853,2571,24,"fail","2026-02-02 11:57:32","2026-02-20 15:14:16"
1854,3729,343,"fail","2026-01-18 02:19:52","2026-02-23 20:51:16"
1855,5304,84,"success","2026-01-25 08:58:49","2026-02-17 16:00:31"
1856,3742,444,"success","2026-01-16 20:16:49","2026-02-13 09:35:02"
1857,1557,257,"fail","2026-01-02 14:29:53","2026-02-21 03:16:52"
1858,5556,160,"fail","2026-01-01 14:20:14","2026-01-05 04:00:21"
1859,385,123,"success","2026-01-18 17:33:23","2026-01-20 14:15:59"
1860,5681,89,"success","2026-02-04 21:06:25","2026-02-23 07:40:10"
1861,1710,373,"fail","2026-01-22 10:55:18","2026-02-01 19:03:27"
1862,4699,450,"success","2026-01-24 03:31:40","2026-02-16 16:11:29"
1863,5212,24,"fail","2026-02-20 06:03:56","2026-02-24 17:39:00"
1864,1434,3,"success","2026-02-13 04:22:56","2026-02-14 06:48:28"
1865,2770,161,"fail","2026-01-16 01:03:57","2026-01-24 16:07:43"
1866,2840,122,"success","2026-02-01 01:08:19","2026-02-21 02:32:44"
1867,2209,169,"success","2026-02-20 15:21:38","2026-02-22 05:19:50"
1868,3421,361,"fail","2026-01-16 02:47:18","2026-02-21 17:29:32"
1869,935,262,"fail","2026-01-09 17:32:13","2026-01-12 13:54:33"
1870,4914,423,"success","2026-02-02 03:14:34","2026-02-03 06:50:49"
1871,5450,278,"fail","2026-01-08 16:44:27","2026-01-27 14:55:01"
1872,893,127,"success","2026-02-17 16:02:16","2026-02-24 09:53:57"
1873,5426,296,"success","2026-02-02 03:33:21","2026-02-14 15:58:18"
1874,5307,449,"success","2026-01-30 08:16:11","2026-02-13 09:14:02"
1875,3812,428,"success","2026-01-14 18:36:59","2026-02-24 21:47:59"
1876,4646,97,"success","2026-02-15 11:37:57","2026-02-25 09:14:43"
1877,2530,156,"success","2026-01-02 23:12:01","2026-02-01 07:11:34"
1878,514,55,"success","2026-01-21 14:34:38","2026-02-13 17:06:48"
1879,4839,31,"success","2026-01-04 03:08:19","2026-02-17 09:52:57"
1880,3657,339,"success","2026-02-14 12:10:32","2026-02-19 06:49:47"
1881,5993,453,"fail","2026-02-04 18:55:33","2026-02-21 11:35:49"
1882,5345,367,"success","2026-01-31 12:42:04","2026-02-17 05:44:21"
1883,1080,93,"fail","2026-01-03 10:27:23","2026-02-18 16:22:09"
1884,2727,81,"success","2026-02-03 18:40:00","2026-02-06 23:22:27"
1885,3216,68,"fail","2026-02-08 11:33:29","2026-02-19 00:44:27"
1886,4066,94,"fail","2026-02-03 09:36:11","2026-02-08 02:06:48"
1887,529,285,"fail","2026-02-03 23:22:07","2026-02-21 00:43:41"
1888,3269,278,"fail","2026-01-05 20:45:58","2026-01-14 03:28:05"
1889,4695,30,"success","2026-01-24 22:02:11","2026-02-10 10:55:58"
1890,792,425,"success","2026-01-04 13:10:46","2026-02-13 07:33:14"
1891,381,135,"fail","2026-02-02 04:17:20","2026-02-08 04:47:14"
1892,2059,394,"fail","2026-02-19 13:11:51","2026-02-21 23:40:58"
1893,955,390,"success","2026-01-03 21:02:34","2026-02-11 06:43:51"
1894,4649,336,"success","2026-01-05 04:26:35","2026-02-20 05:29:38"
1895,3139,489,"success","2026-02-12 05:01:46","2026-02-23 08:07:46"
1896,4573,268,"success","2026-01-17 23:44:56","2026-02-24 10:00:54"
1897,4748,107,"fail","2026-01-08 09:46:18","2026-01-31 09:44:19"
1898,4328,260,"success","2026-02-09 03:51:16","2026-02-24 21:42:00"
1899,432,147,"success","2026-01-24 12:01:08","2026-02-19 00:11:41"
1900,4048,359,"fail","2026-01-04 06:10:53","2026-01-22 08:24:58"
1901,614,122,"fail","2026-02-17 02:30:27","2026-02-24 20:36:08"
1902,4296,217,"success","2026-01-14 05:18:08","2026-02-18 20:21:26"
1903,645,23,"success","2026-01-19 13:54:38","2026-02-10 09:50:02"
1904,169,251,"success","2026-01-07 17:15:17","2026-01-10 03:45:55"
1905,2731,12,"fail","2026-01-02 02:48:58","2026-01-14 20:59:32"
1906,2690,340,"fail","2026-01-12 18:43:00","2026-01-28 19:20:39"
1907,3329,375,"fail","2026-01-02 23:21:54","2026-01-03 17:04:37"
1908,4188,86,"success","2026-02-17 15:32:17","2026-02-18 17:40:21"
1909,1123,193,"success","2026-01-14 22:47:59","2026-01-19 03:05:30"
1910,4331,94,"fail","2026-02-07 16:40:08","2026-02-12 05:08:16"
1911,4972,18,"fail","2026-01-27 23:57:40","2026-01-31 15:55:13"
1912,3523,438,"success","2026-01-01 23:01:34","2026-01-24 03:50:29"
1913,3173,289,"success","2026-02-10 15:30:44","2026-02-22 09:35:58"
1914,5709,418,"success","2026-02-06 10:03:37","2026-02-08 17:44:37"
1915,1818,480,"success","2026-01-16 07:46:41","2026-01-20 13:18:03"
1916,1281,80,"success","2026-01-18 22:35:18","2026-02-07 21:39:25"
1917,2922,172,"fail","2026-02-16 11:25:36","2026-02-22 17:06:13"
1918,248,316,"fail","2026-01-31 19:04:42","2026-02-01 13:06:50"
1919,2190,229,"fail","2026-02-01 10:43:57","2026-02-06 19:45:08"
1920,3694,310,"success","2026-01-28 02:35:01","2026-02-10 19:44:36"
1921,5363,461,"fail","2026-02-04 03:27:37","2026-02-16 19:53:18"
1922,2033,86,"fail","2026-02-21 07:44:12","2026-02-25 00:57:37"
1923,360,63,"success","2026-02-06 15:58:48","2026-02-19 03:37:46"
1924,3633,147,"success","2026-01-25 08:07:25","2026-01-28 02:09:52"
1925,4420,412,"fail","2026-02-12 19:05:57","2026-02-13 22:58:30"
1926,271,134,"fail","2026-01-31 01:29:25","2026-02-07 07:11:18"
1927,3678,386,"fail","2026-01-02 00:37:54","2026-02-08 06:21:13"
1928,5850,217,"success","2026-02-22 10:38:11","2026-02-22 12:48:49"
1929,1699,51,"success","2026-01-27 16:27:28","2026-02-11 17:13:28"
1930,3193,223,"fail","2026-01-24 08:53:39","2026-02-09 17:26:31"
1931,2866,390,"fail","2026-02-17 16:53:22","2026-02-24 10:30:22"
1932,2797,347,"success","2026-02-20 09:20:47","2026-02-21 08:23:27"
1933,1050,158,"success","2026-01-18 02:41:49","2026-01-25 02:30:18"
1934,5801,298,"fail","2026-02-13 01:50:02","2026-02-13 23:31:58"
1935,5685,477,"fail","2026-01-06 11:20:28","2026-01-23 01:55:35"
1936,4664,436,"success","2026-02-18 21:30:05","2026-02-22 07:57:42"
1937,5325,57,"success","2026-02-11 20:58:03","2026-02-22 22:42:58"
1938,4889,134,"success","2026-02-09 16:57:23","2026-02-20 23:08:12"
1939,2879,179,"fail","2026-02-21 15:43:41","2026-02-21 23:41:55"
1940,3768,450,"success","2026-01-10 13:55:05","2026-01-23 06:52:54"
1941,5382,57,"success","2026-01-07 21:27:33","2026-02-21 03:04:14"
1942,4344,415,"success","2026-01-09 06:47:09","2026-02-10 13:37:01"
1943,585,475,"fail","2026-02-22 18:58:18","2026-02-25 00:01:07"
1944,201,361,"fail","2026-01-08 02:06:16","2026-01-22 14:31:07"
1945,4869,77,"success","2026-01-17 20:40:53","2026-02-20 15:27:16"
1946,5601,7,"fail","2026-01-25 23:11:37","2026-02-24 01:02:56"
1947,925,304,"success","2026-02-01 13:37:38","2026-02-14 12:13:41"
1948,466,137,"fail","2026-01-27 22:19:23","2026-01-28 04:03:44"
1949,1720,337,"success","2026-01-04 19:43:46","2026-01-30 11:52:19"
1950,4637,4,"fail","2026-01-26 11:07:19","2026-02-15 08:07:26"
1951,1083,160,"fail","2026-01-11 04:42:31","2026-02-20 18:04:38"
1952,4648,414,"success","2026-02-24 15:52:47","2026-02-24 21:01:34"
1953,4310,62,"success","2026-01-15 10:27:07","2026-02-09 15:06:47"
1954,4539,245,"success","2026-01-11 16:35:37","2026-02-17 22:54:14"
1955,898,154,"success","2026-02-11 17:15:34","2026-02-22 07:33:28"
1956,5685,149,"success","2026-02-14 21:40:50","2026-02-25 04:36:17"
1957,1009,82,"fail","2026-01-18 21:39:06","2026-02-20 08:02:04"
1958,5027,222,"success","2026-02-24 19:22:37","2026-02-25 06:39:28"
1959,4048,273,"fail","2026-01-05 22:34:13","2026-01-24 11:07:39"
1960,3959,166,"fail","2026-02-03 17:38:28","2026-02-04 07:07:17"
1961,5759,273,"fail","2026-02-01 22:29:53","2026-02-09 17:36:03"
1962,3248,165,"fail","2026-01-19 15:45:05","2026-01-31 16:37:11"
1963,4931,400,"success","2026-02-19 02:02:57","2026-02-20 07:11:18"
1964,2326,454,"success","2026-02-07 20:52:24","2026-02-22 16:59:07"
1965,1065,347,"success","2026-02-12 14:05:14","2026-02-15 02:40:38"
1966,3906,323,"success","2026-02-15 04:15:54","2026-02-17 21:38:02"
1967,217,265,"success","2026-02-11 06:35:56","2026-02-11 15:59:38"
1968,4793,12,"success","2026-01-19 13:32:22","2026-02-22 19:22:09"
1969,5744,322,"success","2026-02-08 13:30:06","2026-02-21 21:52:45"
1970,1461,301,"fail","2026-01-13 08:35:09","2026-02-09 21:00:29"
1971,3336,478,"success","2026-01-14 04:41:10","2026-02-24 10:11:24"
1972,5625,210,"success","2026-02-23 16:59:14","2026-02-23 22:28:04"
1973,697,194,"fail","2026-02-21 22:14:14","2026-02-22 07:30:49"
1974,4623,307,"fail","2026-01-21 04:06:18","2026-01-26 20:58:34"
1975,3029,355,"success","2026-01-21 11:07:08","2026-02-10 21:42:27"
1976,5110,155,"fail","2026-01-01 04:13:49","2026-02-02 11:52:12"
1977,2277,265,"fail","2026-02-22 08:11:32","2026-02-24 03:49:22"
1978,75,356,"fail","2026-02-14 09:02:38","2026-02-20 02:40:05"
1979,3571,394,"fail","2026-02-07 01:02:32","2026-02-23 23:26:04"
1980,4041,52,"success","2026-01-02 07:19:07","2026-02-13 18:06:36"
1981,1336,126,"success","2026-01-17 13:28:27","2026-01-25 02:41:46"
1982,5878,286,"fail","2026-01-12 18:14:20","2026-01-30 14:34:14"
1983,1601,172,"success","2026-02-11 22:18:43","2026-02-12 07:47:09"
1984,5542,483,"fail","2026-01-05 01:08:26","2026-02-07 07:49:19"
1985,4492,150,"fail","2026-01-25 13:08:00","2026-02-03 21:42:52"
1986,357,306,"fail","2026-01-02 17:48:13","2026-01-20 10:20:53"
1987,1547,310,"success","2026-02-15 08:15:23","2026-02-22 20:59:32"
1988,5952,448,"success","2026-01-06 17:30:07","2026-01-07 16:00:33"
1989,3519,434,"success","2026-02-23 06:24:08","2026-02-23 17:03:17"
1990,5046,455,"success","2026-01-16 19:55:34","2026-02-20 13:51:23"
1991,3981,60,"fail","2026-01-19 16:37:29","2026-02-24 09:59:34"
1992,4609,433,"fail","2026-02-04 14:57:50","2026-02-07 02:24:55"
1993,2553,241,"success","2026-01-31 07:20:58","2026-02-19 19:36:58"
1994,3593,108,"success","2026-01-17 20:50:43","2026-01-20 02:22:59"
1995,732,293,"fail","2026-01-01 11:53:35","2026-02-07 17:22:54"
1996,1209,423,"success","2026-01-17 21:13:05","2026-02-15 14:28:14"
1997,4273,123,"success","2026-01-19 06:01:46","2026-02-02 03:29:28"
1998,4069,419,"fail","2026-02-21 23:29:46","2026-02-23 12:23:47"
1999,1199,83,"fail","2026-01-18 03:33:08","2026-01-29 06:57:41"
2000,5478,377,"fail","2026-01-12 01:59:39","2026-02-05 03:05:06"
2001,5533,488,"success","2026-01-15 04:47:22","2026-01-19 21:31:07"
2002,3622,490,"fail","2026-02-16 02:31:39","2026-02-24 14:44:17"
2003,1056,436,"fail","2026-02-05 00:52:39","2026-02-24 19:19:25"
2004,496,111,"success","2026-02-12 10:50:21","2026-02-20 21:13:39"
2005,1536,467,"fail","2026-02-06 15:35:52","2026-02-24 14:35:04"
2006,3439,154,"success","2026-02-18 20:19:40","2026-02-23 03:38:24"
2007,2282,64,"fail","2026-02-02 18:04:52","2026-02-17 09:43:29"
2008,1487,464,"fail","2026-01-29 02:28:44","2026-01-30 12:04:16"
2009,4249,256,"fail","2026-01-02 20:53:18","2026-01-16 05:53:27"
2010,422,384,"fail","2026-02-02 04:29:07","2026-02-06 17:01:48"
2011,1140,418,"success","2026-02-05 00:45:22","2026-02-20 17:56:40"
2012,3386,313,"success","2026-01-18 09:29:39","2026-02-05 14:39:04"
2013,1914,43,"fail","2026-01-20 01:48:12","2026-02-04 04:08:37"
2014,1004,254,"success","2026-01-06 16:27:54","2026-02-03 20:02:17"
2015,2205,358,"success","2026-02-15 18:41:25","2026-02-16 03:31:14"
2016,2503,325,"fail","2026-01-24 02:53:11","2026-02-01 04:32:32"
2017,1991,320,"fail","2026-01-13 15:23:33","2026-01-22 23:57:46"
2018,1543,148,"success","2026-02-16 20:30:41","2026-02-21 16:57:48"
2019,962,251,"fail","2026-01-16 06:02:15","2026-01-16 16:32:55"
2020,3125,47,"fail","2026-01-05 20:18:56","2026-02-22 02:33:46"
2021,5783,308,"fail","2026-02-02 04:30:58","2026-02-14 22:58:31"
2022,156,30,"success","2026-02-12 22:38:37","2026-02-14 00:49:10"
2023,4499,35,"fail","2026-01-28 04:45:18","2026-02-23 22:01:27"
2024,3229,456,"fail","2026-02-07 04:23:19","2026-02-09 18:52:29"
2025,4853,34,"success","2026-02-19 06:11:13","2026-02-25 05:35:53"
2026,5177,478,"success","2026-01-20 06:16:44","2026-01-25 08:42:36"
2027,5399,421,"fail","2026-02-14 16:54:59","2026-02-25 02:12:18"
2028,331,37,"success","2026-01-19 19:02:12","2026-02-06 23:49:58"
2029,2552,68,"fail","2026-02-11 16:52:22","2026-02-18 05:38:08"
2030,137,378,"success","2026-02-05 16:57:46","2026-02-11 00:21:48"
2031,4407,156,"success","2026-01-03 11:03:49","2026-02-20 21:03:36"
2032,4473,421,"fail","2026-01-24 15:06:03","2026-01-25 17:59:55"
2033,2832,240,"fail","2026-01-31 09:26:08","2026-02-02 14:23:19"
2034,5436,134,"fail","2026-01-24 08:20:14","2026-02-10 03:55:14"
2035,1402,374,"fail","2026-02-03 15:48:21","2026-02-20 19:35:56"
2036,1130,218,"success","2026-02-13 22:49:53","2026-02-14 07:39:16"
2037,5838,405,"success","2026-01-19 23:27:33","2026-02-03 10:55:08"
2038,3503,45,"fail","2026-01-23 02:37:24","2026-01-30 20:17:56"
2039,2254,57,"fail","2026-02-19 22:35:20","2026-02-20 02:52:10"
2040,2324,6,"fail","2026-02-22 10:20:13","2026-02-23 10:51:44"
2041,613,351,"success","2026-01-29 13:32:26","2026-02-07 15:50:07"
2042,3275,321,"success","2026-02-21 03:49:41","2026-02-22 06:17:59"
2043,4644,250,"fail","2026-02-10 06:05:41","2026-02-19 16:20:22"
2044,3858,51,"success","2026-02-22 02:21:39","2026-02-24 11:33:47"
2045,253,304,"fail","2026-01-19 23:15:56","2026-02-22 12:06:02"
2046,401,333,"fail","2026-01-24 08:54:33","2026-02-17 05:21:48"
2047,5706,197,"fail","2026-02-17 13:44:15","2026-02-22 18:44:03"
2048,5243,377,"fail","2026-02-17 20:00:52","2026-02-24 16:16:07"
2049,3061,327,"success","2026-02-16 21:11:05","2026-02-23 10:52:39"
2050,3670,349,"fail","2026-01-20 09:26:37","2026-02-03 07:24:39"
2051,707,410,"fail","2026-01-03 19:40:26","2026-02-01 16:55:06"
2052,4996,341,"fail","2026-02-19 17:36:23","2026-02-24 11:57:03"
2053,1870,394,"success","2026-02-01 13:35:24","2026-02-06 03:08:43"
2054,3700,466,"success","2026-01-11 04:28:22","2026-02-07 14:27:15"
2055,1011,32,"fail","2026-01-10 19:48:27","2026-01-25 14:09:42"
2056,3114,105,"success","2026-01-29 02:26:26","2026-02-06 09:58:52"
2057,4238,275,"fail","2026-01-06 20:14:52","2026-01-26 22:33:49"
2058,1269,459,"success","2026-02-10 04:19:50","2026-02-16 12:57:49"
2059,4708,479,"fail","2026-01-04 10:57:15","2026-01-14 12:07:00"
2060,3175,273,"success","2026-01-25 02:42:14","2026-02-10 02:13:19"
2061,1785,250,"fail","2026-02-19 03:38:57","2026-02-24 10:03:37"
2062,3027,482,"fail","2026-01-24 01:13:18","2026-02-12 06:27:01"
2063,203,370,"success","2026-01-22 05:10:42","2026-02-13 23:01:39"
2064,663,181,"fail","2026-02-17 11:20:07","2026-02-17 21:44:36"
2065,2631,413,"success","2026-01-15 01:19:08","2026-01-20 22:37:58"
2066,3869,262,"success","2026-01-01 13:59:10","2026-01-21 22:08:35"
2067,5349,108,"fail","2026-02-14 17:33:17","2026-02-16 08:37:12"
2068,1531,479,"fail","2026-01-15 15:28:19","2026-01-15 17:49:33"
2069,2724,495,"success","2026-01-07 09:40:29","2026-01-27 03:43:53"
2070,4614,158,"success","2026-02-06 17:32:19","2026-02-16 23:29:22"
2071,552,248,"success","2026-01-07 03:02:59","2026-01-28 13:58:40"
2072,3269,286,"fail","2026-02-02 12:50:05","2026-02-17 13:22:16"
2073,370,22,"fail","2026-02-22 15:47:42","2026-02-24 19:36:39"
2074,543,378,"success","2026-01-25 07:21:51","2026-02-09 20:18:17"
2075,1844,442,"fail","2026-01-12 00:42:56","2026-01-16 05:43:16"
2076,3905,93,"success","2026-01-13 02:59:07","2026-02-08 09:03:26"
2077,5517,80,"fail","2026-01-19 07:57:29","2026-02-04 14:43:44"
2078,1981,118,"success","2026-02-18 22:02:53","2026-02-19 17:34:46"
2079,4667,34,"fail","2026-01-04 11:18:37","2026-01-20 07:25:37"
2080,4388,143,"fail","2026-01-06 13:25:01","2026-02-23 09:58:53"
2081,587,297,"fail","2026-02-15 07:26:25","2026-02-18 14:14:44"
2082,5501,182,"success","2026-01-18 12:30:28","2026-02-22 05:58:46"
2083,3299,257,"fail","2026-02-18 16:05:56","2026-02-24 22:28:38"
2084,4809,158,"fail","2026-01-22 11:31:21","2026-02-17 19:20:44"
2085,352,353,"success","2026-02-07 14:36:52","2026-02-21 08:55:23"
2086,1126,482,"success","2026-01-30 06:06:41","2026-02-04 09:51:41"
2087,3782,220,"fail","2026-02-15 19:13:11","2026-02-18 07:15:21"
2088,5611,160,"success","2026-01-12 01:24:41","2026-02-16 06:43:27"
2089,2794,132,"fail","2026-01-07 07:14:32","2026-01-12 08:28:34"
2090,2749,82,"success","2026-01-10 21:51:58","2026-02-05 02:52:51"
2091,1148,9,"fail","2026-01-08 17:15:51","2026-02-12 20:34:01"
2092,2753,208,"success","2026-01-27 08:00:33","2026-02-15 05:15:50"
2093,4320,2,"success","2026-02-21 04:07:24","2026-02-21 07:12:07"
2094,5091,265,"success","2026-02-24 18:36:56","2026-02-25 09:12:05"
2095,3419,279,"fail","2026-01-02 04:44:01","2026-02-07 20:59:22"
2096,3621,158,"fail","2026-02-16 14:41:01","2026-02-19 03:51:21"
2097,2430,435,"success","2026-02-19 13:22:37","2026-02-21 07:41:43"
2098,2856,287,"success","2026-01-08 00:15:36","2026-01-11 20:30:21"
2099,205,322,"success","2026-02-14 03:15:23","2026-02-20 10:33:37"
2100,3076,498,"fail","2026-02-24 18:03:42","2026-02-24 21:08:55"
2101,730,64,"success","2026-01-03 04:55:50","2026-02-14 21:02:55"
2102,4564,474,"success","2026-01-01 10:03:23","2026-02-04 08:02:10"
2103,4170,494,"fail","2026-01-27 02:18:29","2026-01-27 05:11:39"
2104,4833,289,"fail","2026-01-28 22:21:29","2026-02-21 14:23:25"
2105,5300,124,"success","2026-02-24 11:47:19","2026-02-24 15:57:33"
2106,3762,481,"success","2026-02-15 10:21:16","2026-02-22 03:10:41"
2107,2130,296,"fail","2026-02-14 17:12:05","2026-02-25 02:18:48"
2108,5044,293,"fail","2026-01-15 09:14:37","2026-02-18 09:58:06"
2109,292,317,"success","2026-02-09 19:23:11","2026-02-17 07:31:40"
2110,908,106,"success","2026-02-22 16:11:59","2026-02-25 09:41:07"
2111,5267,358,"success","2026-02-22 17:31:56","2026-02-23 15:30:02"
2112,5824,419,"success","2026-01-26 10:50:07","2026-01-28 18:41:41"
2113,3731,320,"fail","2026-02-15 19:17:30","2026-02-24 16:46:51"
2114,2864,202,"fail","2026-01-18 09:03:49","2026-02-23 18:27:53"
2115,2568,328,"success","2026-01-15 09:55:40","2026-01-24 17:31:15"
2116,4327,378,"success","2026-01-31 10:07:41","2026-02-02 04:00:49"
2117,1549,135,"fail","2026-02-04 19:18:52","2026-02-05 04:17:36"
2118,1844,382,"fail","2026-01-15 12:39:02","2026-02-07 06:47:23"
2119,5171,232,"success","2026-02-24 15:52:42","2026-02-25 02:00:55"
2120,4342,361,"success","2026-02-11 04:33:39","2026-02-22 14:35:42"
2121,2112,416,"fail","2026-01-29 22:40:52","2026-02-24 08:18:07"
2122,2805,235,"success","2026-01-11 12:25:39","2026-02-07 09:01:36"
2123,2917,409,"fail","2026-02-01 12:09:34","2026-02-23 10:48:47"
2124,875,238,"fail","2026-02-17 16:19:09","2026-02-19 16:34:20"
2125,5720,497,"fail","2026-02-02 02:36:45","2026-02-22 22:46:01"
2126,5282,279,"fail","2026-02-25 04:57:14","2026-02-25 05:38:42"
2127,3283,98,"fail","2026-02-18 18:26:09","2026-02-20 16:57:11"
2128,3629,159,"success","2026-02-22 09:40:06","2026-02-25 05:27:43"
2129,4027,315,"success","2026-02-18 23:53:44","2026-02-24 19:54:04"
2130,3887,347,"fail","2026-01-20 08:46:02","2026-02-02 12:41:47"
2131,2200,254,"success","2026-01-15 19:19:06","2026-01-17 01:48:24"
2132,1296,458,"success","2026-01-05 08:04:15","2026-02-03 19:34:59"
2133,4070,277,"fail","2026-02-03 05:09:02","2026-02-04 01:30:05"
2134,197,276,"fail","2026-02-09 06:54:53","2026-02-16 16:22:23"
2135,1558,151,"fail","2026-01-29 08:44:27","2026-02-01 17:39:14"
2136,3812,366,"fail","2026-01-25 10:13:59","2026-02-14 03:13:40"
2137,1275,244,"fail","2026-01-03 04:08:18","2026-01-29 20:50:45"
2138,1861,203,"fail","2026-01-15 17:36:51","2026-02-14 08:35:44"
2139,1920,418,"fail","2026-02-22 15:28:28","2026-02-23 12:05:42"
2140,4248,143,"fail","2026-02-05 00:00:04","2026-02-13 02:17:34"
2141,4171,416,"fail","2026-01-16 12:16:28","2026-02-15 12:45:38"
2142,867,184,"fail","2026-01-31 21:40:40","2026-02-10 10:14:35"
2143,1519,36,"success","2026-01-17 05:24:37","2026-02-15 12:34:05"
2144,2603,438,"fail","2026-02-19 16:11:13","2026-02-21 16:57:10"
2145,677,461,"fail","2026-01-18 00:55:27","2026-02-20 20:50:50"
2146,385,154,"success","2026-01-07 05:14:43","2026-02-06 22:12:43"
2147,1499,328,"fail","2026-01-07 09:55:16","2026-01-15 03:28:14"
2148,1638,300,"fail","2026-02-02 01:42:59","2026-02-14 01:58:26"
2149,5032,402,"success","2026-01-20 03:05:00","2026-02-23 14:57:00"
2150,1729,59,"fail","2026-02-14 06:31:49","2026-02-24 21:10:23"
2151,1835,12,"fail","2026-02-23 20:11:52","2026-02-24 09:48:26"
2152,5484,477,"fail","2026-02-11 10:59:13","2026-02-13 22:34:29"
2153,5635,22,"fail","2026-02-03 08:22:10","2026-02-04 13:14:00"
2154,3813,373,"fail","2026-01-23 18:03:47","2026-02-21 21:14:43"
2155,2009,194,"success","2026-01-23 08:30:17","2026-02-10 18:08:28"
2156,4728,498,"fail","2026-01-22 20:47:07","2026-02-10 11:15:15"
2157,1297,452,"success","2026-02-19 06:04:41","2026-02-21 19:34:41"
2158,4790,405,"fail","2026-01-15 20:39:32","2026-02-16 01:03:33"
2159,3646,147,"success","2026-01-19 03:55:23","2026-01-31 21:03:28"
2160,1798,484,"success","2026-02-23 02:21:39","2026-02-24 22:00:39"
2161,3250,261,"success","2026-01-23 17:18:42","2026-02-05 20:41:58"
2162,2849,469,"fail","2026-02-18 13:16:53","2026-02-19 09:40:11"
2163,1975,206,"fail","2026-01-16 03:48:16","2026-02-23 06:52:57"
2164,1570,46,"fail","2026-02-02 12:53:45","2026-02-13 19:29:35"
2165,2058,424,"success","2026-02-20 19:22:25","2026-02-23 01:44:47"
2166,5918,201,"fail","2026-01-14 15:15:31","2026-02-25 05:49:06"
2167,626,106,"fail","2026-01-26 03:58:45","2026-02-04 09:35:17"
2168,587,211,"success","2026-02-25 00:43:50","2026-02-25 05:06:12"
2169,4802,307,"fail","2026-02-04 08:06:08","2026-02-13 20:46:53"
2170,2035,135,"fail","2026-01-31 00:37:39","2026-02-03 10:20:47"
2171,753,206,"success","2026-01-15 18:53:22","2026-01-29 06:55:14"
2172,2022,250,"fail","2026-01-28 17:32:30","2026-02-24 02:36:36"
2173,2539,24,"success","2026-01-03 00:49:59","2026-01-04 16:41:32"
2174,5841,235,"success","2026-02-23 21:12:47","2026-02-24 05:35:52"
2175,5693,237,"success","2026-01-26 11:14:56","2026-02-12 05:40:29"
2176,2532,393,"success","2026-01-17 20:21:39","2026-02-05 18:40:20"
2177,1805,67,"fail","2026-01-27 19:04:19","2026-02-13 07:50:08"
2178,2381,245,"success","2026-01-14 04:04:41","2026-01-31 10:19:22"
2179,1664,30,"fail","2026-02-06 07:26:19","2026-02-08 19:18:49"
2180,3684,465,"fail","2026-02-25 00:34:41","2026-02-25 07:36:55"
2181,35,164,"success","2026-01-27 19:09:25","2026-02-11 01:41:49"
2182,5548,253,"fail","2026-02-21 21:24:29","2026-02-24 07:10:09"
2183,3115,231,"fail","2026-01-07 19:01:26","2026-02-25 01:30:20"
2184,5461,71,"success","2026-02-09 05:45:57","2026-02-10 16:35:38"
2185,674,140,"fail","2026-01-01 02:12:07","2026-02-21 08:07:52"
2186,3055,292,"fail","2026-01-02 22:29:47","2026-02-16 07:57:39"
2187,4411,40,"fail","2026-01-08 00:02:00","2026-02-24 21:01:26"
2188,3400,157,"fail","2026-02-13 16:07:30","2026-02-15 15:18:16"
2189,3939,308,"success","2026-01-01 13:08:37","2026-01-27 04:49:25"
2190,489,223,"fail","2026-02-11 13:50:28","2026-02-20 04:00:47"
2191,4748,286,"success","2026-01-10 16:00:34","2026-01-26 12:55:47"
2192,4518,444,"success","2026-01-10 01:40:57","2026-01-17 19:26:43"
2193,5211,1,"fail","2026-01-01 08:37:56","2026-02-04 22:43:47"
2194,1620,167,"fail","2026-01-07 21:04:22","2026-02-03 22:27:13"
2195,2413,219,"success","2026-01-08 09:07:26","2026-02-06 15:28:51"
2196,3432,318,"fail","2026-02-14 22:16:46","2026-02-23 10:30:45"
2197,2973,309,"fail","2026-02-16 00:29:24","2026-02-22 07:29:44"
2198,5266,99,"success","2026-02-03 03:36:50","2026-02-06 12:23:36"
2199,2679,18,"success","2026-01-19 20:57:56","2026-01-25 01:52:13"
2200,3070,114,"success","2026-01-26 02:57:17","2026-02-09 23:39:23"
2201,3509,362,"fail","2026-02-12 22:49:30","2026-02-16 03:02:42"
2202,2278,379,"success","2026-01-14 21:52:58","2026-01-22 15:48:55"
2203,2225,130,"success","2026-01-17 02:25:44","2026-02-21 01:53:16"
2204,5517,451,"fail","2026-01-07 21:29:54","2026-01-21 12:23:00"
2205,3644,194,"success","2026-02-03 02:33:48","2026-02-25 07:25:25"
2206,1026,486,"fail","2026-01-26 09:56:18","2026-01-30 21:07:36"
2207,2387,372,"fail","2026-02-04 15:56:34","2026-02-13 09:51:45"
2208,3442,79,"success","2026-02-07 08:35:15","2026-02-24 11:10:47"
2209,4221,72,"success","2026-01-21 21:25:45","2026-02-23 17:51:33"
2210,5428,353,"success","2026-02-13 10:30:12","2026-02-14 02:21:25"
2211,1016,168,"fail","2026-02-19 12:02:32","2026-02-24 08:12:43"
2212,5801,345,"success","2026-01-30 05:44:36","2026-02-21 14:15:04"
2213,2561,440,"success","2026-01-20 02:22:35","2026-02-16 21:54:03"
2214,5752,230,"success","2026-01-28 04:36:49","2026-01-30 10:59:32"
2215,964,235,"fail","2026-02-19 00:15:52","2026-02-19 23:37:15"
2216,3777,141,"success","2026-02-06 11:16:14","2026-02-14 18:41:29"
2217,5974,51,"fail","2026-02-07 19:37:08","2026-02-24 03:48:06"
2218,4422,344,"fail","2026-01-18 01:35:37","2026-02-16 06:04:15"
2219,5546,171,"success","2026-02-12 05:07:38","2026-02-15 15:27:23"
2220,1479,401,"success","2026-02-08 02:03:20","2026-02-12 07:42:54"
2221,4817,439,"fail","2026-02-04 15:15:25","2026-02-14 21:50:16"
2222,5030,179,"fail","2026-02-06 07:41:09","2026-02-06 13:22:28"
2223,240,361,"success","2026-01-22 06:51:14","2026-02-14 22:22:26"
2224,2248,400,"success","2026-01-20 19:16:31","2026-01-22 09:55:40"
2225,1523,175,"fail","2026-02-05 07:39:08","2026-02-10 02:00:00"
2226,2506,383,"fail","2026-01-08 08:49:49","2026-02-19 14:55:34"
2227,5264,415,"success","2026-02-12 15:39:08","2026-02-14 20:57:56"
2228,2251,125,"success","2026-02-21 13:22:53","2026-02-23 04:54:29"
2229,1000,448,"success","2026-02-09 13:05:25","2026-02-25 05:14:40"
2230,96,433,"fail","2026-01-16 18:29:09","2026-02-21 16:56:02"
2231,778,76,"success","2026-01-21 22:59:21","2026-02-12 06:14:54"
2232,1066,352,"fail","2026-01-08 20:48:57","2026-02-08 08:13:39"
2233,233,105,"fail","2026-02-18 06:08:12","2026-02-18 17:51:43"
2234,3614,469,"success","2026-01-12 07:22:03","2026-01-30 04:46:35"
2235,2576,283,"success","2026-01-30 05:14:29","2026-02-21 23:21:48"
2236,3685,414,"fail","2026-02-13 14:15:03","2026-02-14 01:26:33"
2237,1951,128,"success","2026-01-21 00:09:41","2026-02-08 23:29:00"
2238,2381,98,"success","2026-01-22 14:28:33","2026-02-06 20:31:17"
2239,1503,403,"success","2026-01-25 14:12:12","2026-02-18 18:02:07"
2240,1320,92,"success","2026-01-23 07:04:21","2026-02-09 02:03:46"
2241,4983,142,"fail","2026-01-03 20:19:48","2026-01-09 04:39:49"
2242,272,132,"success","2026-01-19 04:46:49","2026-02-06 03:06:26"
2243,2621,219,"success","2026-02-06 16:56:34","2026-02-15 22:57:47"
2244,4848,92,"fail","2026-01-17 18:11:12","2026-01-31 13:52:34"
2245,2290,356,"success","2026-01-16 23:02:57","2026-02-19 09:36:35"
2246,1021,404,"success","2026-02-12 11:37:01","2026-02-21 12:17:05"
2247,5669,66,"success","2026-01-01 01:25:13","2026-02-07 19:09:12"
2248,5650,205,"success","2026-02-24 17:30:49","2026-02-25 11:11:40"
2249,2505,494,"fail","2026-02-18 10:24:44","2026-02-21 08:09:33"
2250,1562,130,"fail","2026-01-11 18:46:32","2026-02-18 11:37:05"
2251,771,49,"success","2026-01-15 03:01:59","2026-02-16 17:13:47"
2252,4868,180,"fail","2026-01-22 23:23:40","2026-02-02 08:53:49"
2253,674,299,"fail","2026-02-18 23:46:54","2026-02-24 11:10:10"
2254,5221,300,"success","2026-01-06 19:17:54","2026-01-07 00:13:59"
2255,1112,132,"success","2026-01-28 19:18:19","2026-02-10 12:48:22"
2256,1268,445,"fail","2026-01-24 10:47:45","2026-01-30 16:37:39"
2257,5883,298,"success","2026-01-15 12:47:15","2026-01-31 18:12:42"
2258,2783,285,"success","2026-02-13 01:55:19","2026-02-19 07:09:38"
2259,3466,94,"fail","2026-02-13 01:37:28","2026-02-14 11:11:08"
2260,2940,387,"success","2026-02-06 07:09:19","2026-02-18 17:43:10"
2261,406,149,"success","2026-01-04 12:37:43","2026-02-21 20:46:33"
2262,617,181,"success","2026-01-19 20:45:20","2026-02-16 05:24:50"
2263,4045,424,"success","2026-01-31 08:54:50","2026-02-07 06:35:17"
2264,43,312,"success","2026-01-17 00:29:23","2026-01-31 21:48:17"
2265,56,445,"fail","2026-01-10 01:42:33","2026-02-14 15:23:39"
2266,5741,352,"fail","2026-02-22 18:23:41","2026-02-24 23:26:01"
2267,5234,367,"fail","2026-02-09 17:58:53","2026-02-10 08:27:34"
2268,3043,167,"success","2026-01-13 00:29:37","2026-01-17 00:20:23"
2269,2077,402,"fail","2026-02-13 15:02:51","2026-02-17 22:25:09"
2270,4888,170,"fail","2026-01-18 07:06:45","2026-01-18 09:07:10"
2271,135,415,"success","2026-02-23 05:14:53","2026-02-25 07:32:58"
2272,1827,340,"success","2026-01-24 17:41:12","2026-02-06 01:39:23"
2273,1217,494,"fail","2026-01-29 22:06:39","2026-02-24 07:33:49"
2274,3285,142,"fail","2026-01-10 17:23:03","2026-01-24 11:25:48"
2275,3228,87,"success","2026-01-02 02:16:07","2026-02-18 12:35:28"
2276,3138,274,"success","2026-01-12 08:49:33","2026-02-06 12:43:02"
2277,936,310,"fail","2026-01-10 02:21:58","2026-01-11 19:46:19"
2278,3186,357,"success","2026-02-18 03:07:22","2026-02-18 05:51:32"
2279,4007,431,"fail","2026-02-08 14:33:36","2026-02-12 15:37:40"
2280,899,49,"success","2026-01-20 03:00:22","2026-01-24 07:44:07"
2281,1298,190,"success","2026-02-10 22:27:35","2026-02-17 17:37:54"
2282,3983,279,"fail","2026-02-13 21:38:11","2026-02-21 10:48:48"
2283,2837,201,"fail","2026-01-22 16:13:10","2026-02-21 14:19:27"
2284,343,66,"success","2026-01-20 00:30:51","2026-02-21 17:35:20"
2285,3465,231,"success","2026-01-26 08:41:44","2026-02-09 12:01:03"
2286,2843,21,"fail","2026-02-01 01:05:27","2026-02-07 00:28:44"
2287,4042,200,"fail","2026-02-19 22:46:32","2026-02-23 21:13:00"
2288,3201,81,"fail","2026-02-12 16:07:16","2026-02-14 16:16:37"
2289,1248,47,"fail","2026-01-02 22:40:45","2026-01-28 00:58:07"
2290,4259,180,"success","2026-02-15 22:09:16","2026-02-18 01:36:18"
2291,1486,480,"success","2026-01-26 19:29:09","2026-02-21 23:27:33"
2292,132,479,"success","2026-02-05 22:37:02","2026-02-09 15:17:15"
2293,1282,201,"fail","2026-02-21 12:49:25","2026-02-24 12:44:25"
2294,3926,165,"success","2026-01-12 07:02:08","2026-02-24 03:28:23"
2295,4986,178,"fail","2026-02-16 06:41:06","2026-02-20 18:03:36"
2296,3773,168,"fail","2026-01-19 16:39:05","2026-02-08 01:04:30"
2297,2945,210,"success","2026-01-04 10:30:50","2026-01-10 19:28:45"
2298,379,470,"fail","2026-01-14 04:49:13","2026-02-11 03:30:28"
2299,5148,85,"fail","2026-01-04 06:59:07","2026-01-07 11:52:01"
2300,644,246,"fail","2026-01-14 06:13:45","2026-01-19 06:47:30"
2301,5558,276,"success","2026-01-01 02:44:32","2026-01-03 04:22:55"
2302,3632,425,"success","2026-01-24 00:46:23","2026-02-20 10:55:03"
2303,791,32,"fail","2026-01-20 19:15:51","2026-01-27 05:53:23"
2304,850,305,"fail","2026-02-14 05:06:59","2026-02-16 03:21:33"
2305,4004,445,"success","2026-02-17 01:51:09","2026-02-21 12:13:40"
2306,2596,221,"fail","2026-01-07 06:58:58","2026-02-19 12:57:06"
2307,4693,494,"success","2026-01-08 11:20:59","2026-02-17 15:00:14"
2308,2684,269,"success","2026-02-16 03:37:22","2026-02-18 13:27:42"
2309,3527,21,"fail","2026-02-09 00:45:39","2026-02-15 14:28:24"
2310,4941,159,"success","2026-01-29 04:25:17","2026-02-19 23:59:22"
2311,4449,110,"success","2026-02-23 11:20:03","2026-02-24 06:51:45"
2312,4590,442,"fail","2026-01-11 19:40:49","2026-01-15 12:20:15"
2313,3830,395,"fail","2026-02-03 22:03:00","2026-02-12 21:35:51"
2314,4148,203,"fail","2026-01-06 13:42:00","2026-02-22 02:21:08"
2315,5514,462,"fail","2026-01-20 13:05:44","2026-01-30 16:54:18"
2316,4888,335,"success","2026-01-21 06:01:14","2026-02-19 22:42:06"
2317,1435,121,"success","2026-02-23 03:08:54","2026-02-25 04:37:45"
2318,1469,38,"success","2026-02-18 11:37:45","2026-02-22 03:32:27"
2319,3153,265,"fail","2026-01-27 15:28:38","2026-02-19 00:28:30"
2320,2664,242,"fail","2026-02-12 07:38:04","2026-02-24 22:10:21"
2321,22,485,"success","2026-01-09 03:49:58","2026-02-16 03:03:34"
2322,1531,284,"success","2026-02-23 03:58:17","2026-02-23 15:52:51"
2323,573,233,"success","2026-02-25 00:05:48","2026-02-25 04:18:34"
2324,3686,101,"success","2026-01-24 03:44:11","2026-02-13 00:14:32"
2325,2878,357,"success","2026-02-15 15:18:26","2026-02-22 11:46:41"
2326,1471,99,"fail","2026-02-22 12:09:33","2026-02-23 03:41:59"
2327,130,139,"success","2026-01-31 18:37:16","2026-02-09 09:01:28"
2328,3459,227,"success","2026-01-28 15:43:18","2026-02-05 04:43:42"
2329,4123,42,"fail","2026-02-25 02:48:52","2026-02-25 02:55:48"
2330,2281,73,"fail","2026-01-30 14:39:27","2026-02-01 07:56:57"
2331,3728,365,"success","2026-02-17 14:04:40","2026-02-22 08:19:01"
2332,279,338,"fail","2026-01-21 16:58:25","2026-02-02 10:55:57"
2333,4746,326,"success","2026-01-10 20:17:46","2026-02-05 19:38:18"
2334,3026,9,"fail","2026-01-01 04:32:57","2026-01-20 16:47:19"
2335,144,461,"success","2026-01-20 20:17:07","2026-01-24 14:30:30"
2336,3816,43,"success","2026-02-18 00:37:38","2026-02-20 17:53:07"
2337,1980,471,"success","2026-02-18 13:35:13","2026-02-19 18:33:02"
2338,2147,307,"fail","2026-01-10 12:15:47","2026-02-08 14:42:34"
2339,1565,104,"fail","2026-02-14 18:42:00","2026-02-23 17:46:55"
2340,5683,405,"fail","2026-02-02 09:16:59","2026-02-12 05:06:42"
2341,2560,17,"success","2026-01-22 20:12:21","2026-02-23 20:09:27"
2342,782,300,"success","2026-01-30 10:50:46","2026-02-04 14:45:51"
2343,3722,229,"success","2026-01-28 07:22:09","2026-02-18 00:55:45"
2344,3652,481,"fail","2026-02-11 07:59:23","2026-02-13 07:14:52"
2345,2854,146,"fail","2026-01-22 22:48:55","2026-02-02 11:10:30"
2346,895,123,"fail","2026-01-11 11:27:13","2026-02-12 16:26:03"
2347,4422,49,"fail","2026-01-23 16:53:13","2026-02-11 09:31:21"
2348,4400,336,"success","2026-02-18 16:16:22","2026-02-21 03:56:19"
2349,1025,155,"fail","2026-01-12 08:51:48","2026-01-15 23:56:30"
2350,2457,189,"success","2026-02-03 13:15:21","2026-02-13 07:39:03"
2351,5556,411,"fail","2026-01-29 15:11:42","2026-02-01 20:54:15"
2352,1566,352,"fail","2026-01-17 14:24:22","2026-01-21 22:28:53"
2353,4249,183,"success","2026-01-26 19:37:49","2026-02-17 13:40:21"
2354,4526,164,"success","2026-01-30 15:46:50","2026-02-14 20:19:05"
2355,2111,416,"success","2026-02-03 06:10:02","2026-02-25 02:43:07"
2356,5373,461,"success","2026-02-16 17:35:41","2026-02-23 16:35:37"
2357,3335,170,"success","2026-02-14 00:08:58","2026-02-16 03:14:52"
2358,2722,72,"success","2026-02-16 18:38:29","2026-02-16 21:49:35"
2359,3309,245,"success","2026-02-01 13:55:08","2026-02-15 11:32:16"
2360,1984,398,"fail","2026-02-18 07:00:39","2026-02-25 03:06:07"
2361,3999,115,"success","2026-01-18 00:34:35","2026-02-19 05:55:55"
2362,5127,82,"success","2026-01-04 21:32:10","2026-02-05 23:24:07"
2363,2579,276,"success","2026-01-06 19:29:14","2026-01-17 11:33:18"
2364,1679,230,"fail","2026-01-15 03:57:58","2026-02-15 10:13:52"
2365,2402,218,"fail","2026-01-29 23:50:43","2026-02-25 10:22:47"
2366,3335,358,"success","2026-01-06 19:17:24","2026-01-21 10:48:06"
2367,3487,446,"success","2026-01-08 06:23:16","2026-01-23 00:10:44"
2368,1326,57,"success","2026-02-08 13:13:18","2026-02-13 23:29:00"
2369,3528,378,"fail","2026-01-23 12:29:14","2026-02-07 23:11:33"
2370,1166,429,"success","2026-02-19 12:19:56","2026-02-24 23:24:55"
2371,3847,350,"fail","2026-02-01 19:47:54","2026-02-19 15:46:09"
2372,2957,385,"fail","2026-01-01 22:10:51","2026-01-22 05:53:24"
2373,559,376,"fail","2026-02-06 03:01:06","2026-02-07 09:46:26"
2374,5714,158,"success","2026-02-22 23:30:51","2026-02-25 10:22:48"
2375,1910,318,"success","2026-01-13 14:37:41","2026-01-20 21:26:57"
2376,5620,143,"success","2026-02-03 05:28:26","2026-02-05 22:39:40"
2377,845,325,"success","2026-01-04 04:03:00","2026-01-14 12:10:09"
2378,133,243,"fail","2026-01-18 14:58:22","2026-02-09 09:42:14"
2379,5422,366,"success","2026-01-16 16:44:02","2026-02-06 19:38:01"
2380,832,181,"success","2026-02-07 21:02:08","2026-02-20 17:45:32"
2381,4076,12,"success","2026-01-02 23:41:13","2026-01-18 07:15:23"
2382,4708,56,"success","2026-01-09 05:22:16","2026-01-20 09:30:13"
2383,4887,486,"fail","2026-02-12 20:06:33","2026-02-25 07:14:26"
2384,5855,244,"fail","2026-02-02 13:38:59","2026-02-08 02:27:46"
2385,2259,335,"fail","2026-02-16 02:18:22","2026-02-18 16:24:22"
2386,756,429,"success","2026-01-12 22:14:25","2026-02-04 14:30:10"
2387,3925,124,"fail","2026-01-05 16:31:39","2026-01-31 15:32:10"
2388,354,118,"fail","2026-02-19 14:20:36","2026-02-21 04:19:36"
2389,4494,465,"fail","2026-01-26 04:03:17","2026-02-15 19:26:35"
2390,3162,480,"fail","2026-01-09 19:38:11","2026-01-14 03:28:49"
2391,5314,371,"success","2026-02-16 00:43:14","2026-02-16 08:30:59"
2392,1234,29,"success","2026-01-22 15:15:34","2026-01-31 13:59:22"
2393,5608,228,"success","2026-01-08 03:10:40","2026-02-04 22:40:35"
2394,1317,257,"success","2026-02-06 15:13:28","2026-02-16 19:17:51"
2395,5406,356,"fail","2026-02-04 17:41:07","2026-02-12 20:57:44"
2396,5406,267,"success","2026-02-05 18:34:59","2026-02-19 03:12:00"
2397,4049,442,"fail","2026-02-12 16:35:02","2026-02-22 06:59:54"
2398,5217,273,"fail","2026-02-19 02:32:17","2026-02-24 09:12:11"
2399,4524,441,"success","2026-02-16 19:30:06","2026-02-22 22:49:17"
2400,3071,121,"fail","2026-01-16 18:40:48","2026-02-11 23:30:30"
2401,4892,80,"success","2026-01-24 10:19:03","2026-02-07 11:26:59"
2402,2921,248,"success","2026-02-10 08:46:06","2026-02-25 04:16:11"
2403,2083,23,"success","2026-02-06 04:18:55","2026-02-06 09:56:46"
2404,111,111,"success","2026-01-13 05:14:43","2026-01-17 13:16:12"
2405,5935,449,"fail","2026-01-17 23:43:51","2026-01-24 02:26:16"
2406,3432,244,"success","2026-02-15 05:00:40","2026-02-24 14:45:30"
2407,1920,47,"success","2026-02-12 13:24:16","2026-02-20 07:39:28"
2408,4757,165,"success","2026-01-28 02:22:30","2026-02-21 15:36:21"
2409,4877,233,"success","2026-01-01 09:58:51","2026-01-03 16:20:09"
2410,2901,415,"success","2026-01-17 01:23:21","2026-02-18 08:20:59"
2411,1078,11,"fail","2026-01-08 13:18:19","2026-01-21 14:24:55"
2412,3151,413,"success","2026-02-17 06:04:29","2026-02-20 21:55:40"
2413,4939,224,"success","2026-01-25 05:26:25","2026-02-01 16:21:25"
2414,3953,487,"fail","2026-01-12 10:10:00","2026-02-01 06:53:53"
2415,2781,59,"fail","2026-02-04 04:26:56","2026-02-14 05:34:23"
2416,5610,163,"success","2026-02-21 06:55:39","2026-02-21 18:37:16"
2417,5977,182,"fail","2026-02-08 02:04:29","2026-02-22 23:58:56"
2418,1542,162,"fail","2026-01-25 04:26:10","2026-02-05 20:50:02"
2419,796,436,"fail","2026-01-27 13:48:45","2026-02-16 14:08:09"
2420,2073,159,"success","2026-01-02 13:37:40","2026-01-06 03:02:21"
2421,1319,298,"fail","2026-01-10 23:13:28","2026-02-16 12:27:14"
2422,1850,489,"fail","2026-02-06 23:04:04","2026-02-21 23:35:49"
2423,1922,298,"fail","2026-02-13 15:22:04","2026-02-19 01:25:56"
2424,2011,52,"fail","2026-02-19 09:22:26","2026-02-23 17:38:54"
2425,4888,24,"success","2026-02-15 13:17:35","2026-02-18 04:32:15"
2426,4220,22,"success","2026-02-16 04:29:24","2026-02-25 00:53:34"
2427,5319,426,"success","2026-01-27 01:58:38","2026-02-08 00:02:02"
2428,3126,303,"success","2026-02-05 18:41:19","2026-02-17 04:51:36"
2429,1908,46,"fail","2026-02-13 14:19:24","2026-02-24 08:14:10"
2430,4643,202,"fail","2026-01-18 18:30:43","2026-02-10 11:26:56"
2431,2184,251,"success","2026-01-05 22:59:28","2026-02-10 16:50:24"
2432,503,436,"success","2026-02-25 04:20:00","2026-02-25 09:34:38"
2433,865,397,"success","2026-01-15 22:56:35","2026-02-07 00:22:40"
2434,1243,95,"success","2026-02-12 05:48:12","2026-02-20 00:14:12"
2435,57,442,"fail","2026-02-13 14:20:42","2026-02-24 01:21:42"
2436,5323,340,"fail","2026-01-03 16:03:22","2026-01-18 19:34:19"
2437,1885,483,"success","2026-01-19 05:34:30","2026-02-15 07:53:08"
2438,4821,313,"success","2026-02-15 17:49:13","2026-02-21 09:30:17"
2439,1560,408,"success","2026-02-14 16:13:53","2026-02-22 19:53:11"
2440,4856,361,"fail","2026-01-21 21:29:08","2026-02-18 00:30:57"
2441,998,455,"success","2026-01-19 20:41:37","2026-02-05 08:03:55"
2442,4531,29,"success","2026-01-21 09:55:55","2026-02-23 18:30:03"
2443,3615,140,"success","2026-02-16 01:25:56","2026-02-17 14:05:37"
2444,175,102,"success","2026-01-10 08:14:55","2026-02-05 05:30:44"
2445,2804,42,"fail","2026-01-10 00:26:54","2026-01-18 19:47:10"
2446,3073,249,"fail","2026-01-05 03:33:50","2026-01-31 14:36:05"
2447,4717,432,"success","2026-01-03 22:58:20","2026-02-13 15:18:03"
2448,3164,139,"fail","2026-02-21 11:04:51","2026-02-24 10:56:24"
2449,2461,350,"success","2026-01-27 17:46:45","2026-02-16 05:27:23"
2450,5292,10,"success","2026-01-04 07:53:00","2026-01-13 10:03:37"
2451,182,238,"fail","2026-02-15 11:32:05","2026-02-16 22:30:45"
2452,2679,61,"fail","2026-01-20 17:06:25","2026-01-28 01:52:35"
2453,3983,465,"success","2026-01-03 15:08:14","2026-02-09 11:51:44"
2454,2417,73,"fail","2026-02-03 10:25:18","2026-02-12 13:59:34"
2455,2690,64,"fail","2026-02-20 22:17:47","2026-02-20 23:25:52"
2456,4786,57,"success","2026-01-01 16:07:26","2026-01-10 09:23:09"
2457,4729,393,"success","2026-02-09 04:10:21","2026-02-19 19:33:16"
2458,5576,266,"fail","2026-01-25 17:51:49","2026-02-20 23:14:47"
2459,1903,244,"success","2026-01-06 15:52:50","2026-02-08 20:36:34"
2460,63,266,"fail","2026-01-09 21:10:52","2026-01-24 01:16:56"
2461,1385,113,"success","2026-01-22 09:07:09","2026-02-03 16:31:41"
2462,2563,179,"fail","2026-01-16 19:32:26","2026-01-18 09:22:46"
2463,2970,46,"fail","2026-01-29 06:56:20","2026-02-13 00:24:41"
2464,2848,65,"success","2026-01-23 17:34:59","2026-02-24 04:13:14"
2465,1452,95,"fail","2026-01-05 22:54:21","2026-02-01 18:07:38"
2466,5051,97,"success","2026-01-05 09:36:48","2026-01-12 01:37:01"
2467,2155,432,"success","2026-01-07 15:24:34","2026-02-18 06:38:57"
2468,4971,198,"fail","2026-02-13 21:27:11","2026-02-18 07:35:41"
2469,3097,371,"fail","2026-01-23 02:55:04","2026-02-18 14:24:25"
2470,3855,368,"success","2026-02-01 03:11:11","2026-02-12 20:16:18"
2471,2909,27,"success","2026-02-20 05:37:03","2026-02-22 04:57:43"
2472,5483,297,"success","2026-01-28 23:06:36","2026-02-09 10:52:38"
2473,813,18,"success","2026-01-22 23:36:22","2026-02-21 22:19:29"
2474,5546,499,"fail","2026-01-05 23:41:18","2026-01-21 03:18:22"
2475,2035,362,"fail","2026-01-14 13:18:30","2026-01-18 01:30:03"
2476,188,328,"success","2026-01-25 12:43:22","2026-02-05 02:35:11"
2477,4133,48,"success","2026-02-01 16:59:34","2026-02-16 03:33:33"
2478,2703,283,"success","2026-02-17 08:32:47","2026-02-23 19:42:54"
2479,259,255,"success","2026-01-23 00:20:45","2026-02-18 02:21:44"
2480,5836,49,"fail","2026-02-02 09:17:46","2026-02-11 02:01:01"
2481,2670,227,"success","2026-02-14 02:33:11","2026-02-22 04:16:50"
2482,159,128,"fail","2026-02-14 15:05:49","2026-02-22 14:36:33"
2483,2336,282,"fail","2026-01-01 07:45:42","2026-01-31 13:53:25"
2484,3026,75,"fail","2026-01-24 04:29:42","2026-01-31 19:15:45"
2485,2047,108,"success","2026-01-15 17:41:57","2026-01-24 19:55:58"
2486,2870,317,"fail","2026-01-18 22:01:04","2026-02-08 14:57:12"
2487,4859,312,"success","2026-01-27 13:19:16","2026-02-11 05:44:53"
2488,3339,53,"fail","2026-01-08 17:26:59","2026-01-09 02:21:22"
2489,4479,196,"success","2026-02-03 19:59:38","2026-02-16 10:35:56"
2490,5982,2,"fail","2026-01-05 19:48:00","2026-02-21 05:11:19"
2491,4528,93,"success","2026-01-21 23:52:01","2026-02-03 18:27:16"
2492,3910,208,"success","2026-01-16 16:21:46","2026-02-21 22:43:16"
2493,2947,471,"success","2026-02-04 15:29:55","2026-02-13 22:06:24"
2494,3657,84,"success","2026-02-14 14:24:01","2026-02-25 05:55:41"
2495,1076,116,"success","2026-02-03 09:51:36","2026-02-08 15:56:09"
2496,4212,435,"fail","2026-01-28 01:27:45","2026-02-08 13:21:03"
2497,1811,412,"success","2026-01-22 08:02:14","2026-01-22 20:15:55"
2498,2869,10,"fail","2026-01-17 06:32:29","2026-02-22 02:40:41"
2499,5059,307,"fail","2026-01-02 17:49:43","2026-01-13 19:42:15"
2500,1401,389,"fail","2026-01-27 05:41:40","2026-01-30 15:53:36"
2501,255,329,"success","2026-01-14 16:15:14","2026-02-23 06:16:05"
2502,5272,130,"fail","2026-01-13 06:49:08","2026-01-25 07:09:07"
2503,663,483,"success","2026-02-21 00:15:37","2026-02-25 11:54:33"
2504,4854,332,"fail","2026-01-06 07:23:52","2026-02-19 02:20:57"
2505,2407,414,"fail","2026-01-20 08:38:26","2026-02-18 21:56:40"
2506,5856,115,"fail","2026-01-13 01:06:46","2026-02-03 05:52:53"
2507,506,16,"fail","2026-02-02 15:02:19","2026-02-11 04:48:18"
2508,4689,228,"success","2026-01-04 21:20:37","2026-01-18 18:43:30"
2509,4643,350,"success","2026-01-07 19:54:31","2026-02-08 02:54:45"
2510,1520,384,"fail","2026-02-07 16:13:59","2026-02-13 13:30:08"
2511,1045,1,"success","2026-01-30 04:50:40","2026-02-03 05:56:47"
2512,1732,380,"fail","2026-01-07 14:08:48","2026-02-18 07:59:11"
2513,5023,129,"fail","2026-01-24 12:51:11","2026-02-21 18:39:09"
2514,3486,462,"success","2026-01-22 18:21:10","2026-01-23 01:34:07"
2515,5714,425,"fail","2026-02-18 17:50:46","2026-02-19 03:20:24"
2516,1432,290,"success","2026-02-13 18:56:17","2026-02-18 16:09:34"
2517,5088,166,"success","2026-02-24 01:53:05","2026-02-25 08:23:02"
2518,5628,497,"fail","2026-01-02 19:46:12","2026-01-07 20:12:54"
2519,2530,19,"fail","2026-02-11 17:16:02","2026-02-24 17:07:51"
2520,5248,310,"success","2026-01-01 19:10:49","2026-01-10 00:17:48"
2521,3346,67,"fail","2026-02-12 09:34:12","2026-02-13 11:32:59"
2522,4574,136,"success","2026-02-21 23:44:03","2026-02-22 02:38:21"
2523,5517,495,"fail","2026-02-01 00:01:33","2026-02-12 01:26:47"
2524,1580,371,"success","2026-01-29 20:13:42","2026-02-12 12:29:05"
2525,3873,53,"success","2026-02-01 07:45:42","2026-02-19 01:12:17"
2526,459,446,"fail","2026-01-08 10:49:42","2026-01-19 13:38:34"
2527,5890,46,"fail","2026-02-19 17:53:37","2026-02-20 07:17:35"
2528,1285,315,"fail","2026-01-19 13:05:48","2026-01-27 06:18:29"
2529,856,77,"success","2026-01-23 23:39:18","2026-01-24 01:14:08"
2530,493,350,"success","2026-02-17 08:06:16","2026-02-24 16:33:38"
2531,695,309,"fail","2026-01-01 20:15:28","2026-01-28 12:40:24"
2532,3877,320,"fail","2026-02-05 02:01:09","2026-02-05 02:15:10"
2533,1104,185,"fail","2026-01-13 15:53:23","2026-01-22 21:31:45"
2534,5836,407,"fail","2026-02-02 11:40:21","2026-02-20 16:53:09"
2535,4100,287,"fail","2026-01-06 21:37:50","2026-02-11 20:59:01"
2536,5854,454,"success","2026-02-13 19:07:08","2026-02-18 21:26:13"
2537,3751,367,"fail","2026-01-26 07:45:54","2026-01-26 22:58:13"
2538,1872,457,"fail","2026-02-04 00:46:59","2026-02-17 18:35:38"
2539,491,2,"fail","2026-01-21 08:22:35","2026-02-13 08:11:53"
2540,3719,47,"success","2026-02-16 13:27:14","2026-02-19 06:00:04"
2541,1131,230,"fail","2026-02-16 07:13:02","2026-02-21 10:59:25"
2542,4015,321,"success","2026-01-03 22:22:23","2026-01-12 21:39:35"
2543,4816,93,"success","2026-01-10 22:28:14","2026-01-12 13:24:10"
2544,858,91,"success","2026-01-15 06:04:43","2026-02-19 23:26:13"
2545,3876,99,"fail","2026-02-21 14:22:40","2026-02-21 22:51:45"
2546,1491,449,"fail","2026-01-01 04:13:23","2026-02-04 10:16:28"
2547,5007,308,"fail","2026-01-28 05:05:29","2026-02-02 10:55:12"
2548,3666,263,"success","2026-02-17 03:43:37","2026-02-24 04:16:37"
2549,3787,240,"success","2026-02-01 23:10:44","2026-02-02 12:02:30"
2550,2250,350,"fail","2026-01-06 02:00:18","2026-02-05 03:36:12"
2551,5348,136,"fail","2026-01-21 09:36:40","2026-02-24 02:07:47"
2552,456,126,"fail","2026-01-12 05:01:44","2026-01-23 06:24:36"
2553,5621,210,"success","2026-02-17 12:06:22","2026-02-22 15:13:28"
2554,5204,313,"fail","2026-02-16 23:01:47","2026-02-22 23:15:12"
2555,1023,313,"success","2026-02-24 00:50:47","2026-02-24 08:49:41"
2556,5104,247,"success","2026-02-15 02:14:00","2026-02-16 21:43:43"
2557,261,68,"success","2026-02-04 20:17:53","2026-02-18 20:52:36"
2558,1276,292,"fail","2026-01-26 09:05:39","2026-02-06 05:07:21"
2559,5982,28,"success","2026-02-04 08:07:14","2026-02-11 09:16:29"
2560,5723,426,"success","2026-01-28 18:35:02","2026-02-05 20:20:23"
2561,1309,345,"success","2026-01-29 06:39:59","2026-02-19 16:20:23"
2562,2508,415,"success","2026-01-05 17:14:34","2026-02-22 14:23:07"
2563,618,494,"success","2026-01-20 07:52:14","2026-01-28 11:29:54"
2564,3311,448,"success","2026-01-09 11:41:48","2026-01-24 01:06:50"
2565,29,75,"success","2026-01-17 15:52:53","2026-01-18 23:46:09"
2566,3374,375,"fail","2026-02-20 08:19:04","2026-02-23 09:04:03"
2567,1855,59,"success","2026-01-23 22:22:02","2026-01-25 19:08:56"
2568,5186,114,"fail","2026-02-10 06:37:56","2026-02-18 19:27:26"
2569,2052,462,"fail","2026-01-15 20:36:55","2026-02-13 20:59:44"
2570,1276,270,"fail","2026-01-08 05:18:30","2026-01-19 03:00:04"
2571,5458,147,"success","2026-01-17 14:37:33","2026-02-18 15:48:47"
2572,2900,492,"fail","2026-01-03 12:05:03","2026-02-07 04:07:15"
2573,4601,69,"fail","2026-01-07 05:21:31","2026-02-06 19:32:23"
2574,2437,319,"fail","2026-02-04 14:30:55","2026-02-11 16:41:46"
2575,4619,334,"success","2026-01-25 05:19:13","2026-02-10 05:07:07"
2576,807,43,"fail","2026-01-29 14:06:10","2026-02-12 10:33:27"
2577,998,285,"success","2026-01-04 19:11:50","2026-01-31 04:53:01"
2578,1564,103,"fail","2026-02-06 08:11:02","2026-02-24 05:17:30"
2579,5341,288,"fail","2026-01-07 19:00:20","2026-02-18 07:33:51"
2580,1224,372,"fail","2026-01-21 06:56:56","2026-02-11 02:44:13"
2581,5890,461,"fail","2026-02-08 22:43:16","2026-02-20 08:31:49"
2582,3557,118,"success","2026-02-18 02:14:37","2026-02-21 10:08:36"
2583,1479,497,"success","2026-01-08 16:59:44","2026-01-26 04:44:22"
2584,930,396,"success","2026-01-11 01:45:09","2026-02-17 21:42:07"
2585,1084,347,"fail","2026-01-09 20:50:39","2026-01-25 21:10:52"
2586,2415,231,"fail","2026-01-25 10:00:08","2026-02-08 19:24:51"
2587,4091,324,"fail","2026-02-07 21:03:23","2026-02-10 09:29:44"
2588,4219,209,"fail","2026-01-23 04:31:44","2026-02-04 12:05:58"
2589,2988,481,"success","2026-02-05 20:27:39","2026-02-10 18:31:38"
2590,4619,139,"fail","2026-01-21 03:57:42","2026-02-07 16:19:14"
2591,4275,397,"fail","2026-02-18 18:59:53","2026-02-24 20:39:46"
2592,5070,271,"fail","2026-01-25 21:40:04","2026-02-19 17:34:26"
2593,2826,145,"success","2026-01-21 11:40:12","2026-02-14 01:27:59"
2594,3592,32,"success","2026-02-19 12:34:44","2026-02-25 09:13:38"
2595,656,228,"success","2026-01-28 16:30:05","2026-02-01 14:56:33"
2596,2488,326,"success","2026-02-12 05:17:15","2026-02-16 13:51:02"
2597,4726,196,"success","2026-02-21 10:15:58","2026-02-22 17:30:39"
2598,1429,159,"success","2026-02-06 21:31:30","2026-02-20 12:19:21"
2599,3249,226,"fail","2026-01-18 00:35:12","2026-02-04 20:30:53"
2600,2863,126,"success","2026-01-24 17:21:11","2026-01-28 23:44:03"
2601,3672,81,"success","2026-02-10 11:50:46","2026-02-23 00:58:00"
2602,5505,440,"fail","2026-01-14 18:30:38","2026-02-06 03:31:17"
2603,5126,122,"success","2026-01-15 19:31:50","2026-02-01 03:10:16"
2604,3670,55,"fail","2026-01-08 12:45:08","2026-01-11 03:08:22"
2605,2027,297,"success","2026-01-22 18:43:30","2026-01-28 23:26:23"
2606,2217,1,"success","2026-02-09 09:15:46","2026-02-10 06:29:09"
2607,774,186,"success","2026-02-19 05:43:42","2026-02-21 03:56:11"
2608,197,437,"fail","2026-02-15 09:33:22","2026-02-19 16:39:36"
2609,4844,390,"fail","2026-02-17 14:51:32","2026-02-20 10:57:51"
2610,1915,299,"success","2026-01-13 04:02:24","2026-02-25 06:04:11"
2611,5945,166,"fail","2026-02-04 20:52:18","2026-02-24 06:45:21"
2612,919,209,"success","2026-01-10 23:15:49","2026-01-31 19:53:55"
2613,1472,353,"fail","2026-01-26 21:03:36","2026-02-05 07:08:30"
2614,1530,460,"success","2026-01-28 12:32:50","2026-02-15 05:20:50"
2615,4388,137,"success","2026-01-17 18:31:41","2026-02-12 01:03:09"
2616,3246,445,"success","2026-02-12 02:54:45","2026-02-15 17:59:31"
2617,5402,454,"fail","2026-01-15 21:01:17","2026-01-21 06:54:01"
2618,452,218,"fail","2026-02-05 18:58:22","2026-02-08 00:14:58"
2619,4455,475,"fail","2026-01-07 08:40:04","2026-02-18 20:35:18"
2620,3134,155,"success","2026-01-10 11:20:14","2026-01-17 00:13:58"
2621,4073,184,"success","2026-02-19 04:00:24","2026-02-25 07:38:29"
2622,3758,453,"fail","2026-01-25 14:18:48","2026-02-15 19:59:31"
2623,1240,277,"success","2026-02-09 17:31:29","2026-02-20 14:21:49"
2624,2356,451,"fail","2026-01-10 21:58:39","2026-01-27 16:55:54"
2625,1921,128,"success","2026-01-10 00:32:53","2026-01-25 11:46:51"
2626,1002,351,"success","2026-01-16 09:56:48","2026-01-19 01:37:39"
2627,2801,364,"fail","2026-02-21 19:21:37","2026-02-25 06:10:21"
2628,3337,207,"success","2026-02-17 21:29:15","2026-02-25 02:40:42"
2629,5521,292,"success","2026-01-22 05:07:31","2026-01-22 20:55:19"
2630,709,215,"success","2026-02-23 15:58:25","2026-02-23 22:44:01"
2631,3035,484,"fail","2026-01-07 09:24:00","2026-01-25 06:30:22"
2632,2981,134,"success","2026-01-30 14:46:28","2026-01-31 17:09:24"
2633,1849,257,"fail","2026-01-02 06:23:26","2026-01-03 12:04:49"
2634,230,26,"success","2026-01-09 13:48:09","2026-01-17 19:27:18"
2635,4936,64,"fail","2026-01-12 17:13:08","2026-02-08 10:28:22"
2636,4211,341,"success","2026-01-09 12:30:05","2026-01-26 16:01:31"
2637,879,31,"fail","2026-01-04 01:37:02","2026-02-01 17:53:49"
2638,848,192,"fail","2026-02-24 18:25:23","2026-02-24 23:25:37"
2639,1639,449,"success","2026-02-08 08:49:55","2026-02-18 12:44:33"
2640,2979,170,"fail","2026-02-19 22:55:15","2026-02-22 20:36:25"
2641,2930,274,"fail","2026-01-21 21:52:13","2026-02-17 12:57:46"
2642,378,119,"success","2026-02-01 18:59:46","2026-02-02 05:17:00"
2643,4536,30,"fail","2026-01-12 15:21:19","2026-02-08 20:30:49"
2644,5048,151,"fail","2026-01-15 11:39:04","2026-01-27 10:36:53"
2645,732,91,"fail","2026-01-01 00:34:06","2026-02-01 18:36:03"
2646,928,484,"success","2026-02-13 16:33:44","2026-02-20 11:01:13"
2647,2595,153,"fail","2026-02-05 20:11:31","2026-02-19 11:12:50"
2648,3119,482,"fail","2026-01-10 16:47:43","2026-02-06 04:01:59"
2649,5403,253,"success","2026-02-13 11:42:58","2026-02-23 11:35:03"
2650,685,3,"fail","2026-01-19 20:03:12","2026-02-20 11:41:09"
2651,4391,145,"success","2026-02-05 06:32:38","2026-02-13 03:08:56"
2652,2719,401,"success","2026-02-19 21:53:55","2026-02-20 10:16:26"
2653,395,64,"fail","2026-02-17 09:27:37","2026-02-19 16:19:50"
2654,4902,144,"success","2026-01-18 19:12:20","2026-01-22 05:05:51"
2655,308,165,"success","2026-01-16 21:55:45","2026-02-24 08:08:34"
2656,5619,243,"fail","2026-01-02 11:23:30","2026-01-08 02:31:57"
2657,1991,379,"success","2026-02-07 05:18:14","2026-02-10 19:55:29"
2658,4958,297,"success","2026-01-23 13:45:24","2026-02-18 14:02:06"
2659,5967,161,"success","2026-01-11 21:44:05","2026-01-29 17:24:16"
2660,2348,259,"success","2026-01-22 06:51:59","2026-02-02 17:45:13"
2661,3130,402,"success","2026-02-03 01:35:07","2026-02-12 14:12:48"
2662,821,28,"fail","2026-01-16 19:18:38","2026-02-05 07:38:16"
2663,2151,100,"fail","2026-01-31 03:29:38","2026-02-01 23:27:41"
2664,2753,117,"success","2026-01-01 16:26:32","2026-02-20 08:40:20"
2665,2247,364,"success","2026-01-09 20:35:50","2026-02-20 04:15:24"
2666,4484,201,"success","2026-02-17 07:56:23","2026-02-18 11:52:20"
2667,3444,325,"success","2026-01-29 02:21:05","2026-02-20 14:20:43"
2668,3710,417,"success","2026-01-06 06:24:06","2026-02-02 00:19:47"
2669,3921,70,"success","2026-01-13 10:11:31","2026-02-09 17:34:39"
2670,766,368,"success","2026-01-10 18:30:24","2026-02-21 06:53:39"
2671,1780,491,"fail","2026-02-07 11:36:58","2026-02-20 06:35:55"
2672,3629,494,"success","2026-02-21 17:50:52","2026-02-22 06:54:55"
2673,5383,15,"success","2026-01-08 06:55:17","2026-02-16 12:28:38"
2674,1733,346,"success","2026-01-12 19:24:24","2026-02-08 11:04:54"
2675,4405,265,"fail","2026-01-20 00:46:27","2026-02-10 01:36:04"
2676,2413,157,"fail","2026-01-18 02:10:35","2026-02-25 04:02:33"
2677,774,421,"success","2026-01-13 06:41:52","2026-01-22 01:59:08"
2678,5522,84,"success","2026-01-23 05:59:05","2026-02-17 08:31:53"
2679,5804,364,"fail","2026-02-13 09:56:44","2026-02-22 07:08:25"
2680,5994,158,"fail","2026-01-10 20:43:58","2026-02-05 03:26:24"
2681,658,128,"success","2026-02-11 06:18:25","2026-02-21 15:17:15"
2682,2843,278,"fail","2026-01-30 04:28:46","2026-02-13 15:02:01"
2683,5242,307,"success","2026-01-06 11:34:42","2026-01-30 02:36:06"
2684,1455,264,"fail","2026-02-16 17:53:50","2026-02-23 17:25:58"
2685,3741,266,"success","2026-02-16 12:28:55","2026-02-17 20:26:09"
2686,1615,168,"success","2026-02-17 03:40:14","2026-02-19 15:01:51"
2687,3174,194,"success","2026-01-01 05:31:58","2026-01-04 12:43:43"
2688,4296,369,"success","2026-01-18 22:30:22","2026-02-18 19:31:34"
2689,979,427,"fail","2026-02-06 09:10:02","2026-02-12 09:25:46"
2690,4327,169,"fail","2026-01-23 03:36:18","2026-02-02 19:01:00"
2691,4990,199,"fail","2026-02-02 09:49:41","2026-02-22 22:09:22"
2692,863,73,"fail","2026-02-24 04:39:20","2026-02-24 12:35:08"
2693,2129,176,"success","2026-02-03 18:29:19","2026-02-21 18:41:20"
2694,2893,222,"fail","2026-01-08 05:44:14","2026-02-14 15:55:19"
2695,407,120,"fail","2026-02-22 04:56:07","2026-02-23 16:04:02"
2696,5322,204,"fail","2026-01-20 03:54:38","2026-01-20 10:52:47"
2697,3462,368,"success","2026-02-24 02:03:21","2026-02-25 06:30:14"
2698,5598,77,"success","2026-01-30 20:38:27","2026-02-07 22:52:14"
2699,5541,291,"success","2026-02-23 20:42:43","2026-02-24 21:15:32"
2700,5841,97,"success","2026-01-02 13:17:23","2026-02-20 03:14:58"
2701,4744,386,"success","2026-01-12 10:17:44","2026-02-02 20:20:56"
2702,5708,123,"success","2026-01-31 11:45:36","2026-02-10 17:50:52"
2703,5015,332,"success","2026-01-06 18:04:05","2026-01-21 02:56:09"
2704,3989,105,"fail","2026-01-29 13:03:43","2026-02-16 00:22:41"
2705,4198,27,"success","2026-01-29 23:36:33","2026-02-01 19:50:30"
2706,5101,187,"success","2026-02-11 05:43:41","2026-02-24 07:25:57"
2707,345,54,"fail","2026-01-20 19:28:49","2026-02-21 11:16:43"
2708,5876,307,"success","2026-02-04 22:35:13","2026-02-24 04:19:26"
2709,1068,200,"fail","2026-01-30 11:38:56","2026-02-24 23:26:23"
2710,4290,374,"success","2026-02-20 05:24:44","2026-02-21 15:23:45"
2711,5252,127,"fail","2026-01-02 02:19:36","2026-02-03 15:12:16"
2712,3388,275,"fail","2026-01-03 19:47:56","2026-01-20 04:03:35"
2713,4354,159,"success","2026-02-06 17:43:15","2026-02-19 07:14:06"
2714,2638,164,"fail","2026-01-28 10:02:25","2026-02-15 00:54:51"
2715,4091,345,"fail","2026-01-10 10:50:15","2026-01-20 09:12:13"
2716,1713,208,"fail","2026-02-14 05:22:04","2026-02-16 11:01:51"
2717,3986,223,"fail","2026-02-04 13:11:13","2026-02-16 00:42:25"
2718,1839,73,"fail","2026-01-18 07:45:06","2026-02-23 00:56:01"
2719,1613,99,"success","2026-01-08 12:59:49","2026-02-16 06:19:34"
2720,777,451,"fail","2026-01-13 12:45:52","2026-02-24 06:30:17"
2721,911,374,"success","2026-01-17 06:55:14","2026-01-22 00:38:23"
2722,2710,439,"fail","2026-01-20 01:51:03","2026-02-12 17:33:11"
2723,4825,396,"fail","2026-02-11 05:12:10","2026-02-14 04:24:38"
2724,1578,454,"success","2026-01-27 03:17:22","2026-01-28 16:14:48"
2725,2830,279,"fail","2026-02-23 17:17:20","2026-02-23 21:39:22"
2726,5894,359,"success","2026-01-30 19:57:49","2026-02-11 13:03:06"
2727,3170,290,"fail","2026-01-25 00:17:57","2026-01-25 10:04:31"
2728,877,36,"fail","2026-02-13 05:21:46","2026-02-14 06:09:14"
2729,5378,55,"fail","2026-01-04 21:19:21","2026-02-12 15:02:50"
2730,5763,446,"fail","2026-01-20 05:00:06","2026-02-13 10:56:00"
2731,4098,446,"fail","2026-01-06 17:43:28","2026-01-19 04:59:52"
2732,2430,475,"success","2026-02-21 22:12:13","2026-02-24 20:23:56"
2733,358,226,"fail","2026-01-05 05:51:23","2026-02-14 12:17:55"
2734,3290,119,"fail","2026-01-03 12:57:34","2026-01-19 13:46:21"
2735,785,101,"success","2026-02-05 05:00:46","2026-02-05 12:03:34"
2736,1452,55,"success","2026-01-04 06:19:57","2026-01-10 22:57:23"
2737,1942,141,"fail","2026-01-29 17:47:22","2026-02-21 05:10:01"
2738,5793,398,"success","2026-01-27 21:04:03","2026-01-31 05:56:28"
2739,2951,328,"fail","2026-01-22 05:29:33","2026-02-13 08:01:23"
2740,1826,158,"fail","2026-02-13 18:06:43","2026-02-18 22:22:18"
2741,5242,31,"fail","2026-02-20 04:58:49","2026-02-22 11:45:05"
2742,1597,488,"success","2026-02-05 02:27:39","2026-02-05 19:42:38"
2743,4788,339,"success","2026-01-15 09:39:55","2026-02-06 22:33:07"
2744,5749,148,"success","2026-02-07 15:12:56","2026-02-16 00:10:08"
2745,5575,324,"fail","2026-01-29 14:31:23","2026-02-01 10:39:05"
2746,4664,207,"success","2026-02-07 12:32:44","2026-02-20 14:11:27"
2747,1565,470,"success","2026-02-04 23:51:30","2026-02-18 17:26:37"
2748,1273,37,"fail","2026-02-23 05:53:33","2026-02-24 23:01:26"
2749,5864,390,"fail","2026-02-16 01:06:15","2026-02-21 00:23:24"
2750,1849,313,"success","2026-02-18 13:32:36","2026-02-22 19:43:56"
2751,3957,57,"success","2026-02-08 23:14:35","2026-02-12 03:19:06"
2752,3911,367,"success","2026-01-12 18:06:35","2026-01-25 19:33:48"
2753,1810,90,"success","2026-02-02 16:50:27","2026-02-22 13:44:24"
2754,1079,298,"success","2026-01-25 03:44:48","2026-02-10 02:41:54"
2755,1411,251,"fail","2026-02-24 23:22:31","2026-02-25 06:29:37"
2756,4407,238,"fail","2026-01-05 06:33:11","2026-01-10 22:02:42"
2757,3755,339,"success","2026-01-14 13:28:56","2026-02-24 14:01:04"
2758,4625,208,"fail","2026-02-06 00:45:16","2026-02-10 05:25:11"
2759,5482,258,"success","2026-02-01 09:48:24","2026-02-19 07:43:59"
2760,2997,475,"fail","2026-02-04 04:30:35","2026-02-20 01:19:08"
2761,2835,387,"success","2026-02-04 03:56:41","2026-02-20 22:42:45"
2762,1222,79,"success","2026-01-16 19:47:52","2026-02-15 05:16:14"
2763,2379,490,"success","2026-01-03 01:46:07","2026-01-29 08:30:02"
2764,3436,357,"fail","2026-01-12 01:28:27","2026-01-14 18:11:25"
2765,4069,65,"fail","2026-02-07 13:15:33","2026-02-21 21:07:50"
2766,5755,73,"success","2026-02-01 09:09:45","2026-02-07 02:45:08"
2767,870,301,"fail","2026-01-09 21:01:36","2026-01-14 06:39:47"
2768,4523,350,"success","2026-02-14 01:10:02","2026-02-17 14:03:39"
2769,1865,368,"success","2026-01-10 07:25:16","2026-01-23 13:38:18"
2770,556,438,"success","2026-01-13 01:44:24","2026-02-24 16:57:26"
2771,4043,4,"fail","2026-02-05 02:08:20","2026-02-06 22:07:33"
2772,2708,123,"fail","2026-01-30 01:31:21","2026-02-18 07:41:04"
2773,4704,451,"fail","2026-01-10 22:18:08","2026-02-07 15:00:10"
2774,588,62,"success","2026-01-13 08:49:11","2026-01-28 21:11:55"
2775,590,297,"fail","2026-01-18 23:21:04","2026-02-09 01:33:10"
2776,5429,482,"fail","2026-02-14 19:03:23","2026-02-20 02:07:07"
2777,564,422,"success","2026-02-22 14:31:13","2026-02-25 08:19:15"
2778,4613,399,"fail","2026-01-31 05:25:42","2026-02-21 07:17:41"
2779,584,217,"fail","2026-01-13 19:44:22","2026-02-06 12:17:53"
2780,2718,451,"success","2026-01-07 18:24:37","2026-02-04 01:42:57"
2781,3598,186,"success","2026-02-03 19:38:16","2026-02-08 06:41:59"
2782,3013,358,"fail","2026-01-24 16:14:40","2026-02-16 01:19:23"
2783,821,463,"fail","2026-01-25 15:30:31","2026-02-05 01:50:48"
2784,1601,119,"fail","2026-01-11 21:05:39","2026-01-28 05:07:03"
2785,2069,309,"fail","2026-01-17 15:16:29","2026-02-23 04:50:07"
2786,3645,300,"fail","2026-01-25 00:58:35","2026-02-17 04:26:54"
2787,4190,330,"success","2026-01-28 19:09:04","2026-02-14 09:09:58"
2788,1509,87,"fail","2026-01-25 01:56:52","2026-02-19 07:27:21"
2789,3188,425,"fail","2026-02-20 21:22:07","2026-02-20 23:09:43"
2790,1149,342,"fail","2026-02-13 18:18:01","2026-02-15 00:34:03"
2791,5312,406,"fail","2026-01-18 13:11:56","2026-02-02 04:34:42"
2792,3655,417,"success","2026-01-23 19:14:18","2026-01-27 20:52:28"
2793,3053,103,"fail","2026-01-01 20:21:18","2026-02-14 09:04:18"
2794,362,55,"success","2026-02-23 01:41:33","2026-02-24 17:47:56"
2795,1503,389,"success","2026-02-24 20:10:06","2026-02-25 11:06:28"
2796,5590,385,"fail","2026-01-27 00:31:55","2026-02-20 00:00:14"
2797,3364,234,"fail","2026-02-01 08:29:37","2026-02-19 21:00:12"
2798,1192,127,"fail","2026-01-28 12:05:09","2026-02-14 00:38:40"
2799,2300,118,"fail","2026-01-14 07:10:47","2026-02-17 10:58:50"
2800,2530,372,"fail","2026-01-30 07:31:04","2026-02-14 15:34:30"
2801,3968,149,"success","2026-02-21 21:15:42","2026-02-25 00:12:06"
2802,4769,107,"fail","2026-01-04 21:19:59","2026-01-15 00:04:12"
2803,2278,418,"success","2026-01-18 10:05:52","2026-02-07 19:31:45"
2804,4890,400,"fail","2026-01-22 07:31:50","2026-02-01 07:42:06"
2805,1032,256,"fail","2026-02-19 07:18:05","2026-02-25 02:41:19"
2806,3484,252,"fail","2026-01-07 17:35:04","2026-02-02 16:00:43"
2807,4380,307,"fail","2026-02-14 18:29:14","2026-02-18 23:33:06"
2808,1553,167,"fail","2026-02-20 00:14:54","2026-02-24 12:00:33"
2809,5612,334,"fail","2026-02-01 11:54:07","2026-02-07 10:39:52"
2810,2853,484,"fail","2026-02-21 06:55:32","2026-02-22 07:55:28"
2811,4516,248,"fail","2026-02-22 23:35:06","2026-02-24 05:44:32"
2812,3826,248,"fail","2026-01-06 22:26:20","2026-02-23 18:54:39"
2813,3302,402,"fail","2026-01-18 15:31:12","2026-02-19 17:27:08"
2814,5306,237,"fail","2026-01-18 13:47:53","2026-02-20 03:03:31"
2815,1133,316,"success","2026-01-22 21:30:27","2026-02-04 13:34:44"
2816,2601,200,"success","2026-01-03 03:59:32","2026-01-17 11:15:56"
2817,2862,299,"success","2026-02-16 15:41:08","2026-02-18 14:09:46"
2818,4208,237,"success","2026-01-08 00:20:23","2026-02-02 18:28:29"
2819,4390,354,"fail","2026-02-22 08:57:42","2026-02-24 22:53:39"
2820,279,150,"success","2026-02-07 02:05:57","2026-02-11 10:12:39"
2821,4562,406,"success","2026-01-15 03:09:13","2026-02-20 07:33:56"
2822,2181,145,"fail","2026-02-24 23:05:56","2026-02-25 07:52:22"
2823,1982,344,"success","2026-01-28 23:47:40","2026-02-21 00:00:41"
2824,3535,186,"success","2026-01-16 00:53:33","2026-02-16 07:25:50"
2825,4696,261,"success","2026-01-07 00:37:50","2026-02-11 12:58:05"
2826,2977,220,"fail","2026-02-01 00:02:33","2026-02-22 09:04:01"
2827,339,279,"fail","2026-02-21 09:42:14","2026-02-24 01:08:37"
2828,4071,236,"success","2026-02-11 17:36:32","2026-02-12 16:07:28"
2829,3848,215,"success","2026-01-21 00:53:47","2026-02-11 10:39:15"
2830,5740,33,"fail","2026-01-16 09:52:04","2026-02-21 17:44:46"
2831,4294,333,"success","2026-02-23 11:08:49","2026-02-25 05:37:28"
2832,3721,137,"success","2026-02-25 03:55:45","2026-02-25 11:22:50"
2833,2538,257,"success","2026-02-03 14:58:22","2026-02-22 02:46:37"
2834,1775,306,"success","2026-01-05 16:59:53","2026-02-21 16:33:01"
2835,3734,160,"fail","2026-02-07 19:36:24","2026-02-24 11:18:19"
2836,4639,312,"fail","2026-02-11 16:35:22","2026-02-14 00:42:45"
2837,404,131,"success","2026-01-15 17:41:32","2026-02-14 17:10:39"
2838,2452,21,"fail","2026-02-13 02:57:45","2026-02-13 10:19:39"
2839,4737,283,"success","2026-02-20 12:59:45","2026-02-24 18:36:51"
2840,3681,425,"fail","2026-02-22 09:38:18","2026-02-23 20:24:37"
2841,2758,136,"success","2026-01-12 09:54:51","2026-01-31 00:13:03"
2842,3415,300,"success","2026-01-15 13:56:28","2026-02-03 22:01:40"
2843,4173,235,"fail","2026-01-07 11:01:15","2026-02-12 20:14:17"
2844,2540,417,"fail","2026-01-12 17:35:07","2026-01-29 12:43:25"
2845,1228,305,"fail","2026-01-07 10:57:28","2026-01-24 19:32:46"
2846,1602,124,"success","2026-01-30 03:02:48","2026-02-14 13:44:49"
2847,3150,195,"success","2026-01-30 19:48:28","2026-02-14 01:55:23"
2848,769,330,"fail","2026-01-23 02:26:54","2026-02-10 06:10:05"
2849,3600,128,"success","2026-01-30 01:50:07","2026-02-08 22:38:17"
2850,3857,101,"fail","2026-02-24 11:32:15","2026-02-25 00:08:42"
2851,2990,484,"fail","2026-01-04 19:35:02","2026-02-18 17:07:50"
2852,573,485,"fail","2026-02-22 06:24:59","2026-02-24 20:31:43"
2853,518,58,"fail","2026-01-02 23:17:01","2026-02-22 22:02:43"
2854,703,246,"success","2026-01-20 23:43:37","2026-02-09 12:23:36"
2855,3001,301,"fail","2026-01-13 04:44:29","2026-01-22 18:10:00"
2856,2381,467,"fail","2026-02-19 16:39:15","2026-02-21 15:38:58"
2857,3534,440,"success","2026-01-22 01:14:01","2026-01-24 12:59:00"
2858,1236,258,"fail","2026-02-12 18:44:45","2026-02-13 23:01:09"
2859,4392,7,"success","2026-01-26 12:09:51","2026-02-17 06:25:29"
2860,4985,187,"fail","2026-01-22 14:07:14","2026-02-25 09:17:01"
2861,5812,447,"success","2026-02-17 08:04:35","2026-02-23 08:09:45"
2862,3416,106,"success","2026-02-06 06:05:48","2026-02-17 23:26:23"
2863,697,427,"fail","2026-02-16 16:06:45","2026-02-20 03:36:11"
2864,93,282,"fail","2026-01-05 01:07:37","2026-01-19 19:45:11"
2865,2869,157,"success","2026-01-24 09:11:54","2026-01-27 05:46:32"
2866,165,41,"fail","2026-01-08 05:21:06","2026-01-29 08:09:43"
2867,675,407,"fail","2026-01-19 22:23:44","2026-02-20 22:49:22"
2868,1139,13,"success","2026-02-03 23:05:13","2026-02-12 04:30:57"
2869,192,159,"fail","2026-01-09 03:31:49","2026-02-20 07:11:25"
2870,5352,155,"success","2026-02-15 04:05:37","2026-02-23 17:53:48"
2871,3097,376,"success","2026-02-14 05:35:50","2026-02-19 18:23:36"
2872,3291,430,"fail","2026-01-16 15:53:04","2026-02-06 01:28:53"
2873,3018,247,"success","2026-01-20 18:56:20","2026-02-09 15:26:24"
2874,5032,220,"fail","2026-01-06 08:34:56","2026-02-03 21:56:25"
2875,2896,47,"success","2026-02-17 16:53:07","2026-02-20 13:43:01"
2876,4537,342,"success","2026-01-28 16:50:13","2026-02-25 01:31:58"
2877,511,157,"fail","2026-01-23 02:59:47","2026-01-24 04:14:40"
2878,809,7,"fail","2026-01-10 13:42:52","2026-02-16 10:53:51"
2879,1147,142,"fail","2026-01-25 09:00:10","2026-02-06 06:18:04"
2880,1008,344,"fail","2026-01-18 23:15:50","2026-02-17 22:06:13"
2881,3839,189,"fail","2026-02-19 13:16:07","2026-02-24 13:04:34"
2882,437,478,"fail","2026-02-15 14:00:44","2026-02-17 15:32:14"
2883,3880,353,"fail","2026-02-14 19:30:09","2026-02-20 10:29:40"
2884,5309,107,"success","2026-02-14 23:17:13","2026-02-24 15:49:52"
2885,3623,140,"success","2026-01-13 02:07:20","2026-02-15 17:16:10"
2886,2452,302,"fail","2026-02-09 18:30:07","2026-02-13 07:00:40"
2887,1629,25,"success","2026-02-02 01:57:25","2026-02-05 19:47:07"
2888,4041,408,"fail","2026-02-02 12:25:44","2026-02-07 22:29:38"
2889,3374,92,"fail","2026-01-05 05:25:19","2026-02-06 12:15:18"
2890,2973,382,"success","2026-01-21 08:01:42","2026-02-06 15:42:09"
2891,1401,491,"fail","2026-02-18 02:08:35","2026-02-21 13:42:43"
2892,2083,295,"fail","2026-02-06 07:50:26","2026-02-14 10:06:04"
2893,3803,413,"fail","2026-02-22 06:13:25","2026-02-24 23:37:43"
2894,5936,170,"fail","2026-02-23 05:12:16","2026-02-23 13:43:08"
2895,57,399,"fail","2026-02-03 22:32:19","2026-02-17 07:31:19"
2896,1274,82,"success","2026-01-19 16:42:13","2026-02-23 07:06:03"
2897,1394,392,"fail","2026-01-10 20:23:32","2026-01-12 09:06:22"
2898,2684,24,"success","2026-01-04 23:36:24","2026-01-12 08:29:05"
2899,4883,425,"fail","2026-02-10 13:00:07","2026-02-22 13:12:47"
2900,4397,179,"fail","2026-02-23 07:05:09","2026-02-24 16:17:40"
2901,4372,58,"fail","2026-01-30 02:11:04","2026-02-22 16:31:39"
2902,4268,378,"success","2026-02-22 16:29:02","2026-02-23 11:40:59"
2903,5418,390,"success","2026-02-03 08:30:31","2026-02-07 10:49:16"
2904,1754,285,"success","2026-01-07 09:43:43","2026-02-25 07:45:43"
2905,2225,267,"fail","2026-01-19 06:09:48","2026-01-28 00:24:54"
2906,3885,1,"success","2026-01-08 01:55:07","2026-01-27 22:44:15"
2907,4268,255,"success","2026-01-20 13:45:14","2026-01-26 07:16:48"
2908,698,365,"success","2026-02-14 20:31:08","2026-02-25 07:55:37"
2909,2233,237,"success","2026-01-27 21:41:38","2026-01-31 21:59:09"
2910,4001,279,"success","2026-01-09 08:41:07","2026-02-17 13:09:23"
2911,4725,392,"fail","2026-01-21 02:34:38","2026-02-11 17:52:24"
2912,3234,380,"fail","2026-01-19 21:56:18","2026-02-15 17:53:53"
2913,2386,318,"fail","2026-02-24 11:33:03","2026-02-24 16:53:08"
2914,901,321,"success","2026-01-07 08:36:44","2026-01-31 03:28:26"
2915,3165,260,"fail","2026-02-13 00:40:57","2026-02-18 05:06:52"
2916,1354,269,"fail","2026-01-12 09:23:00","2026-01-16 16:18:07"
2917,5542,133,"fail","2026-01-28 06:03:37","2026-02-24 08:22:29"
2918,1846,474,"fail","2026-02-12 13:29:59","2026-02-12 16:10:06"
2919,4977,456,"success","2026-02-22 16:58:20","2026-02-22 23:16:50"
2920,1267,222,"success","2026-01-12 12:54:20","2026-02-24 15:18:55"
2921,5558,161,"success","2026-01-22 01:13:15","2026-02-15 01:12:33"
2922,372,71,"success","2026-02-05 20:18:15","2026-02-19 15:57:20"
2923,1402,481,"success","2026-02-24 10:33:09","2026-02-24 15:59:48"
2924,3187,252,"success","2026-01-04 16:42:08","2026-01-31 17:20:03"
2925,153,112,"fail","2026-01-04 23:55:22","2026-02-12 16:15:18"
2926,1694,363,"success","2026-01-03 01:20:45","2026-01-14 05:29:07"
2927,5548,330,"fail","2026-01-12 07:40:24","2026-02-14 23:22:03"
2928,5894,216,"fail","2026-02-08 02:06:39","2026-02-25 08:26:46"
2929,2475,123,"fail","2026-02-01 19:07:39","2026-02-01 20:50:02"
2930,4889,440,"fail","2026-02-16 10:50:51","2026-02-23 15:53:42"
2931,2103,489,"success","2026-01-06 18:39:14","2026-01-07 10:25:43"
2932,2413,173,"fail","2026-02-01 13:35:17","2026-02-18 03:54:42"
2933,1313,54,"success","2026-02-12 15:18:24","2026-02-22 15:59:24"
2934,5709,196,"success","2026-01-26 19:21:51","2026-02-02 21:20:03"
2935,1315,75,"fail","2026-01-04 01:12:01","2026-02-21 23:58:58"
2936,5937,203,"success","2026-01-01 13:14:43","2026-01-19 14:35:42"
2937,359,224,"success","2026-02-24 13:56:18","2026-02-25 04:05:32"
2938,3981,191,"success","2026-02-18 12:38:09","2026-02-24 13:38:27"
2939,4198,61,"success","2026-01-08 13:15:23","2026-02-24 18:00:18"
2940,3667,104,"success","2026-02-12 06:29:58","2026-02-14 16:22:58"
2941,2032,195,"fail","2026-01-30 17:35:56","2026-02-04 18:21:37"
2942,802,227,"fail","2026-02-20 23:39:04","2026-02-24 12:13:41"
2943,4710,387,"success","2026-02-11 04:57:21","2026-02-24 16:29:43"
2944,918,352,"success","2026-01-09 06:08:05","2026-02-20 23:51:57"
2945,1364,78,"fail","2026-01-16 07:41:31","2026-02-04 09:36:36"
2946,3193,56,"success","2026-01-15 08:49:55","2026-01-30 18:53:47"
2947,3376,289,"success","2026-01-14 08:28:51","2026-01-20 21:27:39"
2948,3460,45,"success","2026-02-09 20:12:09","2026-02-16 07:46:57"
2949,3721,283,"success","2026-02-12 22:11:32","2026-02-25 08:35:42"
2950,2868,308,"fail","2026-01-18 01:08:37","2026-01-23 01:45:50"
2951,1922,5,"success","2026-02-20 23:47:49","2026-02-24 05:36:56"
2952,4865,113,"fail","2026-01-12 06:12:41","2026-01-27 14:04:13"
2953,2352,471,"success","2026-01-10 13:04:38","2026-02-17 06:11:27"
2954,309,20,"fail","2026-02-16 00:10:36","2026-02-16 11:53:19"
2955,1764,194,"fail","2026-01-28 23:39:02","2026-02-02 21:27:31"
2956,5770,436,"success","2026-01-16 16:01:52","2026-02-02 09:31:26"
2957,4146,328,"success","2026-01-22 13:23:57","2026-01-23 17:07:43"
2958,1580,164,"success","2026-02-03 18:00:03","2026-02-08 23:15:22"
2959,3308,441,"fail","2026-01-02 01:58:15","2026-02-14 01:43:02"
2960,184,120,"success","2026-01-16 19:05:50","2026-02-01 05:42:17"
2961,966,330,"fail","2026-02-21 20:29:52","2026-02-23 07:34:04"
2962,4353,192,"success","2026-01-02 07:06:43","2026-01-16 16:58:29"
2963,2953,479,"fail","2026-02-08 11:45:52","2026-02-12 07:09:27"
2964,2525,130,"success","2026-01-08 06:48:02","2026-02-23 15:59:02"
2965,1393,83,"success","2026-01-05 17:24:41","2026-01-29 03:38:46"
2966,629,10,"fail","2026-01-30 11:07:51","2026-02-03 09:26:05"
2967,5442,367,"fail","2026-01-10 14:02:32","2026-02-16 10:33:38"
2968,3802,170,"success","2026-01-24 11:43:44","2026-02-19 00:04:06"
2969,4008,324,"success","2026-02-03 14:33:35","2026-02-20 10:03:15"
2970,3844,223,"success","2026-01-10 22:33:13","2026-01-17 22:44:51"
2971,4759,262,"success","2026-01-12 15:00:54","2026-02-03 14:03:18"
2972,5161,57,"fail","2026-01-06 08:58:58","2026-01-09 11:47:14"
2973,3418,123,"success","2026-02-14 03:45:15","2026-02-15 15:33:53"
2974,87,115,"success","2026-01-22 07:09:00","2026-02-07 22:35:54"
2975,5071,405,"fail","2026-02-08 03:17:00","2026-02-13 06:14:19"
2976,1743,192,"success","2026-01-03 17:53:18","2026-01-21 19:44:44"
2977,5780,307,"success","2026-02-23 22:04:13","2026-02-25 11:50:17"
2978,4749,399,"success","2026-02-08 09:05:19","2026-02-11 01:31:04"
2979,5604,469,"fail","2026-01-26 22:43:45","2026-02-08 12:46:13"
2980,1116,243,"success","2026-01-08 11:29:42","2026-02-17 07:55:10"
2981,948,297,"fail","2026-01-26 03:28:39","2026-02-19 12:41:26"
2982,2214,126,"success","2026-02-20 02:10:41","2026-02-22 19:32:00"
2983,5711,274,"success","2026-01-24 13:01:45","2026-02-08 14:39:48"
2984,1522,379,"success","2026-02-25 08:45:20","2026-02-25 10:42:12"
2985,643,307,"success","2026-02-14 11:56:10","2026-02-17 07:25:46"
2986,160,383,"fail","2026-01-03 15:22:07","2026-02-06 13:54:27"
2987,1079,340,"fail","2026-01-23 14:34:39","2026-01-29 08:30:46"
2988,5648,450,"success","2026-02-18 13:39:39","2026-02-18 18:57:57"
2989,215,271,"success","2026-01-03 12:55:14","2026-01-20 12:53:29"
2990,2695,336,"success","2026-01-05 11:04:36","2026-02-09 15:14:20"
2991,4001,79,"fail","2026-02-03 04:05:42","2026-02-17 13:59:00"
2992,1733,129,"fail","2026-01-01 18:24:02","2026-02-24 06:27:02"
2993,5181,446,"success","2026-02-08 11:54:45","2026-02-12 08:04:33"
2994,1777,428,"success","2026-02-02 06:57:17","2026-02-07 03:35:02"
2995,3462,245,"success","2026-02-08 19:43:12","2026-02-16 23:24:16"
2996,2666,48,"success","2026-02-02 14:29:16","2026-02-06 07:05:35"
2997,2225,10,"fail","2026-02-19 12:28:16","2026-02-19 21:13:04"
2998,3087,114,"fail","2026-02-15 03:01:18","2026-02-19 00:16:07"
2999,4761,227,"fail","2026-01-13 08:16:59","2026-02-15 17:03:37"
3000,1969,227,"fail","2026-01-31 00:12:40","2026-02-09 00:39:40"
3001,1067,446,"fail","2026-01-14 11:39:17","2026-02-07 04:29:14"
3002,5360,305,"fail","2026-01-26 17:48:53","2026-02-18 16:52:37"
3003,2183,390,"fail","2026-01-15 15:47:29","2026-01-19 18:28:18"
3004,4296,40,"success","2026-01-31 14:01:53","2026-02-09 20:18:03"
3005,911,118,"success","2026-01-20 12:23:48","2026-02-08 16:31:40"
3006,1376,254,"fail","2026-02-24 20:59:24","2026-02-25 06:07:39"
3007,2252,456,"success","2026-02-17 15:44:33","2026-02-18 03:23:46"
3008,2221,216,"fail","2026-01-25 12:28:34","2026-02-12 18:52:15"
3009,1835,112,"success","2026-02-18 14:12:42","2026-02-22 23:23:30"
3010,166,482,"success","2026-01-22 09:14:09","2026-01-31 04:04:43"
3011,4163,247,"success","2026-02-22 13:46:01","2026-02-22 22:32:32"
3012,5143,253,"fail","2026-02-20 22:55:30","2026-02-24 12:57:34"
3013,5211,443,"success","2026-01-13 16:12:25","2026-02-02 07:36:07"
3014,1311,229,"success","2026-02-24 15:31:38","2026-02-25 11:32:01"
3015,4003,480,"fail","2026-01-01 01:12:18","2026-01-20 16:20:35"
3016,3629,94,"success","2026-01-14 18:38:42","2026-01-30 17:23:17"
3017,3632,359,"success","2026-01-28 11:18:42","2026-02-06 16:31:07"
3018,136,486,"fail","2026-02-04 21:53:37","2026-02-16 10:15:16"
3019,3835,480,"success","2026-01-24 15:55:32","2026-02-11 20:33:54"
3020,2275,448,"fail","2026-01-05 01:37:35","2026-02-02 14:59:52"
3021,5303,157,"fail","2026-01-30 06:26:50","2026-02-14 00:17:05"
3022,5693,89,"success","2026-01-09 04:53:30","2026-01-09 05:03:12"
3023,2580,367,"fail","2026-02-03 09:53:52","2026-02-07 22:55:39"
3024,1440,298,"fail","2026-02-14 06:09:48","2026-02-21 12:33:28"
3025,4699,60,"fail","2026-01-07 22:17:41","2026-01-20 10:35:03"
3026,3279,435,"fail","2026-02-07 06:12:39","2026-02-17 22:33:23"
3027,70,284,"fail","2026-01-01 18:42:02","2026-01-15 04:10:19"
3028,3932,288,"success","2026-02-08 23:00:08","2026-02-11 19:02:55"
3029,1924,139,"fail","2026-02-25 05:46:14","2026-02-25 05:59:42"
3030,5103,185,"fail","2026-02-22 22:50:54","2026-02-24 22:09:58"
3031,4412,490,"fail","2026-01-29 02:40:53","2026-02-16 12:15:54"
3032,5442,442,"success","2026-01-18 22:53:04","2026-02-12 07:50:31"
3033,5906,189,"success","2026-02-17 11:42:43","2026-02-18 21:37:12"
3034,2599,320,"fail","2026-02-17 09:43:50","2026-02-24 00:42:57"
3035,5534,96,"success","2026-01-24 05:55:49","2026-02-08 15:35:10"
3036,4157,241,"success","2026-01-24 22:21:07","2026-02-09 14:06:12"
3037,4068,84,"fail","2026-02-23 12:13:14","2026-02-23 15:52:33"
3038,2333,90,"success","2026-02-07 19:46:42","2026-02-23 19:04:47"
3039,1514,291,"fail","2026-01-17 02:27:23","2026-02-18 05:13:55"
3040,5807,320,"fail","2026-02-11 11:29:35","2026-02-11 23:36:07"
3041,1471,244,"fail","2026-01-13 16:09:23","2026-01-18 17:39:13"
3042,2915,444,"fail","2026-01-01 05:46:22","2026-01-07 20:17:59"
3043,4069,410,"fail","2026-01-28 01:16:37","2026-02-07 05:30:52"
3044,1081,45,"fail","2026-01-04 10:06:15","2026-01-25 02:51:40"
3045,4648,220,"success","2026-01-09 23:44:23","2026-01-13 00:39:30"
3046,2036,90,"fail","2026-02-03 04:42:56","2026-02-15 19:21:58"
3047,1804,6,"success","2026-02-01 05:21:49","2026-02-12 21:47:57"
3048,5529,414,"fail","2026-01-21 20:40:59","2026-01-23 21:04:21"
3049,183,239,"fail","2026-02-19 02:05:38","2026-02-20 11:04:04"
3050,4089,125,"success","2026-01-08 21:37:27","2026-01-17 23:41:45"
3051,2911,160,"fail","2026-02-01 05:39:55","2026-02-20 14:35:34"
3052,3550,150,"fail","2026-02-08 04:42:43","2026-02-16 02:31:31"
3053,4306,79,"success","2026-02-23 03:51:38","2026-02-24 00:14:44"
3054,4041,21,"fail","2026-01-02 12:31:08","2026-02-01 06:14:39"
3055,4067,70,"fail","2026-02-01 14:19:53","2026-02-13 15:44:58"
3056,5180,140,"fail","2026-01-16 15:47:56","2026-02-01 22:58:35"
3057,1839,299,"fail","2026-01-30 06:30:44","2026-02-17 18:34:14"
3058,3176,174,"success","2026-02-06 08:54:18","2026-02-17 04:52:47"
3059,4862,320,"success","2026-02-22 13:09:10","2026-02-24 11:56:10"
3060,1938,76,"success","2026-01-01 13:00:45","2026-02-22 16:05:22"
3061,3215,465,"fail","2026-01-16 18:46:04","2026-01-20 00:59:29"
3062,4681,245,"fail","2026-01-10 07:16:28","2026-01-22 10:28:51"
3063,1605,146,"success","2026-02-12 03:13:48","2026-02-14 20:38:09"
3064,1184,51,"success","2026-02-16 15:01:06","2026-02-23 17:43:15"
3065,545,439,"success","2026-01-12 13:24:04","2026-02-13 05:19:35"
3066,3110,136,"fail","2026-01-15 16:00:30","2026-01-31 11:52:28"
3067,427,375,"fail","2026-02-16 14:58:24","2026-02-22 02:48:28"
3068,167,277,"success","2026-02-14 15:49:50","2026-02-24 07:51:25"
3069,5805,328,"success","2026-01-31 16:59:14","2026-02-24 10:27:21"
3070,4904,271,"fail","2026-01-03 07:15:59","2026-01-22 11:53:47"
3071,5753,244,"success","2026-02-22 11:18:12","2026-02-22 14:18:21"
3072,4179,120,"fail","2026-01-23 15:39:52","2026-01-29 13:31:50"
3073,5684,49,"fail","2026-02-19 20:09:05","2026-02-24 23:29:23"
3074,195,454,"success","2026-01-19 21:05:37","2026-02-09 13:56:49"
3075,3859,465,"success","2026-01-05 21:04:57","2026-02-08 16:06:41"
3076,4508,48,"success","2026-02-10 18:01:25","2026-02-13 10:38:30"
3077,1211,409,"fail","2026-01-19 21:42:35","2026-01-21 23:20:08"
3078,1334,314,"fail","2026-02-02 19:52:22","2026-02-22 10:04:22"
3079,4576,194,"success","2026-02-18 22:18:55","2026-02-19 17:33:54"
3080,4825,478,"success","2026-01-26 14:32:01","2026-02-17 04:12:22"
3081,3471,82,"fail","2026-01-22 11:03:59","2026-02-15 15:53:10"
3082,5655,175,"fail","2026-02-11 19:55:38","2026-02-18 13:15:11"
3083,2161,191,"fail","2026-01-06 17:21:45","2026-02-05 20:46:57"
3084,2814,102,"success","2026-02-07 11:25:15","2026-02-16 05:47:59"
3085,1713,395,"success","2026-01-11 17:58:29","2026-01-30 14:19:01"
3086,4109,497,"success","2026-02-11 04:34:28","2026-02-18 22:24:32"
3087,2084,284,"success","2026-02-25 00:57:21","2026-02-25 08:47:29"
3088,746,463,"fail","2026-01-23 22:45:27","2026-01-31 15:13:43"
3089,2239,278,"success","2026-02-14 04:25:02","2026-02-21 09:17:30"
3090,2205,62,"fail","2026-02-19 14:13:43","2026-02-19 14:36:13"
3091,967,492,"fail","2026-02-20 19:13:56","2026-02-22 22:28:49"
3092,1420,343,"success","2026-02-06 06:46:54","2026-02-20 20:38:18"
3093,3234,346,"fail","2026-02-04 01:58:58","2026-02-04 03:15:29"
3094,2118,216,"success","2026-01-17 08:28:51","2026-01-20 04:53:41"
3095,462,23,"fail","2026-02-10 01:22:23","2026-02-17 15:44:05"
3096,3872,464,"success","2026-01-10 12:53:29","2026-01-14 07:51:34"
3097,5954,226,"fail","2026-01-21 19:26:58","2026-01-25 09:21:31"
3098,1330,324,"fail","2026-01-07 11:12:03","2026-01-15 00:03:38"
3099,4099,304,"fail","2026-01-30 19:48:05","2026-02-02 02:06:29"
3100,1079,348,"success","2026-02-13 12:06:29","2026-02-18 04:05:55"
3101,2526,64,"success","2026-02-01 14:19:09","2026-02-20 11:04:20"
3102,3207,46,"fail","2026-02-16 11:17:45","2026-02-23 21:35:32"
3103,2203,178,"success","2026-02-12 07:22:30","2026-02-23 16:07:58"
3104,441,68,"success","2026-02-19 15:03:24","2026-02-20 01:59:45"
3105,4462,403,"success","2026-01-08 00:06:56","2026-01-15 14:00:48"
3106,3080,78,"fail","2026-01-03 19:20:08","2026-01-13 01:31:47"
3107,4391,244,"fail","2026-02-21 23:29:01","2026-02-24 14:41:46"
3108,5109,270,"fail","2026-02-06 13:46:21","2026-02-08 12:09:07"
3109,5518,399,"success","2026-02-21 18:18:53","2026-02-24 22:42:56"
3110,3499,357,"success","2026-01-31 19:20:31","2026-02-06 21:49:56"
3111,177,259,"success","2026-01-17 05:47:27","2026-01-27 18:25:32"
3112,1529,15,"success","2026-01-29 02:02:41","2026-02-19 08:51:42"
3113,1397,76,"fail","2026-02-14 03:42:13","2026-02-17 14:49:35"
3114,1353,483,"success","2026-02-12 06:25:02","2026-02-25 01:07:36"
3115,938,81,"fail","2026-01-26 22:12:51","2026-02-14 10:50:27"
3116,2006,172,"fail","2026-01-01 00:20:22","2026-01-29 02:34:02"
3117,5022,204,"success","2026-01-03 22:52:41","2026-01-29 21:27:19"
3118,4497,375,"success","2026-02-22 17:23:07","2026-02-23 07:10:21"
3119,426,44,"fail","2026-01-18 14:59:40","2026-02-22 07:01:42"
3120,152,148,"success","2026-01-23 01:25:14","2026-02-13 06:02:44"
3121,2184,325,"fail","2026-01-30 14:46:02","2026-02-13 11:00:34"
3122,4604,143,"success","2026-02-24 13:26:06","2026-02-25 00:29:15"
3123,1039,383,"fail","2026-01-30 21:08:48","2026-02-07 01:27:53"
3124,3029,187,"success","2026-02-19 05:16:04","2026-02-21 11:19:17"
3125,4713,255,"fail","2026-02-24 17:56:20","2026-02-24 20:41:21"
3126,5893,404,"success","2026-01-21 18:32:18","2026-02-23 04:26:23"
3127,1241,257,"fail","2026-02-03 08:34:23","2026-02-15 16:07:00"
3128,2003,257,"fail","2026-01-11 22:13:50","2026-01-20 04:47:41"
3129,3649,108,"fail","2026-02-15 12:41:35","2026-02-17 18:38:38"
3130,5162,465,"success","2026-01-16 00:19:46","2026-02-24 00:17:22"
3131,2422,307,"success","2026-01-29 00:59:19","2026-02-12 07:02:25"
3132,1188,339,"fail","2026-02-19 07:20:07","2026-02-22 14:19:23"
3133,3893,112,"success","2026-01-07 18:26:50","2026-01-08 23:27:38"
3134,4700,160,"fail","2026-01-12 22:40:35","2026-01-15 16:36:00"
3135,4376,203,"fail","2026-01-21 22:50:33","2026-02-01 23:36:02"
3136,5619,95,"success","2026-02-09 16:36:39","2026-02-15 22:55:39"
3137,2719,210,"fail","2026-01-31 09:44:30","2026-02-22 21:09:44"
3138,1968,287,"fail","2026-01-24 19:01:21","2026-02-04 13:54:05"
3139,2274,201,"fail","2026-01-10 02:29:52","2026-02-08 17:36:59"
3140,3497,126,"fail","2026-01-07 15:41:06","2026-01-14 05:44:58"
3141,5766,86,"fail","2026-02-19 12:17:26","2026-02-23 03:26:30"
3142,3037,1,"fail","2026-01-26 00:34:02","2026-01-29 07:45:08"
3143,1170,95,"success","2026-01-25 12:01:22","2026-02-16 22:29:55"
3144,1415,227,"fail","2026-01-07 07:48:23","2026-02-08 09:54:22"
3145,4541,253,"success","2026-01-11 12:17:07","2026-02-11 23:13:45"
3146,3087,253,"success","2026-02-18 15:10:14","2026-02-25 11:27:23"
3147,3077,133,"success","2026-02-20 20:31:07","2026-02-22 13:47:53"
3148,4691,49,"fail","2026-02-24 00:43:10","2026-02-24 11:04:01"
3149,4812,383,"success","2026-02-24 13:41:42","2026-02-24 17:09:11"
3150,584,343,"fail","2026-02-01 03:01:07","2026-02-03 14:32:52"
3151,5866,344,"success","2026-01-17 10:31:39","2026-02-01 14:23:32"
3152,1344,374,"success","2026-01-01 22:44:05","2026-01-03 05:41:17"
3153,5224,418,"success","2026-01-02 13:30:05","2026-01-21 10:12:32"
3154,1444,246,"success","2026-02-05 01:29:26","2026-02-10 16:49:38"
3155,5633,193,"success","2026-01-22 13:59:41","2026-01-27 10:06:14"
3156,50,6,"success","2026-01-03 21:41:49","2026-01-23 03:52:13"
3157,5688,167,"success","2026-02-06 00:10:12","2026-02-13 21:57:18"
3158,4980,352,"success","2026-01-31 12:46:36","2026-02-09 11:49:57"
3159,3844,171,"success","2026-02-07 21:03:27","2026-02-21 11:07:23"
3160,4069,290,"fail","2026-02-23 21:34:15","2026-02-24 22:16:57"
3161,510,159,"fail","2026-02-08 18:56:59","2026-02-10 00:08:20"
3162,5857,343,"success","2026-01-30 21:44:31","2026-02-04 04:37:37"
3163,3568,322,"success","2026-02-12 00:55:24","2026-02-19 11:57:07"
3164,1161,485,"fail","2026-01-11 05:51:32","2026-02-17 21:15:19"
3165,598,356,"success","2026-01-07 04:35:21","2026-01-16 10:26:01"
3166,5409,22,"success","2026-02-12 09:40:26","2026-02-16 16:21:26"
3167,5219,256,"fail","2026-01-07 06:33:20","2026-01-21 10:47:09"
3168,5452,324,"success","2026-01-30 12:30:48","2026-02-03 18:34:40"
3169,3952,94,"success","2026-02-18 10:16:15","2026-02-23 19:22:39"
3170,1958,135,"success","2026-02-06 11:44:52","2026-02-10 05:27:50"
3171,3923,356,"fail","2026-02-03 09:00:20","2026-02-07 02:20:08"
3172,5563,142,"fail","2026-01-08 18:02:26","2026-02-20 18:01:01"
3173,2870,198,"fail","2026-01-28 09:43:39","2026-02-05 18:10:24"
3174,4929,283,"fail","2026-01-11 16:38:27","2026-01-26 05:36:13"
3175,1773,466,"fail","2026-01-01 21:51:13","2026-01-13 10:12:00"
3176,4688,308,"fail","2026-02-11 18:38:11","2026-02-19 13:07:53"
3177,921,225,"success","2026-01-25 01:45:15","2026-02-12 15:16:53"
3178,3134,390,"fail","2026-01-07 12:10:45","2026-01-20 00:00:18"
3179,272,239,"success","2026-02-25 10:24:36","2026-02-25 11:18:17"
3180,69,244,"success","2026-01-05 12:29:45","2026-01-20 19:42:31"
3181,4829,444,"success","2026-02-12 12:29:31","2026-02-22 07:17:11"
3182,997,203,"success","2026-01-23 19:20:20","2026-01-27 22:57:41"
3183,4088,320,"success","2026-01-27 17:08:53","2026-02-02 10:04:42"
3184,4610,87,"success","2026-01-10 12:30:11","2026-02-19 21:43:45"
3185,1255,230,"success","2026-02-19 06:01:58","2026-02-23 03:29:05"
3186,783,352,"fail","2026-01-23 21:24:08","2026-02-06 23:25:36"
3187,19,32,"success","2026-02-20 12:14:07","2026-02-23 06:08:48"
3188,144,437,"fail","2026-01-07 14:43:27","2026-01-12 21:50:11"
3189,4528,151,"fail","2026-01-12 13:19:07","2026-02-07 12:26:33"
3190,5764,259,"fail","2026-01-06 06:15:47","2026-02-24 07:52:40"
3191,1536,284,"fail","2026-01-09 20:13:53","2026-02-05 08:14:01"
3192,2130,126,"success","2026-02-03 18:26:56","2026-02-20 23:10:45"
3193,3932,349,"success","2026-02-25 10:00:07","2026-02-25 11:03:25"
3194,4581,230,"success","2026-02-19 09:24:45","2026-02-24 12:14:22"
3195,594,128,"success","2026-02-24 14:27:13","2026-02-24 19:35:06"
3196,824,266,"fail","2026-01-22 02:21:52","2026-01-31 17:58:53"
3197,3793,388,"fail","2026-01-05 16:04:31","2026-02-17 15:32:44"
3198,3026,299,"fail","2026-01-07 23:36:22","2026-02-07 13:07:24"
3199,4321,350,"fail","2026-01-05 00:52:42","2026-02-17 03:31:33"
3200,5266,295,"success","2026-02-06 19:08:24","2026-02-23 01:52:17"
3201,5511,353,"fail","2026-01-14 01:32:54","2026-02-03 09:16:34"
3202,2813,180,"fail","2026-01-28 22:21:07","2026-02-12 07:22:28"
3203,5669,420,"fail","2026-01-02 20:09:34","2026-02-16 10:25:40"
3204,190,411,"success","2026-02-17 07:32:04","2026-02-19 12:29:54"
3205,5275,416,"fail","2026-02-22 22:28:39","2026-02-24 02:34:59"
3206,1257,124,"success","2026-02-04 19:18:24","2026-02-06 08:54:30"
3207,1062,264,"fail","2026-01-30 05:08:16","2026-02-11 08:38:46"
3208,1562,200,"success","2026-01-09 17:45:26","2026-02-02 03:48:43"
3209,5500,365,"fail","2026-02-22 04:34:13","2026-02-22 14:07:59"
3210,1225,166,"fail","2026-01-07 11:45:51","2026-02-14 10:33:04"
3211,5113,459,"success","2026-01-20 13:10:34","2026-02-23 00:09:13"
3212,1311,346,"success","2026-01-28 09:28:31","2026-02-18 17:28:40"
3213,583,331,"fail","2026-01-08 14:50:31","2026-02-05 12:44:13"
3214,388,179,"success","2026-01-13 00:06:11","2026-01-22 11:09:56"
3215,1334,349,"success","2026-01-23 14:33:33","2026-02-23 03:22:13"
3216,1001,158,"fail","2026-02-19 17:53:36","2026-02-23 15:21:48"
3217,3642,288,"success","2026-02-03 10:32:44","2026-02-16 09:54:04"
3218,1576,269,"fail","2026-02-17 15:34:37","2026-02-25 00:58:55"
3219,5588,61,"fail","2026-01-05 20:48:43","2026-01-09 20:25:13"
3220,3569,207,"success","2026-02-09 17:10:23","2026-02-11 08:16:02"
3221,5570,89,"success","2026-02-11 21:05:02","2026-02-12 18:06:25"
3222,7,198,"success","2026-01-20 12:16:24","2026-02-12 19:37:25"
3223,1057,286,"fail","2026-02-20 05:22:18","2026-02-24 06:23:51"
3224,5905,134,"success","2026-01-31 12:04:49","2026-02-25 05:34:53"
3225,2802,432,"fail","2026-01-24 22:57:59","2026-02-11 06:54:53"
3226,4428,471,"fail","2026-02-01 08:59:22","2026-02-10 01:10:22"
3227,5020,204,"success","2026-02-16 04:57:20","2026-02-20 18:36:19"
3228,4528,234,"success","2026-01-22 18:52:59","2026-01-25 06:51:49"
3229,5046,478,"success","2026-02-07 02:59:04","2026-02-12 10:29:03"
3230,3290,101,"fail","2026-02-22 05:44:18","2026-02-23 11:23:05"
3231,3273,434,"success","2026-02-16 16:21:42","2026-02-24 14:26:11"
3232,3553,194,"fail","2026-02-19 20:33:30","2026-02-20 09:34:45"
3233,4699,100,"fail","2026-01-21 04:56:01","2026-02-24 22:52:07"
3234,1157,292,"success","2026-01-22 12:56:49","2026-02-18 08:48:11"
3235,1946,97,"fail","2026-02-01 13:56:25","2026-02-09 13:56:13"
3236,592,137,"fail","2026-02-07 01:22:58","2026-02-15 22:21:58"
3237,5582,424,"success","2026-02-09 23:47:42","2026-02-19 20:25:47"
3238,4825,129,"fail","2026-01-12 22:12:14","2026-02-15 09:37:09"
3239,4106,300,"success","2026-01-14 14:41:02","2026-01-16 08:48:09"
3240,5032,395,"success","2026-02-03 16:03:18","2026-02-11 15:37:01"
3241,1211,228,"success","2026-01-18 13:43:14","2026-01-21 16:15:05"
3242,5509,462,"success","2026-02-19 00:38:20","2026-02-19 19:16:08"
3243,1269,303,"fail","2026-02-24 07:13:30","2026-02-24 20:01:23"
3244,4066,59,"fail","2026-02-05 18:23:17","2026-02-23 05:40:56"
3245,493,354,"success","2026-01-11 02:23:54","2026-02-09 17:17:40"
3246,1171,342,"fail","2026-01-24 06:50:07","2026-02-23 21:46:48"
3247,3453,290,"success","2026-02-13 07:30:30","2026-02-23 01:06:05"
3248,4666,45,"fail","2026-01-17 15:39:00","2026-02-17 23:29:54"
3249,3545,483,"success","2026-02-19 09:15:57","2026-02-24 13:31:10"
3250,621,111,"success","2026-02-15 00:31:18","2026-02-19 04:53:40"
3251,4725,320,"fail","2026-02-18 10:24:27","2026-02-23 16:32:41"
3252,4361,437,"success","2026-01-27 15:59:34","2026-01-31 17:25:10"
3253,2418,245,"fail","2026-01-11 13:57:43","2026-02-17 13:04:10"
3254,1822,222,"fail","2026-02-10 23:21:02","2026-02-11 18:31:57"
3255,1523,99,"success","2026-01-04 00:19:37","2026-01-14 13:53:37"
3256,2511,337,"success","2026-01-28 15:59:32","2026-02-01 05:38:29"
3257,4444,417,"success","2026-01-25 10:38:12","2026-01-29 15:28:15"
3258,908,235,"fail","2026-01-22 00:34:19","2026-02-10 08:56:09"
3259,2872,459,"success","2026-02-02 21:22:33","2026-02-05 07:15:00"
3260,3472,238,"fail","2026-02-16 19:40:19","2026-02-19 22:06:04"
3261,1691,322,"fail","2026-01-08 18:47:25","2026-01-18 03:03:28"
3262,78,243,"success","2026-02-19 15:42:25","2026-02-23 14:36:28"
3263,3123,204,"fail","2026-01-19 21:42:06","2026-02-03 17:21:04"
3264,876,297,"success","2026-01-03 12:41:20","2026-01-09 11:40:27"
3265,2085,239,"success","2026-02-08 15:09:39","2026-02-24 08:03:17"
3266,871,244,"success","2026-02-09 15:38:55","2026-02-12 05:05:09"
3267,4500,161,"fail","2026-01-08 02:06:40","2026-01-09 23:35:34"
3268,2331,324,"fail","2026-01-12 12:33:32","2026-02-19 08:20:44"
3269,486,94,"fail","2026-01-09 03:08:13","2026-01-15 22:08:52"
3270,300,274,"fail","2026-01-16 11:36:35","2026-02-18 14:37:59"
3271,3905,311,"success","2026-02-05 01:37:00","2026-02-06 13:32:09"
3272,800,266,"success","2026-02-15 12:42:22","2026-02-23 05:02:48"
3273,726,151,"fail","2026-02-19 07:31:08","2026-02-19 16:29:00"
3274,2931,352,"success","2026-01-28 09:21:56","2026-02-02 21:41:27"
3275,1007,44,"fail","2026-02-17 03:47:49","2026-02-19 03:18:26"
3276,4493,460,"fail","2026-01-13 23:09:45","2026-02-23 08:26:52"
3277,3139,243,"fail","2026-01-30 21:15:30","2026-02-03 15:03:32"
3278,2151,400,"fail","2026-02-24 09:55:25","2026-02-24 14:19:57"
3279,1611,84,"success","2026-02-13 06:09:59","2026-02-13 21:16:13"
3280,3758,409,"fail","2026-02-10 20:22:35","2026-02-21 11:50:38"
3281,3116,426,"fail","2026-01-16 07:03:39","2026-02-07 10:55:44"
3282,3690,382,"fail","2026-02-25 01:56:06","2026-02-25 03:41:13"
3283,3668,379,"success","2026-01-21 03:21:13","2026-02-08 03:22:27"
3284,5807,282,"fail","2026-01-29 18:50:30","2026-02-10 01:49:17"
3285,2739,71,"fail","2026-02-14 00:42:02","2026-02-14 05:16:24"
3286,2261,419,"success","2026-02-14 21:53:56","2026-02-21 20:35:21"
3287,147,276,"success","2026-02-17 08:35:38","2026-02-25 00:10:04"
3288,5461,138,"success","2026-01-23 01:57:06","2026-02-01 17:22:42"
3289,631,183,"success","2026-02-11 19:30:11","2026-02-19 09:15:02"
3290,3420,13,"success","2026-01-03 14:58:02","2026-02-01 06:32:26"
3291,3430,279,"fail","2026-01-05 16:45:33","2026-01-20 05:13:03"
3292,444,400,"fail","2026-01-29 16:13:33","2026-02-02 04:47:44"
3293,5676,253,"fail","2026-02-20 19:08:47","2026-02-24 06:48:48"
3294,1144,381,"fail","2026-01-17 00:34:07","2026-01-24 08:11:39"
3295,3139,325,"success","2026-01-06 00:48:48","2026-01-14 21:11:52"
3296,4296,434,"fail","2026-02-22 00:32:39","2026-02-22 13:01:38"
3297,592,172,"success","2026-01-27 22:34:07","2026-02-20 16:45:34"
3298,259,116,"fail","2026-02-13 00:16:15","2026-02-23 16:50:40"
3299,2008,185,"success","2026-01-26 22:18:02","2026-02-14 01:33:35"
3300,157,206,"fail","2026-01-08 05:24:49","2026-02-05 13:28:04"
3301,4267,91,"fail","2026-02-02 10:27:36","2026-02-18 02:15:39"
3302,2622,227,"fail","2026-01-10 22:45:55","2026-02-11 12:11:20"
3303,26,198,"success","2026-02-24 03:05:03","2026-02-24 15:29:04"
3304,3730,468,"success","2026-02-15 16:13:15","2026-02-21 18:58:56"
3305,1677,132,"success","2026-01-09 20:11:13","2026-01-15 07:44:06"
3306,5713,405,"success","2026-02-03 01:28:56","2026-02-12 09:44:33"
3307,263,132,"success","2026-01-02 18:38:35","2026-01-21 18:57:44"
3308,1101,401,"fail","2026-01-05 10:27:09","2026-01-07 12:28:53"
3309,5923,339,"fail","2026-02-21 21:55:14","2026-02-23 00:41:04"
3310,177,375,"success","2026-02-04 18:43:57","2026-02-15 15:01:03"
3311,2130,360,"fail","2026-02-01 14:12:30","2026-02-04 09:04:31"
3312,5147,129,"fail","2026-02-15 09:25:48","2026-02-18 14:37:14"
3313,1072,100,"success","2026-02-04 20:52:41","2026-02-05 22:35:16"
3314,5042,344,"fail","2026-02-10 23:53:24","2026-02-12 06:00:42"
3315,3886,347,"success","2026-02-22 17:21:00","2026-02-24 13:11:37"
3316,1795,165,"success","2026-01-27 16:10:37","2026-02-20 06:31:57"
3317,1325,60,"fail","2026-02-03 17:54:30","2026-02-09 23:05:15"
3318,2019,95,"fail","2026-01-17 15:19:24","2026-02-01 00:20:25"
3319,1689,328,"fail","2026-01-23 00:43:57","2026-02-12 15:59:28"
3320,1268,433,"fail","2026-02-20 19:46:50","2026-02-25 11:12:14"
3321,729,315,"fail","2026-02-02 09:31:23","2026-02-22 00:35:02"
3322,544,445,"fail","2026-01-01 09:34:53","2026-01-08 01:02:50"
3323,2068,403,"success","2026-01-11 06:26:38","2026-01-23 22:54:59"
3324,4170,44,"fail","2026-01-15 01:28:23","2026-02-05 21:54:48"
3325,1692,58,"fail","2026-02-05 16:48:43","2026-02-15 04:00:14"
3326,1373,148,"success","2026-01-23 07:31:56","2026-02-16 19:30:39"
3327,4719,139,"fail","2026-02-04 15:49:22","2026-02-22 19:26:31"
3328,2360,70,"fail","2026-01-18 02:05:43","2026-01-27 10:13:00"
3329,2943,443,"fail","2026-01-27 20:35:16","2026-02-04 01:15:26"
3330,3235,213,"success","2026-02-22 09:28:41","2026-02-24 03:43:40"
3331,3677,352,"fail","2026-01-20 08:36:03","2026-02-01 04:38:23"
3332,3300,79,"fail","2026-01-09 04:40:57","2026-01-25 05:23:04"
3333,5964,95,"success","2026-01-16 02:21:51","2026-01-30 06:00:18"
3334,4485,234,"success","2026-01-18 18:58:01","2026-01-19 00:27:25"
3335,904,465,"fail","2026-01-28 08:45:49","2026-02-10 01:50:18"
3336,2304,252,"fail","2026-01-31 23:17:19","2026-02-12 16:25:51"
3337,3316,132,"success","2026-01-18 11:59:10","2026-02-23 13:40:13"
3338,2426,209,"success","2026-01-30 06:18:34","2026-02-13 20:57:24"
3339,1508,305,"success","2026-01-01 17:53:05","2026-01-31 00:41:14"
3340,4799,48,"fail","2026-02-10 17:18:48","2026-02-21 06:38:20"
3341,5476,429,"success","2026-01-09 09:39:11","2026-01-23 01:28:44"
3342,2825,436,"success","2026-02-15 06:12:42","2026-02-24 19:31:49"
3343,5301,54,"fail","2026-01-06 04:21:55","2026-02-15 11:37:15"
3344,3342,55,"fail","2026-02-06 21:02:00","2026-02-23 23:41:40"
3345,2084,269,"success","2026-02-03 13:37:38","2026-02-23 19:03:34"
3346,4023,314,"fail","2026-01-25 07:31:30","2026-02-22 06:38:59"
3347,5684,360,"success","2026-02-05 05:46:47","2026-02-06 18:10:34"
3348,1079,269,"success","2026-01-21 14:15:33","2026-01-27 15:29:29"
3349,990,30,"fail","2026-01-23 00:56:22","2026-02-10 18:29:11"
3350,5298,98,"success","2026-02-15 20:37:38","2026-02-18 19:55:55"
3351,515,67,"fail","2026-01-30 07:07:13","2026-01-30 19:45:26"
3352,4205,334,"fail","2026-01-23 17:47:30","2026-02-11 08:26:36"
3353,3495,178,"fail","2026-02-14 05:47:20","2026-02-19 07:31:16"
3354,543,164,"fail","2026-01-05 09:10:19","2026-01-07 11:43:16"
3355,2974,291,"fail","2026-01-31 14:28:42","2026-02-14 15:36:56"
3356,876,296,"success","2026-02-01 22:41:35","2026-02-23 11:36:40"
3357,565,305,"fail","2026-01-05 22:57:55","2026-02-21 18:06:13"
3358,2007,180,"fail","2026-02-23 02:16:02","2026-02-24 18:01:52"
3359,695,144,"success","2026-02-13 19:02:15","2026-02-17 09:05:26"
3360,5127,295,"success","2026-02-20 18:31:30","2026-02-23 19:07:24"
3361,2063,66,"fail","2026-02-04 12:50:16","2026-02-16 01:28:29"
3362,5969,176,"fail","2026-02-18 18:44:24","2026-02-23 15:11:47"
3363,1501,355,"fail","2026-01-25 17:00:17","2026-02-02 05:10:57"
3364,5314,121,"fail","2026-02-21 08:25:05","2026-02-24 05:45:21"
3365,1418,138,"success","2026-01-20 08:06:26","2026-01-26 06:50:14"
3366,5689,220,"success","2026-01-19 14:14:06","2026-02-20 11:32:29"
3367,4819,253,"success","2026-01-18 14:50:18","2026-01-19 03:50:01"
3368,3693,122,"success","2026-02-13 00:50:58","2026-02-14 02:11:32"
3369,2174,231,"success","2026-01-12 11:46:09","2026-01-29 18:52:30"
3370,2564,120,"fail","2026-01-13 19:37:16","2026-02-02 16:23:11"
3371,1922,490,"success","2026-01-03 23:37:34","2026-02-24 15:08:06"
3372,2941,182,"fail","2026-02-02 00:59:40","2026-02-13 23:52:35"
3373,1257,442,"fail","2026-01-10 07:17:37","2026-01-17 21:06:23"
3374,4138,209,"fail","2026-02-07 13:43:27","2026-02-24 14:38:00"
3375,204,264,"success","2026-02-14 07:20:21","2026-02-16 03:23:18"
3376,1408,26,"success","2026-01-20 12:02:56","2026-02-13 08:37:20"
3377,5101,4,"success","2026-01-28 20:29:09","2026-02-21 14:16:42"
3378,1990,58,"success","2026-01-19 11:39:54","2026-02-11 21:49:09"
3379,3909,408,"success","2026-01-07 08:48:20","2026-01-26 19:57:26"
3380,2131,45,"fail","2026-02-02 06:04:15","2026-02-24 21:41:49"
3381,1508,371,"fail","2026-02-17 17:59:12","2026-02-23 02:00:32"
3382,433,10,"success","2026-01-16 11:07:03","2026-02-10 21:43:48"
3383,5564,489,"success","2026-02-20 01:34:49","2026-02-21 02:02:58"
3384,2156,241,"success","2026-02-13 15:19:09","2026-02-22 11:05:53"
3385,2311,348,"success","2026-01-16 03:40:01","2026-02-18 12:14:08"
3386,262,366,"success","2026-01-13 22:46:26","2026-02-02 23:03:48"
3387,748,397,"success","2026-02-05 20:17:28","2026-02-12 08:06:46"
3388,4431,28,"fail","2026-01-15 18:52:01","2026-01-16 14:34:00"
3389,3808,90,"success","2026-02-02 19:31:05","2026-02-03 22:20:44"
3390,203,418,"fail","2026-01-28 00:42:22","2026-02-12 03:38:00"
3391,3816,485,"success","2026-02-20 20:25:30","2026-02-25 10:14:00"
3392,297,147,"fail","2026-02-10 20:03:45","2026-02-12 09:18:43"
3393,5435,464,"fail","2026-02-16 01:41:01","2026-02-16 10:23:04"
3394,1469,365,"success","2026-02-20 18:40:04","2026-02-23 02:12:38"
3395,4952,313,"fail","2026-02-07 18:32:15","2026-02-23 17:26:05"
3396,4040,192,"success","2026-02-20 10:24:06","2026-02-22 00:07:06"
3397,4083,347,"success","2026-01-22 20:01:11","2026-02-10 12:02:56"
3398,2833,396,"success","2026-01-26 01:23:01","2026-02-06 07:10:59"
3399,4911,479,"success","2026-01-12 19:37:22","2026-02-13 16:05:50"
3400,5243,477,"success","2026-01-03 02:37:30","2026-01-12 09:42:29"
3401,4459,423,"fail","2026-01-07 05:36:56","2026-01-13 23:26:36"
3402,2475,216,"success","2026-01-01 07:52:18","2026-01-05 00:21:52"
3403,2933,150,"fail","2026-01-05 04:00:34","2026-02-18 18:44:01"
3404,88,282,"fail","2026-01-19 03:44:15","2026-01-20 02:53:09"
3405,3815,407,"success","2026-02-18 21:49:58","2026-02-22 12:42:32"
3406,4556,411,"fail","2026-02-24 10:08:17","2026-02-24 12:34:17"
3407,3337,105,"fail","2026-02-05 21:53:03","2026-02-14 11:27:50"
3408,914,198,"success","2026-02-09 08:03:13","2026-02-10 13:20:20"
3409,2832,370,"fail","2026-02-04 18:32:14","2026-02-18 08:19:02"
3410,513,322,"fail","2026-01-06 04:43:29","2026-02-12 21:27:51"
3411,1696,405,"success","2026-01-16 11:37:11","2026-01-26 12:32:04"
3412,5716,174,"success","2026-02-16 04:21:30","2026-02-22 17:35:18"
3413,1912,100,"fail","2026-01-31 20:22:09","2026-02-15 03:40:44"
3414,3760,408,"fail","2026-01-31 10:35:03","2026-02-04 10:30:48"
3415,5931,352,"fail","2026-01-06 22:33:51","2026-01-29 06:21:56"
3416,436,106,"success","2026-02-11 13:34:12","2026-02-17 14:33:46"
3417,4738,135,"fail","2026-02-21 09:34:42","2026-02-22 18:04:02"
3418,2811,267,"success","2026-01-06 05:12:40","2026-01-15 13:39:12"
3419,1379,317,"success","2026-02-04 04:46:08","2026-02-07 18:14:27"
3420,4744,303,"success","2026-01-28 02:28:14","2026-02-24 21:33:11"
3421,3347,153,"success","2026-02-01 21:27:45","2026-02-12 02:02:15"
3422,24,484,"success","2026-01-02 04:50:21","2026-01-18 04:59:50"
3423,1859,391,"success","2026-01-01 16:27:37","2026-01-08 18:02:07"
3424,3240,331,"success","2026-02-09 23:41:02","2026-02-19 07:52:45"
3425,2145,1,"fail","2026-02-10 02:38:48","2026-02-24 05:14:50"
3426,3840,137,"fail","2026-02-13 06:09:26","2026-02-18 18:52:38"
3427,4019,2,"success","2026-01-14 04:13:25","2026-02-13 03:44:27"
3428,592,386,"fail","2026-01-28 14:04:33","2026-02-06 22:37:51"
3429,3351,366,"fail","2026-02-10 19:52:27","2026-02-12 08:52:56"
3430,224,444,"success","2026-01-17 12:44:35","2026-02-06 09:10:59"
3431,4487,390,"success","2026-01-13 18:58:45","2026-01-19 02:52:44"
3432,779,357,"fail","2026-01-15 14:55:43","2026-02-22 10:30:46"
3433,5559,202,"success","2026-02-10 03:45:03","2026-02-23 01:28:26"
3434,5236,305,"success","2026-01-04 22:53:33","2026-01-15 00:33:37"
3435,2966,230,"fail","2026-01-01 22:17:16","2026-01-27 16:27:08"
3436,3064,197,"fail","2026-01-19 14:30:40","2026-02-19 17:20:11"
3437,2328,466,"success","2026-01-13 15:08:06","2026-01-21 20:47:04"
3438,1504,185,"success","2026-01-20 10:38:05","2026-01-31 20:43:21"
3439,5655,405,"success","2026-02-06 11:33:19","2026-02-25 03:42:20"
3440,1289,437,"fail","2026-02-24 06:52:46","2026-02-24 21:31:54"
3441,4495,376,"fail","2026-02-09 09:24:44","2026-02-17 02:24:25"
3442,3239,146,"fail","2026-01-26 09:16:48","2026-02-10 06:35:17"
3443,4546,167,"fail","2026-01-26 10:31:59","2026-02-24 14:48:23"
3444,4627,234,"fail","2026-01-24 05:46:58","2026-02-16 03:41:09"
3445,860,41,"success","2026-01-01 06:29:59","2026-01-17 02:22:41"
3446,5414,207,"success","2026-02-15 03:58:26","2026-02-18 10:40:28"
3447,1689,169,"fail","2026-01-24 10:16:27","2026-01-30 08:12:41"
3448,5427,397,"fail","2026-01-06 12:00:22","2026-02-16 10:16:48"
3449,2085,222,"success","2026-02-20 11:32:05","2026-02-22 19:25:29"
3450,1595,108,"success","2026-01-24 03:36:37","2026-01-29 17:58:05"
3451,807,316,"success","2026-01-09 03:15:03","2026-02-21 19:00:55"
3452,2008,151,"fail","2026-01-03 04:02:05","2026-02-13 14:18:20"
3453,1860,448,"fail","2026-02-12 07:13:04","2026-02-13 12:37:59"
3454,2883,71,"fail","2026-01-11 11:44:24","2026-02-10 01:44:30"
3455,3772,284,"success","2026-01-01 18:33:46","2026-02-18 01:54:03"
3456,5355,420,"success","2026-02-12 03:38:30","2026-02-12 11:57:00"
3457,5588,290,"success","2026-02-13 12:55:57","2026-02-15 21:05:27"
3458,2153,104,"success","2026-02-15 05:06:41","2026-02-24 17:51:36"
3459,480,307,"fail","2026-02-16 21:48:14","2026-02-21 15:46:53"
3460,4609,458,"fail","2026-01-11 14:12:10","2026-02-09 14:30:19"
3461,3501,180,"fail","2026-01-21 18:03:26","2026-01-28 09:05:58"
3462,3025,53,"fail","2026-02-04 00:49:07","2026-02-09 10:56:41"
3463,2084,86,"fail","2026-02-25 09:47:00","2026-02-25 12:00:46"
3464,1899,274,"fail","2026-01-11 20:20:20","2026-01-12 23:16:47"
3465,5465,128,"fail","2026-01-24 11:47:59","2026-02-24 00:21:27"
3466,4681,310,"fail","2026-01-01 08:38:55","2026-01-22 09:56:48"
3467,5268,331,"success","2026-02-10 14:18:40","2026-02-18 17:27:28"
3468,618,450,"success","2026-02-14 09:20:22","2026-02-23 13:38:05"
3469,3942,5,"success","2026-01-10 02:31:33","2026-02-15 06:40:10"
3470,5781,3,"success","2026-01-15 06:32:32","2026-01-28 07:17:21"
3471,5827,196,"fail","2026-02-20 16:45:28","2026-02-24 01:19:06"
3472,5592,52,"fail","2026-02-21 02:19:13","2026-02-23 08:18:33"
3473,1058,475,"fail","2026-02-12 10:43:26","2026-02-25 11:01:28"
3474,5159,96,"success","2026-01-05 14:22:27","2026-02-18 16:23:31"
3475,98,28,"fail","2026-01-16 19:13:33","2026-02-12 01:34:25"
3476,193,273,"success","2026-02-15 22:09:09","2026-02-21 23:17:49"
3477,470,106,"success","2026-02-10 00:29:45","2026-02-21 10:09:54"
3478,3266,229,"success","2026-01-07 05:22:01","2026-02-20 08:42:14"
3479,3111,52,"success","2026-02-12 00:45:04","2026-02-18 17:42:30"
3480,5138,104,"fail","2026-01-11 19:39:49","2026-02-11 12:55:17"
3481,5105,330,"success","2026-01-23 22:26:23","2026-02-16 16:37:47"
3482,5111,54,"success","2026-02-05 08:18:30","2026-02-05 23:03:51"
3483,1503,263,"fail","2026-01-12 06:11:55","2026-02-15 02:39:11"
3484,1682,107,"success","2026-02-18 14:25:59","2026-02-20 11:28:26"
3485,4074,106,"success","2026-01-21 02:18:15","2026-01-31 06:19:34"
3486,4770,332,"success","2026-01-20 01:03:09","2026-02-12 00:19:14"
3487,1855,91,"fail","2026-01-12 09:22:05","2026-02-16 17:13:59"
3488,4661,319,"success","2026-02-03 00:46:27","2026-02-06 11:22:24"
3489,5649,64,"fail","2026-01-11 07:26:47","2026-01-12 02:59:40"
3490,93,322,"fail","2026-02-12 18:25:27","2026-02-22 21:18:37"
3491,858,146,"fail","2026-01-30 18:08:08","2026-02-16 23:24:08"
3492,363,465,"success","2026-01-20 12:20:24","2026-01-23 22:11:23"
3493,2995,410,"fail","2026-01-22 21:38:00","2026-02-14 15:57:16"
3494,4141,100,"fail","2026-01-07 15:34:49","2026-02-03 20:28:41"
3495,562,164,"fail","2026-01-18 14:33:32","2026-02-18 06:26:18"
3496,1404,131,"fail","2026-02-06 16:14:37","2026-02-09 20:32:30"
3497,4033,422,"success","2026-01-27 01:54:27","2026-02-06 07:41:18"
3498,2460,481,"success","2026-01-31 02:33:48","2026-02-17 11:04:45"
3499,3447,136,"fail","2026-02-07 04:18:39","2026-02-24 18:16:44"
3500,5105,467,"success","2026-02-01 10:26:13","2026-02-16 13:58:14"
3501,3265,205,"success","2026-02-01 02:30:17","2026-02-06 14:59:42"
3502,5432,400,"fail","2026-01-18 20:19:21","2026-02-15 07:52:01"
3503,1096,114,"success","2026-02-23 20:02:51","2026-02-24 19:41:08"
3504,4897,260,"success","2026-01-01 04:55:00","2026-02-02 15:18:08"
3505,4995,324,"fail","2026-02-19 16:03:21","2026-02-20 02:54:36"
3506,107,381,"success","2026-01-20 03:07:44","2026-01-21 11:59:50"
3507,94,221,"fail","2026-02-17 22:44:31","2026-02-18 13:59:02"
3508,1518,416,"fail","2026-01-10 07:10:41","2026-01-25 05:41:10"
3509,2228,217,"success","2026-01-09 12:08:25","2026-02-07 22:02:27"
3510,4230,223,"fail","2026-02-06 06:22:53","2026-02-15 11:37:29"
3511,667,493,"fail","2026-01-17 12:16:48","2026-02-01 18:25:08"
3512,4763,235,"fail","2026-01-29 03:43:09","2026-02-09 10:11:52"
3513,3265,293,"fail","2026-01-23 12:19:20","2026-01-31 06:38:20"
3514,3235,342,"fail","2026-01-06 18:50:30","2026-01-31 11:06:41"
3515,845,24,"success","2026-01-24 02:30:13","2026-02-20 18:37:48"
3516,4383,241,"fail","2026-01-14 21:56:59","2026-01-25 19:07:29"
3517,4775,352,"fail","2026-01-16 11:35:12","2026-01-26 06:16:32"
3518,991,273,"success","2026-02-22 20:13:12","2026-02-24 00:00:22"
3519,5071,113,"success","2026-02-21 10:29:09","2026-02-23 20:46:34"
3520,477,81,"success","2026-01-11 02:33:10","2026-02-02 21:23:06"
3521,3164,413,"success","2026-01-23 18:10:40","2026-01-26 09:30:51"
3522,4675,122,"fail","2026-02-07 00:43:00","2026-02-17 05:42:33"
3523,4365,179,"success","2026-02-05 06:37:22","2026-02-22 19:09:13"
3524,1281,468,"success","2026-01-19 11:28:32","2026-02-14 05:32:53"
3525,5659,384,"success","2026-01-10 09:24:55","2026-02-15 15:53:46"
3526,4378,335,"success","2026-02-14 05:03:09","2026-02-23 21:48:17"
3527,5176,306,"fail","2026-01-19 14:24:10","2026-02-23 02:53:55"
3528,660,319,"fail","2026-01-19 01:10:32","2026-02-17 10:07:05"
3529,147,206,"fail","2026-01-06 22:52:47","2026-02-22 12:42:50"
3530,3360,192,"success","2026-02-02 07:15:29","2026-02-21 19:05:17"
3531,180,54,"fail","2026-02-19 18:22:20","2026-02-21 05:45:51"
3532,5358,52,"fail","2026-02-19 19:01:54","2026-02-21 18:10:01"
3533,3778,64,"fail","2026-02-15 08:03:22","2026-02-23 01:29:24"
3534,4172,124,"success","2026-01-06 00:42:34","2026-02-16 14:53:10"
3535,987,458,"success","2026-01-29 19:34:17","2026-02-12 14:30:12"
3536,1033,172,"success","2026-02-19 15:41:41","2026-02-25 04:42:55"
3537,2285,407,"success","2026-01-26 07:04:42","2026-02-08 08:40:41"
3538,2509,240,"fail","2026-02-03 22:22:03","2026-02-19 11:32:35"
3539,3678,25,"success","2026-01-09 14:26:59","2026-02-12 02:42:03"
3540,1111,459,"fail","2026-01-15 18:44:37","2026-01-29 19:45:58"
3541,1734,224,"success","2026-01-22 02:57:34","2026-02-19 14:04:28"
3542,4258,435,"success","2026-01-03 07:46:13","2026-02-17 12:45:03"
3543,4967,147,"success","2026-02-07 19:37:46","2026-02-18 20:55:23"
3544,3599,352,"success","2026-01-27 16:23:47","2026-02-07 03:24:40"
3545,2614,494,"fail","2026-01-31 05:16:19","2026-02-19 19:47:01"
3546,3243,174,"fail","2026-02-20 14:38:38","2026-02-21 23:08:28"
3547,1012,34,"success","2026-01-16 13:40:45","2026-02-01 07:45:07"
3548,2872,60,"success","2026-01-09 04:05:24","2026-02-23 12:16:32"
3549,5008,209,"success","2026-01-01 11:15:54","2026-02-10 02:25:23"
3550,753,323,"success","2026-02-05 09:39:45","2026-02-15 12:59:15"
3551,1335,78,"success","2026-01-25 11:51:38","2026-01-27 03:01:04"
3552,5324,286,"success","2026-01-26 18:12:57","2026-02-24 04:18:41"
3553,1671,35,"success","2026-02-13 08:31:45","2026-02-15 20:13:24"
3554,3492,424,"success","2026-02-11 15:41:16","2026-02-20 15:44:27"
3555,1435,465,"success","2026-02-09 00:35:42","2026-02-12 20:48:40"
3556,3987,385,"success","2026-01-22 04:44:34","2026-02-13 14:48:05"
3557,3160,69,"fail","2026-01-20 00:36:41","2026-02-07 12:37:00"
3558,3444,381,"fail","2026-01-06 03:19:50","2026-02-07 18:16:34"
3559,975,187,"success","2026-02-23 03:09:28","2026-02-24 08:53:13"
3560,1369,308,"success","2026-01-27 03:30:15","2026-02-20 20:34:16"
3561,1496,112,"success","2026-01-10 05:03:19","2026-02-15 16:39:21"
3562,3047,414,"success","2026-01-05 08:41:55","2026-01-12 18:59:41"
3563,5569,354,"success","2026-01-01 02:01:40","2026-02-21 23:43:20"
3564,2019,358,"fail","2026-02-12 12:08:30","2026-02-16 09:30:49"
3565,1739,312,"success","2026-01-08 22:51:14","2026-02-11 21:31:57"
3566,2096,216,"fail","2026-02-14 14:11:55","2026-02-22 23:06:21"
3567,1956,282,"fail","2026-02-22 18:20:09","2026-02-24 05:43:18"
3568,2006,401,"success","2026-01-14 20:17:10","2026-02-02 07:29:45"
3569,3246,417,"fail","2026-02-16 01:18:07","2026-02-17 22:42:09"
3570,3220,24,"fail","2026-02-14 17:35:13","2026-02-24 20:25:26"
3571,1227,487,"fail","2026-01-29 23:25:59","2026-02-08 15:03:36"
3572,4290,299,"success","2026-01-15 14:13:23","2026-01-25 02:40:34"
3573,2241,414,"fail","2026-02-22 18:50:04","2026-02-22 23:42:46"
3574,3940,75,"success","2026-02-21 09:33:23","2026-02-21 14:56:26"
3575,2652,17,"fail","2026-02-19 06:52:32","2026-02-24 11:38:51"
3576,2667,460,"success","2026-02-23 13:23:00","2026-02-24 23:50:17"
3577,1243,75,"fail","2026-02-22 22:22:16","2026-02-24 11:11:31"
3578,4722,317,"success","2026-01-15 10:44:57","2026-02-16 15:51:59"
3579,836,369,"fail","2026-02-24 19:27:19","2026-02-25 07:29:58"
3580,5761,282,"success","2026-02-09 10:42:33","2026-02-19 08:23:25"
3581,4676,383,"fail","2026-01-27 09:54:43","2026-01-27 14:14:38"
3582,1718,63,"fail","2026-02-22 01:37:18","2026-02-23 14:44:16"
3583,2894,144,"success","2026-01-29 08:58:02","2026-02-02 18:32:50"
3584,5297,46,"success","2026-02-25 08:26:57","2026-02-25 09:31:35"
3585,3561,382,"fail","2026-01-03 03:02:10","2026-01-27 12:43:37"
3586,3487,354,"success","2026-01-25 02:32:04","2026-02-09 02:55:23"
3587,5559,410,"success","2026-01-01 19:37:35","2026-01-03 08:39:05"
3588,2232,250,"success","2026-02-20 21:55:23","2026-02-23 20:54:53"
3589,4841,126,"success","2026-01-24 02:25:59","2026-02-09 23:38:59"
3590,956,244,"success","2026-02-07 18:35:52","2026-02-19 08:59:20"
3591,2135,220,"success","2026-01-27 14:25:22","2026-02-07 08:05:41"
3592,4005,25,"success","2026-01-21 04:17:21","2026-02-16 13:17:52"
3593,5218,317,"success","2026-02-03 17:15:32","2026-02-19 05:52:32"
3594,3190,150,"fail","2026-01-30 11:49:29","2026-02-01 11:36:39"
3595,1548,176,"success","2026-01-18 21:01:51","2026-01-29 03:58:10"
3596,5064,423,"fail","2026-02-15 14:10:14","2026-02-19 14:47:39"
3597,1910,435,"fail","2026-02-08 05:42:54","2026-02-21 17:55:05"
3598,3394,246,"success","2026-01-03 07:46:38","2026-02-01 07:20:28"
3599,1510,207,"success","2026-02-10 03:29:49","2026-02-11 15:46:16"
3600,5613,430,"fail","2026-01-16 01:05:53","2026-02-03 07:34:32"
3601,5260,1,"fail","2026-02-08 05:28:20","2026-02-25 02:08:11"
3602,1333,346,"fail","2026-01-13 12:23:41","2026-02-11 22:57:46"
3603,687,377,"success","2026-01-10 11:58:52","2026-02-19 01:22:51"
3604,3983,458,"fail","2026-02-18 13:46:34","2026-02-22 10:00:41"
3605,4790,241,"success","2026-02-24 02:32:04","2026-02-24 12:44:30"
3606,5010,457,"fail","2026-01-29 06:19:10","2026-01-29 12:17:26"
3607,4128,203,"success","2026-01-03 09:28:28","2026-01-03 11:04:30"
3608,1756,141,"success","2026-02-02 01:35:11","2026-02-06 00:07:13"
3609,2175,333,"success","2026-02-21 07:04:56","2026-02-22 12:23:29"
3610,5689,147,"success","2026-01-09 16:24:28","2026-02-12 14:46:48"
3611,1267,318,"fail","2026-01-18 07:07:04","2026-02-08 17:51:05"
3612,4313,126,"fail","2026-01-15 14:41:10","2026-02-05 21:50:31"
3613,4691,139,"fail","2026-02-12 04:54:41","2026-02-23 13:56:29"
3614,1698,271,"success","2026-01-09 05:41:22","2026-02-10 09:24:44"
3615,5391,35,"fail","2026-01-19 08:43:31","2026-01-23 08:25:11"
3616,4933,127,"fail","2026-01-25 06:16:03","2026-02-06 01:36:42"
3617,4881,482,"fail","2026-01-23 23:48:44","2026-01-27 12:38:49"
3618,4348,177,"success","2026-02-04 02:47:07","2026-02-08 11:03:22"
3619,4273,408,"success","2026-01-25 04:19:12","2026-02-01 14:40:47"
3620,1488,438,"success","2026-02-04 00:52:19","2026-02-07 19:47:51"
3621,1903,53,"fail","2026-01-23 05:30:19","2026-02-10 18:36:51"
3622,2210,333,"success","2026-01-22 00:55:50","2026-02-12 04:02:46"
3623,1937,215,"success","2026-02-01 17:29:52","2026-02-04 17:48:33"
3624,3542,146,"success","2026-02-20 10:14:07","2026-02-24 07:54:39"
3625,2390,47,"fail","2026-02-25 02:03:13","2026-02-25 09:05:58"
3626,2799,24,"success","2026-01-21 04:49:33","2026-02-22 18:57:15"
3627,1513,101,"fail","2026-02-20 23:28:02","2026-02-22 11:13:09"
3628,5537,171,"fail","2026-02-23 23:22:22","2026-02-24 17:40:11"
3629,5919,73,"success","2026-02-05 11:31:28","2026-02-16 02:00:08"
3630,3643,100,"fail","2026-01-18 22:17:33","2026-01-26 05:46:15"
3631,5946,195,"success","2026-01-01 10:21:09","2026-01-26 14:21:12"
3632,3824,333,"success","2026-01-27 12:27:09","2026-02-02 20:32:13"
3633,2394,105,"fail","2026-01-02 15:06:44","2026-02-10 05:45:38"
3634,1308,34,"success","2026-02-05 09:14:17","2026-02-25 05:03:26"
3635,5162,398,"success","2026-02-21 12:29:27","2026-02-24 15:08:27"
3636,1333,248,"fail","2026-01-11 07:57:30","2026-02-14 08:53:32"
3637,4346,239,"success","2026-02-24 23:31:04","2026-02-25 09:34:03"
3638,112,200,"success","2026-01-10 15:42:23","2026-01-12 18:36:32"
3639,4702,136,"success","2026-01-25 11:04:50","2026-02-13 16:03:35"
3640,3468,248,"success","2026-02-04 21:32:52","2026-02-22 22:50:40"
3641,1738,3,"success","2026-01-20 00:39:08","2026-02-13 08:16:19"
3642,2034,367,"fail","2026-01-02 17:55:23","2026-02-23 09:34:21"
3643,4940,177,"fail","2026-02-19 10:56:18","2026-02-22 21:44:21"
3644,3198,210,"success","2026-01-15 15:34:23","2026-01-29 02:06:24"
3645,5810,60,"fail","2026-01-08 02:46:59","2026-02-18 12:55:50"
3646,2924,437,"success","2026-01-18 04:02:31","2026-02-11 08:11:19"
3647,3665,11,"fail","2026-02-21 12:44:32","2026-02-24 10:10:19"
3648,5321,335,"success","2026-01-02 07:59:57","2026-02-12 10:51:39"
3649,671,229,"success","2026-02-05 08:07:30","2026-02-17 02:56:38"
3650,5810,230,"success","2026-02-17 06:24:08","2026-02-18 09:12:05"
3651,622,176,"fail","2026-01-05 04:29:18","2026-01-31 12:20:00"
3652,2141,391,"success","2026-01-25 08:58:11","2026-02-20 00:40:08"
3653,1626,424,"success","2026-01-18 17:00:50","2026-02-12 09:45:47"
3654,2638,483,"fail","2026-02-07 01:33:33","2026-02-10 19:51:49"
3655,5041,201,"success","2026-01-12 15:08:36","2026-01-30 10:18:40"
3656,1269,461,"success","2026-01-02 05:42:25","2026-02-03 16:41:04"
3657,4376,7,"success","2026-01-09 05:18:18","2026-01-28 08:27:50"
3658,4807,462,"success","2026-02-01 15:53:42","2026-02-16 09:46:09"
3659,2740,417,"success","2026-02-23 15:13:23","2026-02-23 17:39:34"
3660,1307,11,"success","2026-02-07 07:39:08","2026-02-19 08:49:58"
3661,4372,159,"success","2026-01-14 06:46:19","2026-02-03 20:58:43"
3662,5049,88,"success","2026-01-25 14:29:14","2026-02-06 13:46:01"
3663,427,14,"success","2026-02-14 14:58:27","2026-02-17 09:19:28"
3664,3412,117,"success","2026-02-19 00:32:46","2026-02-20 22:09:49"
3665,2123,43,"fail","2026-01-28 06:40:20","2026-02-01 20:52:12"
3666,3435,25,"fail","2026-01-08 09:30:23","2026-01-27 04:09:43"
3667,4273,367,"fail","2026-02-17 15:01:21","2026-02-22 06:20:57"
3668,585,162,"fail","2026-01-19 15:57:41","2026-02-25 06:51:32"
3669,3566,474,"fail","2026-01-20 13:14:19","2026-01-22 13:31:22"
3670,527,351,"success","2026-01-11 13:03:34","2026-02-02 23:43:46"
3671,1758,236,"fail","2026-02-13 05:38:37","2026-02-16 16:03:17"
3672,5198,315,"success","2026-01-25 20:53:08","2026-01-28 06:28:09"
3673,1010,426,"fail","2026-01-25 11:37:02","2026-01-26 14:27:53"
3674,2249,163,"success","2026-01-09 17:52:43","2026-02-10 07:01:02"
3675,3379,93,"success","2026-02-10 02:40:40","2026-02-21 11:38:09"
3676,5727,71,"success","2026-01-18 22:26:37","2026-02-17 04:39:09"
3677,1530,217,"fail","2026-02-22 00:59:25","2026-02-23 12:44:48"
3678,1047,206,"success","2026-02-02 06:19:03","2026-02-07 14:41:51"
3679,724,81,"fail","2026-02-18 01:29:34","2026-02-22 05:59:54"
3680,5099,3,"fail","2026-02-11 10:50:08","2026-02-22 15:53:06"
3681,771,9,"success","2026-02-13 00:39:56","2026-02-14 13:52:53"
3682,3904,208,"success","2026-01-09 12:45:06","2026-02-01 13:43:40"
3683,2034,474,"success","2026-02-24 10:45:34","2026-02-25 00:13:37"
3684,427,65,"success","2026-02-21 23:00:48","2026-02-24 05:39:10"
3685,5769,62,"success","2026-01-07 08:59:57","2026-02-04 14:18:17"
3686,1432,198,"success","2026-02-24 15:49:14","2026-02-24 23:36:01"
3687,1941,402,"success","2026-02-12 09:23:53","2026-02-24 21:03:57"
3688,4776,157,"success","2026-02-01 03:55:42","2026-02-23 10:01:44"
3689,3839,330,"fail","2026-02-03 06:53:17","2026-02-16 06:41:57"
3690,1756,391,"success","2026-02-13 12:33:17","2026-02-14 04:39:42"
3691,1389,212,"fail","2026-01-24 00:42:21","2026-02-01 04:05:00"
3692,147,288,"success","2026-01-26 01:44:25","2026-02-10 04:33:37"
3693,567,102,"fail","2026-02-08 04:19:25","2026-02-22 12:59:49"
3694,4624,131,"fail","2026-01-12 01:09:35","2026-02-21 15:07:55"
3695,2102,139,"fail","2026-02-06 08:26:42","2026-02-10 22:43:54"
3696,2859,390,"fail","2026-02-10 00:56:25","2026-02-10 23:25:32"
3697,5614,353,"success","2026-02-03 10:58:13","2026-02-17 23:35:53"
3698,4255,482,"fail","2026-01-29 16:46:49","2026-02-19 00:19:12"
3699,1642,428,"fail","2026-02-03 08:12:27","2026-02-19 03:27:15"
3700,5281,71,"success","2026-01-27 09:31:06","2026-02-02 18:58:36"
3701,793,133,"success","2026-01-19 18:54:36","2026-02-04 02:00:45"
3702,4629,245,"success","2026-01-03 23:35:09","2026-02-08 17:13:27"
3703,1787,222,"success","2026-02-15 12:37:02","2026-02-25 01:30:18"
3704,5661,354,"fail","2026-01-14 03:20:05","2026-01-31 07:38:10"
3705,5951,72,"success","2026-02-06 16:51:48","2026-02-14 07:40:52"
3706,3777,111,"fail","2026-01-23 04:40:43","2026-02-04 00:32:27"
3707,3753,28,"fail","2026-02-21 22:05:11","2026-02-22 20:36:16"
3708,1246,315,"success","2026-02-09 09:48:29","2026-02-17 22:12:53"
3709,805,360,"fail","2026-01-29 17:34:49","2026-02-17 17:17:03"
3710,4273,355,"success","2026-01-09 07:22:07","2026-01-30 06:05:08"
3711,3261,243,"fail","2026-02-05 07:36:46","2026-02-22 01:24:45"
3712,1510,175,"success","2026-02-15 08:52:52","2026-02-20 20:59:19"
3713,1019,450,"success","2026-01-15 14:46:26","2026-02-23 02:51:16"
3714,2429,437,"success","2026-01-29 21:04:29","2026-01-30 18:38:47"
3715,3612,76,"success","2026-01-24 00:54:58","2026-02-07 06:47:06"
3716,1774,1,"success","2026-01-01 05:11:34","2026-02-04 02:17:03"
3717,2466,412,"success","2026-02-09 10:16:16","2026-02-12 14:58:24"
3718,3291,136,"success","2026-01-19 08:57:18","2026-02-09 03:48:04"
3719,114,445,"fail","2026-02-24 16:09:31","2026-02-24 17:56:32"
3720,1860,90,"success","2026-01-30 16:56:18","2026-02-07 23:28:01"
3721,2450,358,"fail","2026-02-15 14:33:29","2026-02-24 02:56:37"
3722,3522,450,"success","2026-02-09 13:12:23","2026-02-13 14:58:33"
3723,876,485,"success","2026-01-26 21:36:35","2026-01-30 10:29:12"
3724,910,282,"success","2026-01-27 06:19:13","2026-02-17 03:54:17"
3725,4769,175,"fail","2026-02-02 06:49:21","2026-02-03 18:25:29"
3726,5008,67,"fail","2026-02-25 03:43:04","2026-02-25 05:47:56"
3727,4881,45,"success","2026-02-03 11:58:31","2026-02-10 18:29:24"
3728,1941,4,"success","2026-02-14 19:19:44","2026-02-19 06:09:11"
3729,464,438,"fail","2026-02-05 00:40:27","2026-02-10 04:31:55"
3730,1906,425,"success","2026-02-09 13:47:49","2026-02-17 06:32:58"
3731,4235,202,"success","2026-01-02 15:41:15","2026-02-13 02:45:39"
3732,5867,160,"fail","2026-01-22 03:55:33","2026-02-25 11:41:04"
3733,5498,196,"success","2026-02-14 18:51:28","2026-02-20 03:02:22"
3734,3754,156,"fail","2026-02-07 14:35:19","2026-02-07 20:17:41"
3735,5819,353,"fail","2026-01-05 03:21:22","2026-01-12 14:39:50"
3736,4308,296,"fail","2026-02-18 03:18:09","2026-02-23 09:43:23"
3737,1335,255,"fail","2026-02-16 20:26:10","2026-02-24 02:37:12"
3738,2368,221,"success","2026-02-07 14:19:45","2026-02-09 00:37:51"
3739,3706,480,"success","2026-02-19 13:56:38","2026-02-23 23:51:11"
3740,4241,161,"success","2026-01-22 05:41:10","2026-02-07 08:22:22"
3741,2807,187,"success","2026-01-06 02:44:45","2026-01-20 23:46:48"
3742,4712,177,"fail","2026-01-09 08:26:43","2026-02-24 18:52:48"
3743,5765,50,"success","2026-01-20 21:16:59","2026-02-04 00:46:47"
3744,4325,374,"success","2026-02-18 10:21:57","2026-02-19 10:46:15"
3745,306,86,"fail","2026-01-23 19:25:11","2026-02-06 22:23:00"
3746,345,331,"fail","2026-01-27 05:48:05","2026-02-17 20:16:40"
3747,2723,136,"fail","2026-01-04 15:53:02","2026-02-16 22:21:26"
3748,1211,333,"success","2026-01-08 08:20:58","2026-02-02 18:21:02"
3749,3608,182,"success","2026-01-27 05:01:36","2026-02-10 08:57:14"
3750,3891,209,"success","2026-01-23 22:52:46","2026-02-24 22:24:18"
3751,3185,253,"success","2026-02-21 20:19:30","2026-02-25 07:26:55"
3752,5828,453,"fail","2026-02-04 13:40:57","2026-02-07 02:29:09"
3753,2685,338,"fail","2026-01-24 17:27:22","2026-02-10 06:56:31"
3754,1560,348,"success","2026-01-14 12:56:52","2026-02-17 15:44:29"
3755,5904,471,"success","2026-01-15 05:40:13","2026-02-21 05:36:16"
3756,1453,348,"fail","2026-02-09 19:50:05","2026-02-15 21:22:33"
3757,5518,131,"success","2026-01-11 11:52:07","2026-01-12 22:53:33"
3758,195,25,"success","2026-01-02 01:39:56","2026-02-19 07:06:09"
3759,2025,334,"success","2026-01-26 11:15:08","2026-01-27 22:50:09"
3760,1602,479,"success","2026-02-19 21:17:53","2026-02-23 12:57:51"
3761,4895,40,"fail","2026-01-07 20:47:31","2026-01-28 23:30:11"
3762,1243,128,"fail","2026-01-21 19:03:34","2026-01-31 03:07:03"
3763,3651,149,"fail","2026-01-30 03:52:23","2026-02-05 06:06:36"
3764,1617,405,"success","2026-01-04 13:13:19","2026-01-21 06:42:55"
3765,5041,497,"fail","2026-01-31 00:18:10","2026-02-09 23:28:38"
3766,2284,275,"fail","2026-02-08 09:30:15","2026-02-11 09:31:39"
3767,1999,127,"fail","2026-01-23 09:54:07","2026-02-01 21:55:25"
3768,2561,47,"fail","2026-02-15 08:25:11","2026-02-18 20:22:48"
3769,2367,428,"fail","2026-01-13 08:09:15","2026-01-18 23:32:54"
3770,349,344,"fail","2026-01-15 04:26:17","2026-02-16 02:46:54"
3771,5499,386,"success","2026-02-17 17:07:52","2026-02-22 23:25:51"
3772,5716,206,"fail","2026-01-17 21:16:27","2026-02-13 09:02:29"
3773,2352,56,"fail","2026-01-05 00:18:47","2026-01-14 08:16:12"
3774,684,329,"success","2026-01-05 09:13:59","2026-02-17 02:09:07"
3775,3500,223,"fail","2026-01-08 09:47:08","2026-02-19 06:01:40"
3776,3484,474,"success","2026-01-30 06:08:15","2026-02-21 00:21:34"
3777,1128,353,"fail","2026-01-17 08:27:00","2026-02-21 20:22:33"
3778,411,62,"fail","2026-02-10 20:31:23","2026-02-12 13:31:20"
3779,1639,341,"fail","2026-01-14 01:06:48","2026-02-17 22:58:50"
3780,5850,312,"fail","2026-02-19 09:47:17","2026-02-21 15:25:50"
3781,22,475,"success","2026-02-03 22:42:54","2026-02-08 06:41:40"
3782,1106,176,"fail","2026-01-13 07:17:15","2026-01-14 04:41:46"
3783,2,368,"fail","2026-02-11 08:10:57","2026-02-18 17:33:01"
3784,2750,162,"fail","2026-01-09 23:26:21","2026-01-29 05:28:38"
3785,4971,101,"fail","2026-02-14 16:49:39","2026-02-14 21:25:27"
3786,4846,449,"success","2026-01-14 08:04:00","2026-01-17 01:34:58"
3787,2657,406,"success","2026-01-27 11:27:13","2026-01-29 10:23:48"
3788,2326,144,"fail","2026-02-07 17:39:47","2026-02-08 05:00:20"
3789,1745,355,"success","2026-01-09 01:38:38","2026-01-22 02:31:57"
3790,2588,41,"success","2026-01-06 18:20:03","2026-01-11 04:40:43"
3791,5530,392,"success","2026-01-22 21:23:29","2026-02-01 17:07:26"
3792,4552,398,"success","2026-02-12 00:38:06","2026-02-21 20:48:31"
3793,4672,28,"fail","2026-01-20 04:39:40","2026-01-21 22:39:59"
3794,1341,243,"fail","2026-02-15 04:12:39","2026-02-23 22:28:13"
3795,4742,7,"success","2026-02-10 17:21:51","2026-02-24 11:26:51"
3796,4496,349,"success","2026-02-16 21:20:38","2026-02-21 22:45:26"
3797,4973,353,"fail","2026-01-18 10:29:30","2026-01-20 05:18:52"
3798,4151,289,"success","2026-02-04 10:49:03","2026-02-06 23:27:24"
3799,3924,84,"fail","2026-02-02 07:47:20","2026-02-20 01:10:41"
3800,5613,154,"fail","2026-02-24 04:42:16","2026-02-24 07:47:24"
3801,3514,144,"fail","2026-01-23 15:42:42","2026-02-18 22:16:56"
3802,4428,284,"fail","2026-01-10 10:14:51","2026-02-05 18:21:39"
3803,2869,88,"success","2026-01-12 07:31:29","2026-02-17 05:35:42"
3804,3378,454,"fail","2026-01-21 01:39:19","2026-02-21 19:35:09"
3805,2366,180,"success","2026-02-24 07:32:20","2026-02-25 09:27:29"
3806,2428,233,"fail","2026-02-07 05:18:25","2026-02-23 17:20:49"
3807,3433,134,"success","2026-01-06 11:00:27","2026-02-18 17:56:45"
3808,734,197,"fail","2026-02-16 13:45:51","2026-02-17 01:51:33"
3809,671,207,"fail","2026-01-04 03:36:01","2026-01-22 13:02:40"
3810,1710,472,"fail","2026-01-06 17:58:13","2026-01-22 19:46:16"
3811,4567,120,"success","2026-02-23 06:42:58","2026-02-23 11:30:02"
3812,316,256,"success","2026-02-21 22:28:03","2026-02-23 13:53:36"
3813,2611,127,"fail","2026-01-21 03:35:15","2026-02-06 17:37:54"
3814,2460,11,"success","2026-02-12 16:48:13","2026-02-13 09:53:16"
3815,123,305,"success","2026-01-03 19:41:20","2026-02-13 06:40:24"
3816,3327,160,"fail","2026-01-28 19:44:07","2026-01-28 22:30:44"
3817,688,305,"fail","2026-02-06 17:59:51","2026-02-13 22:47:00"
3818,5119,400,"fail","2026-01-24 05:38:45","2026-01-27 08:55:30"
3819,1086,433,"fail","2026-01-07 21:41:52","2026-01-25 01:39:19"
3820,2154,356,"success","2026-02-11 23:37:26","2026-02-22 19:19:10"
3821,2774,441,"fail","2026-02-08 09:23:08","2026-02-18 05:24:50"
3822,5420,450,"fail","2026-01-18 06:11:25","2026-02-15 19:21:22"
3823,5700,342,"fail","2026-01-10 19:22:08","2026-01-16 15:21:54"
3824,5511,347,"fail","2026-02-20 17:25:23","2026-02-23 07:53:35"
3825,414,324,"success","2026-02-22 14:21:48","2026-02-23 20:03:28"
3826,3525,472,"success","2026-02-12 22:57:39","2026-02-17 22:18:13"
3827,2281,299,"success","2026-01-12 17:15:44","2026-02-17 07:13:28"
3828,5520,231,"success","2026-01-17 09:47:49","2026-02-01 05:24:27"
3829,3489,384,"success","2026-01-14 18:26:35","2026-01-27 03:04:36"
3830,3066,303,"success","2026-01-01 11:20:38","2026-01-12 14:47:16"
3831,224,77,"success","2026-01-12 17:00:43","2026-02-15 19:16:38"
3832,1739,373,"fail","2026-02-19 16:13:27","2026-02-24 16:28:44"
3833,4035,386,"success","2026-02-23 17:53:07","2026-02-25 06:36:38"
3834,554,281,"fail","2026-01-20 07:37:41","2026-01-29 01:25:26"
3835,5037,266,"fail","2026-01-26 08:53:45","2026-02-14 17:13:05"
3836,5112,260,"success","2026-02-08 02:01:29","2026-02-17 03:49:49"
3837,134,326,"success","2026-01-25 06:50:19","2026-02-18 09:42:06"
3838,1160,294,"fail","2026-01-16 17:51:54","2026-01-26 03:33:14"
3839,59,396,"success","2026-01-02 11:02:41","2026-01-18 23:30:17"
3840,4680,63,"fail","2026-01-12 02:02:34","2026-02-15 01:41:52"
3841,2720,493,"success","2026-01-16 03:39:31","2026-02-19 17:33:26"
3842,5603,196,"success","2026-01-30 19:33:24","2026-02-21 06:50:46"
3843,5181,99,"fail","2026-01-11 10:12:35","2026-02-05 07:34:32"
3844,939,439,"fail","2026-02-14 10:29:22","2026-02-23 19:44:13"
3845,522,441,"fail","2026-02-18 13:43:49","2026-02-21 18:22:38"
3846,5084,181,"fail","2026-02-13 23:08:37","2026-02-18 12:13:34"
3847,4296,26,"fail","2026-01-13 03:24:39","2026-01-25 02:56:57"
3848,5177,119,"fail","2026-01-10 06:32:00","2026-01-29 21:35:04"
3849,2700,53,"success","2026-01-02 07:00:52","2026-01-03 10:53:40"
3850,2288,195,"fail","2026-01-30 18:23:58","2026-02-04 09:55:34"
3851,2373,196,"fail","2026-01-25 21:40:05","2026-01-29 20:39:10"
3852,2551,338,"success","2026-01-29 03:00:44","2026-02-01 01:54:24"
3853,665,275,"fail","2026-01-06 21:05:08","2026-02-11 14:01:56"
3854,93,411,"fail","2026-02-05 09:36:06","2026-02-11 14:29:44"
3855,5619,273,"fail","2026-02-13 20:43:10","2026-02-24 16:06:18"
3856,4840,33,"success","2026-01-28 21:51:59","2026-01-31 06:06:47"
3857,4010,452,"fail","2026-01-14 23:52:58","2026-01-30 10:22:25"
3858,5944,171,"fail","2026-01-03 08:36:43","2026-01-11 13:32:40"
3859,2100,470,"success","2026-02-18 10:59:24","2026-02-20 19:24:37"
3860,1068,18,"fail","2026-01-23 12:05:43","2026-01-29 08:26:36"
3861,103,296,"fail","2026-01-30 16:02:51","2026-02-06 09:38:55"
3862,3120,474,"success","2026-02-12 06:10:00","2026-02-18 18:17:07"
3863,4649,89,"fail","2026-01-26 09:53:24","2026-02-11 03:51:02"
3864,1772,128,"success","2026-01-17 06:30:57","2026-02-12 16:01:06"
3865,109,8,"success","2026-01-22 09:47:27","2026-01-26 14:49:56"
3866,856,67,"fail","2026-01-18 19:05:12","2026-01-23 05:14:29"
3867,2256,173,"success","2026-02-12 21:07:46","2026-02-24 19:09:23"
3868,2009,137,"success","2026-01-08 22:53:41","2026-02-01 18:42:08"
3869,129,281,"fail","2026-01-21 09:40:17","2026-02-06 21:00:05"
3870,5169,3,"success","2026-02-10 08:14:18","2026-02-23 07:42:03"
3871,3362,144,"success","2026-02-16 14:13:36","2026-02-25 01:28:25"
3872,4373,267,"fail","2026-02-04 10:40:12","2026-02-24 20:56:34"
3873,5034,292,"success","2026-02-04 05:19:16","2026-02-07 13:55:48"
3874,2380,129,"fail","2026-01-02 05:49:46","2026-01-11 17:06:32"
3875,5389,361,"fail","2026-02-01 09:29:47","2026-02-17 12:01:56"
3876,2973,486,"fail","2026-01-16 23:40:29","2026-01-17 18:56:11"
3877,395,478,"success","2026-01-05 13:54:11","2026-01-19 03:34:09"
3878,3403,354,"success","2026-02-14 02:21:08","2026-02-14 15:36:54"
3879,1933,230,"fail","2026-02-01 19:22:08","2026-02-04 13:57:48"
3880,3900,436,"fail","2026-01-25 18:11:33","2026-02-08 18:58:40"
3881,195,448,"success","2026-01-02 20:25:40","2026-01-22 20:33:23"
3882,2684,238,"fail","2026-02-24 15:04:13","2026-02-24 22:18:09"
3883,1070,227,"success","2026-01-10 08:53:24","2026-01-15 06:59:44"
3884,172,135,"fail","2026-01-23 10:33:51","2026-02-02 22:46:31"
3885,2180,451,"success","2026-01-03 21:54:28","2026-02-16 21:07:11"
3886,5389,425,"fail","2026-01-12 13:30:55","2026-02-20 01:45:40"
3887,2244,283,"fail","2026-02-14 00:39:24","2026-02-25 04:02:54"
3888,1720,156,"fail","2026-01-21 06:11:05","2026-02-13 12:46:03"
3889,1857,288,"fail","2026-02-24 19:08:48","2026-02-25 03:39:54"
3890,799,449,"success","2026-01-09 00:23:46","2026-02-04 06:54:58"
3891,3421,406,"success","2026-02-04 01:52:27","2026-02-12 00:19:31"
3892,2428,495,"success","2026-01-26 16:04:41","2026-02-24 09:25:46"
3893,442,98,"success","2026-02-13 12:36:31","2026-02-21 15:43:11"
3894,2774,363,"fail","2026-01-29 15:04:19","2026-02-09 03:54:09"
3895,589,244,"success","2026-01-03 23:54:22","2026-02-24 17:46:58"
3896,3608,436,"fail","2026-01-26 14:45:11","2026-02-09 10:18:11"
3897,1945,327,"success","2026-01-28 15:24:26","2026-02-03 07:31:16"
3898,5738,16,"fail","2026-02-09 08:02:50","2026-02-13 01:37:41"
3899,1602,299,"fail","2026-02-17 03:21:04","2026-02-19 04:19:26"
3900,2191,157,"fail","2026-01-16 01:21:07","2026-02-07 11:08:36"
3901,4782,437,"success","2026-02-22 18:09:16","2026-02-24 18:28:57"
3902,1625,330,"success","2026-02-09 16:48:51","2026-02-12 10:36:16"
3903,4073,428,"success","2026-02-25 06:53:09","2026-02-25 09:33:51"
3904,1458,309,"fail","2026-01-21 03:44:12","2026-02-15 05:00:31"
3905,2355,103,"fail","2026-01-15 17:01:15","2026-01-19 02:00:17"
3906,2221,7,"success","2026-02-19 00:07:46","2026-02-20 05:31:05"
3907,1489,144,"fail","2026-02-19 11:06:02","2026-02-23 20:04:06"
3908,3724,199,"fail","2026-02-03 20:20:16","2026-02-23 22:22:46"
3909,4752,320,"fail","2026-01-04 13:52:48","2026-02-08 01:56:56"
3910,3285,32,"fail","2026-02-24 19:41:45","2026-02-25 07:05:30"
3911,1361,87,"success","2026-01-22 04:49:49","2026-02-15 21:20:17"
3912,1738,58,"success","2026-01-26 01:07:01","2026-02-09 22:42:34"
3913,3036,380,"success","2026-01-13 08:29:33","2026-02-02 13:15:12"
3914,4832,247,"fail","2026-02-24 22:37:37","2026-02-25 00:10:43"
3915,1474,153,"fail","2026-02-01 13:18:08","2026-02-13 01:04:25"
3916,1529,330,"success","2026-01-15 23:33:33","2026-01-19 22:28:09"
3917,4516,30,"fail","2026-02-09 03:01:47","2026-02-21 13:36:42"
3918,1745,114,"success","2026-01-10 10:29:58","2026-01-10 17:57:50"
3919,606,483,"fail","2026-01-19 09:31:53","2026-02-14 12:20:59"
3920,4167,398,"success","2026-01-26 21:33:01","2026-02-22 19:26:58"
3921,2043,488,"success","2026-01-31 12:38:11","2026-02-20 19:09:15"
3922,75,195,"success","2026-01-04 18:40:51","2026-02-10 19:10:56"
3923,3690,40,"success","2026-02-24 23:26:56","2026-02-25 05:26:46"
3924,3353,394,"fail","2026-02-07 22:55:38","2026-02-08 01:01:02"
3925,3535,425,"success","2026-01-12 05:37:57","2026-01-19 06:03:00"
3926,40,219,"success","2026-02-19 11:45:40","2026-02-20 20:14:48"
3927,682,379,"fail","2026-02-05 11:32:48","2026-02-08 00:31:07"
3928,1407,105,"success","2026-02-21 23:06:37","2026-02-25 11:19:20"
3929,2217,200,"success","2026-02-20 23:39:49","2026-02-24 04:00:54"
3930,2967,49,"fail","2026-01-30 04:15:22","2026-02-02 19:30:40"
3931,2082,298,"fail","2026-01-26 23:52:40","2026-02-22 21:43:42"
3932,48,444,"success","2026-01-23 00:28:37","2026-02-15 01:51:02"
3933,3526,485,"fail","2026-01-03 16:36:41","2026-02-14 20:55:09"
3934,2793,63,"success","2026-01-06 03:01:16","2026-02-05 10:22:55"
3935,1879,242,"fail","2026-02-03 16:41:43","2026-02-16 13:12:10"
3936,2318,145,"fail","2026-01-16 09:03:33","2026-01-26 05:41:43"
3937,929,402,"success","2026-02-13 22:12:18","2026-02-17 21:09:19"
3938,4336,119,"success","2026-02-02 06:33:06","2026-02-05 12:55:50"
3939,4161,289,"success","2026-02-14 12:15:17","2026-02-16 08:16:38"
3940,4774,326,"success","2026-01-29 00:00:23","2026-02-06 21:25:13"
3941,228,251,"success","2026-01-08 01:59:11","2026-01-26 07:15:34"
3942,2880,448,"success","2026-01-29 07:22:40","2026-02-15 14:27:53"
3943,272,383,"fail","2026-02-08 05:30:40","2026-02-14 15:49:41"
3944,4804,244,"fail","2026-01-12 20:59:19","2026-01-18 12:32:50"
3945,2156,390,"fail","2026-02-13 09:33:00","2026-02-25 08:54:34"
3946,2040,469,"fail","2026-02-01 07:53:51","2026-02-21 21:11:50"
3947,3922,436,"fail","2026-01-12 03:26:21","2026-02-23 23:15:33"
3948,1974,76,"success","2026-02-01 00:56:33","2026-02-23 12:16:45"
3949,5827,370,"fail","2026-01-02 21:26:58","2026-01-11 21:07:34"
3950,2669,195,"fail","2026-01-25 18:43:10","2026-01-28 16:16:16"
3951,5055,336,"fail","2026-02-02 02:03:41","2026-02-11 05:05:21"
3952,596,71,"success","2026-02-11 23:53:49","2026-02-15 15:41:52"
3953,3475,4,"success","2026-01-01 13:47:39","2026-01-21 23:04:22"
3954,2977,289,"fail","2026-01-22 10:42:31","2026-01-29 21:30:21"
3955,1929,41,"success","2026-02-20 20:20:02","2026-02-22 07:36:03"
3956,3218,128,"success","2026-01-02 12:57:25","2026-01-31 02:33:57"
3957,673,224,"fail","2026-01-23 19:38:00","2026-01-31 10:36:26"
3958,1261,32,"fail","2026-02-22 09:53:24","2026-02-22 18:28:31"
3959,2361,498,"success","2026-02-24 07:19:15","2026-02-25 10:52:10"
3960,2101,407,"success","2026-01-07 06:34:24","2026-02-16 22:09:13"
3961,5545,417,"fail","2026-02-15 21:40:51","2026-02-25 06:38:24"
3962,5379,449,"fail","2026-02-03 19:36:04","2026-02-19 09:59:38"
3963,4252,288,"fail","2026-01-13 04:13:13","2026-01-26 03:54:57"
3964,2245,370,"success","2026-02-15 16:05:25","2026-02-20 03:49:31"
3965,3616,67,"success","2026-01-05 14:51:54","2026-02-05 07:23:55"
3966,1000,345,"success","2026-01-22 10:14:56","2026-02-10 10:04:33"
3967,3835,482,"fail","2026-01-15 14:41:29","2026-02-02 05:23:00"
3968,5214,371,"success","2026-01-29 18:31:46","2026-02-05 01:12:08"
3969,3304,419,"success","2026-01-12 12:28:50","2026-02-09 22:24:41"
3970,221,307,"fail","2026-01-26 19:34:48","2026-02-04 11:02:04"
3971,826,5,"fail","2026-01-14 09:43:38","2026-02-12 13:25:16"
3972,1407,265,"success","2026-01-19 00:25:05","2026-01-22 04:18:00"
3973,5735,98,"fail","2026-01-29 19:31:25","2026-02-22 01:54:15"
3974,5555,442,"fail","2026-01-12 12:53:17","2026-02-08 03:49:06"
3975,1648,72,"success","2026-02-14 04:15:13","2026-02-18 04:44:31"
3976,4949,105,"fail","2026-01-04 02:43:54","2026-01-20 08:37:55"
3977,1549,470,"fail","2026-01-21 23:07:13","2026-01-26 06:46:30"
3978,4089,461,"fail","2026-02-12 15:09:22","2026-02-21 23:42:26"
3979,1451,280,"fail","2026-01-29 16:01:43","2026-02-23 01:10:08"
3980,5304,44,"success","2026-01-13 15:12:19","2026-02-10 23:47:38"
3981,414,116,"fail","2026-02-01 14:02:40","2026-02-03 02:13:45"
3982,707,87,"success","2026-01-11 02:27:35","2026-01-26 16:13:37"
3983,5062,341,"success","2026-02-08 05:53:14","2026-02-23 00:16:41"
3984,4161,35,"success","2026-01-01 22:02:49","2026-01-09 16:10:13"
3985,3419,325,"success","2026-02-01 19:09:22","2026-02-24 14:28:56"
3986,1519,429,"fail","2026-01-25 18:38:09","2026-02-23 06:16:34"
3987,3863,341,"success","2026-02-02 07:29:46","2026-02-13 14:59:30"
3988,315,335,"success","2026-02-08 14:30:23","2026-02-13 18:14:14"
3989,744,400,"success","2026-01-25 11:29:45","2026-02-10 01:49:45"
3990,1836,143,"success","2026-02-17 07:59:29","2026-02-21 00:18:09"
3991,5041,467,"fail","2026-02-14 03:42:00","2026-02-22 06:23:27"
3992,4535,195,"fail","2026-01-27 06:17:51","2026-02-13 10:12:50"
3993,76,224,"fail","2026-01-27 01:23:28","2026-02-13 12:34:11"
3994,5265,32,"fail","2026-01-23 11:45:41","2026-02-15 12:14:00"
3995,4465,359,"success","2026-02-17 13:16:16","2026-02-25 06:08:48"
3996,4135,204,"success","2026-02-13 06:23:09","2026-02-14 02:45:09"
3997,195,311,"success","2026-01-20 04:40:31","2026-01-20 10:42:01"
3998,5648,384,"fail","2026-02-17 04:11:28","2026-02-20 20:54:26"
3999,3561,372,"success","2026-02-22 03:37:20","2026-02-24 05:31:17"
4000,3108,130,"success","2026-02-20 07:46:00","2026-02-25 10:51:22"
4001,5587,441,"success","2026-01-03 11:33:01","2026-01-14 07:25:45"
4002,3780,74,"success","2026-01-29 06:28:08","2026-02-18 02:15:44"
4003,2185,160,"fail","2026-02-13 06:54:56","2026-02-14 18:56:23"
4004,2988,252,"fail","2026-01-17 09:54:48","2026-02-21 11:33:55"
4005,2938,27,"fail","2026-01-15 20:30:36","2026-02-12 05:27:33"
4006,3622,53,"fail","2026-02-08 23:15:52","2026-02-13 13:02:02"
4007,2397,135,"success","2026-01-15 02:15:59","2026-02-19 01:15:56"
4008,1851,50,"fail","2026-02-14 00:12:29","2026-02-19 16:04:53"
4009,2274,360,"fail","2026-01-19 20:53:48","2026-02-02 04:22:33"
4010,5289,418,"fail","2026-02-16 17:39:06","2026-02-24 20:17:13"
4011,5424,190,"success","2026-01-29 05:31:48","2026-02-13 07:32:04"
4012,2402,103,"fail","2026-01-28 15:37:08","2026-02-15 03:08:33"
4013,2818,358,"fail","2026-02-13 11:11:26","2026-02-18 02:43:14"
4014,2403,365,"fail","2026-01-10 02:07:01","2026-02-25 08:18:49"
4015,2,27,"fail","2026-02-02 11:54:50","2026-02-09 13:29:00"
4016,3475,386,"fail","2026-01-28 01:21:55","2026-02-09 13:51:19"
4017,4818,300,"fail","2026-02-05 08:04:28","2026-02-06 19:51:37"
4018,1656,426,"fail","2026-01-06 01:48:50","2026-01-15 13:26:10"
4019,4071,160,"success","2026-02-04 11:49:11","2026-02-13 05:32:32"
4020,5959,444,"success","2026-02-24 19:16:34","2026-02-24 20:19:56"
4021,5666,400,"fail","2026-01-25 16:50:06","2026-02-03 18:34:41"
4022,690,170,"fail","2026-02-18 17:28:57","2026-02-24 03:58:02"
4023,3252,43,"fail","2026-02-10 03:48:40","2026-02-19 17:59:35"
4024,4100,339,"fail","2026-01-28 18:04:09","2026-02-16 19:30:16"
4025,40,254,"fail","2026-02-06 22:33:22","2026-02-16 02:18:04"
4026,136,281,"success","2026-01-29 21:56:43","2026-02-07 14:04:10"
4027,2589,286,"fail","2026-02-11 16:33:30","2026-02-13 01:29:18"
4028,321,105,"fail","2026-02-13 14:56:32","2026-02-22 20:33:46"
4029,670,389,"success","2026-02-21 23:23:40","2026-02-22 21:28:03"
4030,306,267,"fail","2026-01-18 12:57:11","2026-01-24 08:43:16"
4031,1327,31,"success","2026-01-11 08:00:21","2026-01-13 03:46:48"
4032,2297,380,"success","2026-02-06 07:43:24","2026-02-11 10:36:14"
4033,5636,388,"fail","2026-01-08 19:33:46","2026-01-12 01:48:11"
4034,2020,452,"success","2026-02-22 12:15:26","2026-02-23 22:23:41"
4035,5689,305,"fail","2026-01-22 18:14:38","2026-01-22 23:57:38"
4036,413,498,"success","2026-01-08 21:07:29","2026-01-29 12:06:35"
4037,3688,236,"success","2026-01-15 22:29:14","2026-01-26 10:14:44"
4038,4888,223,"success","2026-02-09 02:23:19","2026-02-23 15:43:17"
4039,1437,208,"success","2026-02-06 22:51:21","2026-02-24 02:31:14"
4040,311,318,"success","2026-02-06 23:43:20","2026-02-24 13:19:17"
4041,1523,245,"success","2026-02-17 05:30:46","2026-02-19 05:16:28"
4042,4316,31,"success","2026-01-28 09:38:50","2026-02-23 06:59:39"
4043,4487,179,"fail","2026-01-11 19:18:51","2026-02-17 00:59:07"
4044,1459,301,"fail","2026-02-25 05:45:06","2026-02-25 06:03:37"
4045,94,397,"fail","2026-02-07 03:45:19","2026-02-15 13:40:46"
4046,1420,35,"fail","2026-01-02 00:46:32","2026-02-03 08:35:08"
4047,5356,419,"fail","2026-02-07 06:44:38","2026-02-14 20:44:50"
4048,3451,42,"success","2026-01-24 04:07:52","2026-02-05 16:11:40"
4049,3750,455,"fail","2026-02-01 18:40:36","2026-02-17 11:04:11"
4050,2838,498,"success","2026-01-13 22:03:51","2026-02-05 21:50:07"
4051,3408,192,"success","2026-01-20 21:59:57","2026-01-25 12:21:10"
4052,3159,95,"success","2026-01-24 09:32:00","2026-02-25 09:59:19"
4053,1013,313,"fail","2026-01-22 03:24:00","2026-01-29 12:54:06"
4054,2323,413,"fail","2026-01-18 12:41:28","2026-01-30 08:06:08"
4055,216,224,"fail","2026-01-23 14:23:38","2026-02-14 22:35:36"
4056,2766,491,"success","2026-01-20 12:15:01","2026-01-27 17:30:04"
4057,160,316,"fail","2026-01-11 09:42:42","2026-01-26 20:51:12"
4058,2056,61,"success","2026-01-19 03:10:42","2026-01-28 18:46:12"
4059,1428,271,"success","2026-01-11 01:02:37","2026-02-15 06:36:04"
4060,5030,60,"fail","2026-02-21 19:05:31","2026-02-21 19:48:21"
4061,925,367,"success","2026-02-10 09:13:01","2026-02-24 21:38:26"
4062,1481,153,"fail","2026-02-18 09:55:04","2026-02-24 02:24:30"
4063,5222,397,"success","2026-02-01 20:13:56","2026-02-15 19:24:22"
4064,3642,28,"fail","2026-01-18 00:39:49","2026-01-18 02:57:45"
4065,4684,224,"success","2026-01-14 06:23:20","2026-02-09 09:40:16"
4066,4097,150,"success","2026-01-07 10:04:48","2026-02-03 17:37:33"
4067,577,334,"fail","2026-02-19 22:25:33","2026-02-22 20:22:13"
4068,3918,317,"success","2026-02-06 03:43:48","2026-02-17 20:54:17"
4069,3236,12,"fail","2026-01-06 02:20:56","2026-02-08 10:53:20"
4070,1199,34,"success","2026-02-06 22:00:42","2026-02-12 07:10:52"
4071,2013,215,"fail","2026-02-17 13:13:47","2026-02-18 08:44:09"
4072,3563,174,"fail","2026-01-28 18:20:42","2026-01-29 20:25:41"
4073,4005,332,"fail","2026-01-02 17:51:47","2026-01-22 14:25:49"
4074,5444,409,"fail","2026-02-08 06:48:05","2026-02-09 20:21:32"
4075,3166,419,"fail","2026-01-14 04:19:43","2026-02-19 01:49:05"
4076,1944,265,"fail","2026-02-03 21:59:23","2026-02-22 00:55:32"
4077,5291,201,"fail","2026-01-14 16:42:28","2026-01-16 08:29:20"
4078,2639,379,"success","2026-01-26 07:09:58","2026-02-18 01:32:50"
4079,5267,115,"fail","2026-01-23 10:23:54","2026-01-25 11:04:16"
4080,3218,483,"success","2026-01-08 09:38:29","2026-02-02 13:29:36"
4081,836,365,"success","2026-01-28 10:28:39","2026-01-28 20:50:28"
4082,5614,87,"success","2026-01-17 10:00:35","2026-02-22 11:13:10"
4083,3589,196,"fail","2026-01-15 19:14:15","2026-02-04 12:52:54"
4084,4377,219,"success","2026-01-27 07:32:40","2026-02-23 12:36:03"
4085,4249,465,"success","2026-02-13 13:17:44","2026-02-14 23:05:32"
4086,2622,308,"success","2026-02-07 11:03:29","2026-02-15 11:38:46"
4087,5494,326,"success","2026-01-05 16:31:21","2026-01-14 11:12:46"
4088,1883,362,"success","2026-01-22 04:56:28","2026-02-06 21:47:00"
4089,3557,112,"fail","2026-01-13 20:31:37","2026-02-19 22:01:08"
4090,4721,292,"fail","2026-01-19 09:49:05","2026-02-19 12:50:58"
4091,5512,33,"fail","2026-02-19 21:27:14","2026-02-21 01:13:43"
4092,1357,281,"fail","2026-02-12 18:50:05","2026-02-14 17:21:50"
4093,459,349,"success","2026-02-13 16:19:30","2026-02-25 08:09:08"
4094,4617,99,"fail","2026-01-02 17:35:55","2026-01-29 09:01:58"
4095,3286,390,"fail","2026-02-11 20:39:28","2026-02-18 20:47:30"
4096,5195,346,"success","2026-01-10 17:05:37","2026-01-27 20:52:02"
4097,730,361,"fail","2026-01-17 03:03:02","2026-01-18 09:57:43"
4098,1127,273,"fail","2026-02-05 01:24:21","2026-02-05 13:09:08"
4099,5718,11,"success","2026-01-12 10:15:44","2026-02-23 04:16:34"
4100,4416,173,"fail","2026-01-27 02:23:41","2026-01-28 08:06:09"
4101,651,107,"success","2026-01-31 09:25:05","2026-02-22 19:52:58"
4102,1363,153,"success","2026-01-13 06:07:57","2026-01-22 00:43:26"
4103,1222,446,"success","2026-02-10 04:03:09","2026-02-12 06:25:25"
4104,5037,241,"fail","2026-01-19 01:22:17","2026-01-30 14:09:16"
4105,1445,183,"success","2026-02-19 11:17:13","2026-02-21 13:19:15"
4106,5451,470,"success","2026-02-19 20:45:09","2026-02-24 07:20:11"
4107,5555,316,"fail","2026-01-21 10:01:40","2026-02-05 12:00:53"
4108,5745,400,"fail","2026-01-20 12:39:01","2026-02-10 20:34:33"
4109,1973,178,"success","2026-01-22 17:36:02","2026-02-20 04:53:46"
4110,4287,451,"fail","2026-02-07 09:21:27","2026-02-09 03:22:47"
4111,4856,57,"fail","2026-01-18 21:00:00","2026-02-23 01:27:40"
4112,352,341,"success","2026-02-20 19:19:21","2026-02-25 09:57:37"
4113,2331,450,"success","2026-01-30 09:51:04","2026-02-08 15:13:26"
4114,294,459,"success","2026-02-08 22:43:52","2026-02-23 03:28:16"
4115,2399,33,"fail","2026-01-13 00:23:20","2026-01-16 18:41:56"
4116,3358,107,"fail","2026-01-01 09:30:33","2026-01-08 02:57:09"
4117,3215,444,"fail","2026-02-08 14:25:44","2026-02-14 07:00:52"
4118,3334,280,"fail","2026-01-17 10:00:13","2026-01-22 11:15:26"
4119,515,398,"success","2026-01-01 23:44:24","2026-02-20 02:03:30"
4120,519,327,"fail","2026-02-13 23:06:15","2026-02-14 05:36:01"
4121,5695,291,"success","2026-02-08 04:09:42","2026-02-16 08:13:27"
4122,1954,369,"success","2026-01-25 07:53:10","2026-02-14 05:13:48"
4123,2843,64,"success","2026-01-20 10:26:41","2026-01-29 17:04:05"
4124,901,273,"fail","2026-01-11 17:37:29","2026-02-08 04:48:50"
4125,3067,388,"success","2026-01-01 04:53:16","2026-02-10 12:58:24"
4126,3209,148,"fail","2026-01-15 02:24:03","2026-02-04 04:03:26"
4127,5251,228,"fail","2026-01-01 15:12:45","2026-01-17 18:54:48"
4128,1386,383,"success","2026-02-23 01:00:53","2026-02-24 06:39:47"
4129,5897,266,"success","2026-02-24 09:26:28","2026-02-25 06:25:24"
4130,951,205,"success","2026-02-12 15:28:35","2026-02-14 21:29:25"
4131,4592,109,"success","2026-02-12 14:44:39","2026-02-22 07:13:38"
4132,2340,284,"fail","2026-02-21 18:44:17","2026-02-22 16:07:58"
4133,2967,402,"success","2026-01-11 01:47:20","2026-01-30 11:55:52"
4134,322,308,"fail","2026-02-01 03:40:01","2026-02-12 13:50:03"
4135,2411,217,"fail","2026-02-03 11:16:15","2026-02-12 04:33:15"
4136,297,244,"success","2026-01-15 11:43:17","2026-02-22 10:42:04"
4137,2724,425,"fail","2026-02-02 00:58:59","2026-02-24 17:24:24"
4138,5989,79,"success","2026-01-06 12:09:22","2026-01-06 18:06:47"
4139,3512,286,"fail","2026-01-17 13:29:21","2026-02-22 12:26:59"
4140,4332,177,"success","2026-02-17 04:31:55","2026-02-17 20:34:18"
4141,2975,181,"success","2026-01-10 11:36:19","2026-02-12 23:17:58"
4142,3129,355,"fail","2026-01-30 14:01:01","2026-02-07 03:52:59"
4143,101,318,"success","2026-01-11 06:07:01","2026-01-16 19:05:05"
4144,2763,178,"fail","2026-02-08 15:39:13","2026-02-22 23:07:35"
4145,3126,67,"fail","2026-02-04 05:03:04","2026-02-06 08:43:46"
4146,110,48,"fail","2026-02-18 00:22:56","2026-02-23 04:36:56"
4147,5470,413,"success","2026-02-12 18:20:10","2026-02-14 16:48:44"
4148,2644,407,"fail","2026-01-01 01:44:57","2026-01-07 06:55:40"
4149,1753,29,"fail","2026-01-24 12:05:13","2026-01-29 23:04:47"
4150,4337,280,"success","2026-01-13 11:14:14","2026-01-30 15:36:05"
4151,3969,117,"success","2026-01-04 14:37:39","2026-01-11 21:52:58"
4152,2622,265,"success","2026-02-21 16:15:03","2026-02-25 00:42:04"
4153,355,78,"fail","2026-02-20 19:08:53","2026-02-21 21:20:02"
4154,4732,287,"fail","2026-02-03 04:23:08","2026-02-19 05:05:00"
4155,1835,204,"fail","2026-02-24 21:31:29","2026-02-25 08:49:30"
4156,4744,431,"success","2026-01-12 21:02:21","2026-02-24 17:09:07"
4157,5831,327,"fail","2026-02-09 14:56:17","2026-02-20 00:56:31"
4158,2818,15,"fail","2026-02-16 21:19:24","2026-02-22 02:09:57"
4159,2243,122,"fail","2026-02-13 00:26:34","2026-02-17 22:58:50"
4160,4627,451,"fail","2026-02-23 16:13:33","2026-02-24 00:31:38"
4161,4004,450,"success","2026-01-28 22:56:55","2026-01-30 09:34:37"
4162,5304,253,"success","2026-01-11 02:52:57","2026-02-14 05:36:25"
4163,1692,144,"fail","2026-02-13 06:38:21","2026-02-23 15:03:57"
4164,5198,465,"fail","2026-01-20 19:45:27","2026-02-16 00:51:00"
4165,5094,29,"fail","2026-02-14 06:57:16","2026-02-24 13:55:58"
4166,5687,63,"success","2026-01-23 17:45:26","2026-02-25 01:45:59"
4167,1436,357,"success","2026-01-10 17:44:31","2026-02-24 12:50:36"
4168,4120,438,"success","2026-02-14 22:50:46","2026-02-25 09:51:22"
4169,662,202,"success","2026-01-26 00:52:17","2026-02-07 00:15:50"
4170,714,94,"success","2026-02-13 02:22:15","2026-02-23 21:07:23"
4171,5598,133,"fail","2026-02-16 16:38:16","2026-02-19 19:15:32"
4172,1203,158,"fail","2026-02-03 09:47:22","2026-02-07 02:56:53"
4173,5291,141,"fail","2026-02-25 00:19:14","2026-02-25 09:18:06"
4174,5657,6,"success","2026-01-18 02:46:01","2026-01-21 13:54:59"
4175,1907,282,"success","2026-02-06 13:11:25","2026-02-20 18:22:05"
4176,2760,238,"success","2026-01-27 16:01:18","2026-02-18 10:39:52"
4177,3937,233,"success","2026-01-27 02:50:59","2026-02-04 06:33:22"
4178,2475,277,"success","2026-01-01 11:08:09","2026-01-11 17:06:52"
4179,5417,207,"fail","2026-02-19 23:05:50","2026-02-23 18:46:49"
4180,4253,52,"success","2026-02-24 04:06:49","2026-02-24 04:21:15"
4181,3550,462,"success","2026-01-04 15:31:24","2026-02-01 08:42:58"
4182,2211,357,"fail","2026-01-13 02:53:09","2026-01-31 23:37:29"
4183,3708,298,"success","2026-02-06 20:08:09","2026-02-07 05:31:48"
4184,3226,419,"success","2026-02-11 17:28:46","2026-02-24 18:59:43"
4185,2723,147,"success","2026-01-23 21:23:56","2026-02-18 22:35:36"
4186,5132,437,"fail","2026-02-20 20:35:10","2026-02-21 01:42:04"
4187,4036,86,"success","2026-01-23 06:41:32","2026-02-20 17:00:52"
4188,1770,217,"fail","2026-02-13 06:57:33","2026-02-22 07:05:01"
4189,2466,226,"fail","2026-02-15 10:48:13","2026-02-20 20:04:30"
4190,848,275,"success","2026-02-11 04:13:07","2026-02-22 22:22:30"
4191,5455,445,"success","2026-01-26 12:39:37","2026-02-24 11:56:53"
4192,5217,416,"fail","2026-02-23 20:06:43","2026-02-25 11:35:20"
4193,2268,458,"fail","2026-01-02 00:24:46","2026-01-29 21:02:22"
4194,3084,16,"fail","2026-01-05 17:09:12","2026-01-28 05:16:16"
4195,4659,411,"fail","2026-02-18 13:31:20","2026-02-21 08:36:37"
4196,4461,97,"success","2026-01-31 03:08:15","2026-02-13 14:52:37"
4197,5431,371,"fail","2026-02-18 16:52:53","2026-02-24 22:13:55"
4198,1086,102,"success","2026-01-20 02:12:39","2026-01-23 08:47:38"
4199,3572,114,"fail","2026-02-24 13:14:32","2026-02-25 07:08:33"
4200,183,99,"fail","2026-02-16 20:44:43","2026-02-22 04:21:13"
4201,4592,204,"fail","2026-01-12 21:08:41","2026-01-23 18:01:16"
4202,4230,18,"fail","2026-01-20 21:41:20","2026-02-11 20:39:37"
4203,2788,351,"success","2026-02-21 23:47:54","2026-02-22 10:48:05"
4204,4527,63,"fail","2026-01-28 13:42:39","2026-02-02 12:36:07"
4205,3504,37,"success","2026-01-10 19:24:53","2026-02-15 04:56:12"
4206,2758,203,"success","2026-01-02 20:43:56","2026-01-06 14:36:16"
4207,4113,260,"success","2026-02-20 08:50:13","2026-02-25 11:08:06"
4208,3309,98,"fail","2026-02-15 14:36:57","2026-02-22 11:55:20"
4209,4906,273,"success","2026-02-18 08:00:47","2026-02-20 23:59:15"
4210,226,54,"fail","2026-02-15 03:11:15","2026-02-20 11:09:58"
4211,334,337,"success","2026-01-22 23:09:32","2026-01-30 23:51:06"
4212,5952,100,"success","2026-01-15 16:09:28","2026-01-30 08:34:43"
4213,727,114,"success","2026-02-16 02:22:51","2026-02-23 08:18:26"
4214,2372,18,"fail","2026-01-16 21:21:23","2026-01-30 18:05:37"
4215,701,40,"success","2026-01-11 12:48:29","2026-02-05 23:20:22"
4216,2378,480,"success","2026-02-12 15:48:11","2026-02-18 03:45:51"
4217,5287,115,"success","2026-02-23 08:23:49","2026-02-23 09:35:35"
4218,3338,466,"success","2026-02-23 02:05:49","2026-02-23 06:27:01"
4219,2354,419,"fail","2026-02-11 05:58:13","2026-02-24 10:24:29"
4220,2990,224,"success","2026-02-20 04:56:52","2026-02-24 01:20:17"
4221,4820,238,"success","2026-02-25 04:31:09","2026-02-25 10:06:48"
4222,870,466,"success","2026-02-18 18:54:47","2026-02-22 00:30:32"
4223,5292,410,"success","2026-02-13 03:33:45","2026-02-19 00:55:03"
4224,2539,319,"fail","2026-01-15 19:12:21","2026-02-17 00:47:53"
4225,5905,248,"fail","2026-02-22 19:26:12","2026-02-23 16:02:47"
4226,530,312,"success","2026-01-22 23:34:08","2026-02-25 04:55:16"
4227,3918,365,"fail","2026-02-13 04:53:09","2026-02-20 17:05:51"
4228,225,285,"success","2026-01-30 08:15:47","2026-02-19 09:46:20"
4229,2616,220,"fail","2026-01-28 14:21:49","2026-02-23 07:59:01"
4230,1138,403,"success","2026-01-07 06:48:46","2026-02-02 11:35:05"
4231,4087,417,"fail","2026-02-23 15:54:48","2026-02-23 17:54:32"
4232,3370,123,"fail","2026-02-19 15:41:29","2026-02-21 07:26:05"
4233,4370,342,"fail","2026-01-29 07:37:08","2026-02-12 04:23:37"
4234,1891,342,"success","2026-02-12 09:16:03","2026-02-18 13:46:51"
4235,5807,351,"success","2026-02-09 04:10:38","2026-02-17 02:32:36"
4236,4928,280,"fail","2026-01-22 06:05:40","2026-02-04 08:00:48"
4237,2193,29,"fail","2026-02-12 04:40:01","2026-02-16 18:15:05"
4238,2747,231,"success","2026-02-15 06:37:45","2026-02-15 09:43:45"
4239,5431,388,"fail","2026-01-23 12:51:32","2026-02-01 18:04:00"
4240,5415,454,"fail","2026-02-22 13:17:08","2026-02-24 18:59:45"
4241,410,456,"fail","2026-01-01 06:06:51","2026-01-21 01:42:45"
4242,5941,249,"fail","2026-01-21 11:16:49","2026-02-01 14:15:47"
4243,1836,452,"success","2026-02-01 18:15:17","2026-02-03 15:13:45"
4244,2777,65,"fail","2026-02-11 02:07:26","2026-02-23 19:58:06"
4245,3139,344,"success","2026-01-14 05:42:59","2026-01-17 08:08:05"
4246,4800,199,"success","2026-01-22 02:27:13","2026-02-08 08:31:54"
4247,4725,232,"success","2026-01-13 13:47:14","2026-01-15 10:01:02"
4248,574,415,"fail","2026-01-31 19:52:14","2026-02-16 11:47:52"
4249,4627,338,"success","2026-01-12 17:44:17","2026-02-23 11:28:23"
4250,4325,394,"fail","2026-02-12 09:11:50","2026-02-15 10:32:32"
4251,2278,15,"success","2026-01-01 11:23:38","2026-01-13 11:02:56"
4252,3756,498,"success","2026-02-25 03:16:22","2026-02-25 09:59:12"
4253,561,110,"success","2026-01-24 13:46:55","2026-01-28 08:05:24"
4254,5064,403,"success","2026-01-19 10:38:24","2026-02-07 02:16:47"
4255,209,470,"success","2026-02-12 20:06:19","2026-02-13 06:55:42"
4256,4083,48,"success","2026-01-31 23:16:38","2026-02-24 04:05:37"
4257,4910,330,"fail","2026-01-16 22:40:12","2026-02-15 22:16:14"
4258,1177,460,"success","2026-02-18 00:26:06","2026-02-19 09:55:53"
4259,5800,317,"success","2026-01-03 09:00:41","2026-01-20 23:00:46"
4260,801,14,"fail","2026-01-26 10:36:30","2026-01-30 21:00:04"
4261,669,332,"success","2026-02-24 06:39:41","2026-02-24 11:40:42"
4262,2762,222,"success","2026-01-04 23:59:54","2026-02-18 12:18:32"
4263,2324,82,"success","2026-02-03 19:14:39","2026-02-13 19:16:40"
4264,2136,56,"success","2026-02-15 10:33:04","2026-02-20 08:54:08"
4265,1744,246,"success","2026-01-12 18:52:17","2026-02-08 21:55:01"
4266,1290,243,"success","2026-02-07 00:36:15","2026-02-11 19:32:07"
4267,3490,478,"success","2026-01-27 04:54:52","2026-02-07 16:56:31"
4268,3074,269,"fail","2026-02-12 21:15:17","2026-02-22 16:49:11"
4269,3505,275,"success","2026-02-09 02:55:27","2026-02-16 09:12:47"
4270,1857,472,"success","2026-01-14 16:08:33","2026-01-27 15:01:24"
4271,1288,233,"success","2026-01-12 21:17:08","2026-02-16 11:02:28"
4272,1822,361,"success","2026-02-07 23:25:02","2026-02-08 14:50:45"
4273,946,440,"fail","2026-02-13 14:33:08","2026-02-16 01:41:19"
4274,4178,51,"success","2026-01-10 10:03:59","2026-01-27 17:10:59"
4275,2592,243,"success","2026-01-14 02:04:55","2026-01-14 04:30:40"
4276,2180,434,"fail","2026-02-12 05:21:10","2026-02-21 13:03:39"
4277,4566,481,"success","2026-01-15 09:50:34","2026-02-24 12:25:54"
4278,2105,142,"success","2026-02-05 10:28:51","2026-02-21 16:32:51"
4279,5065,236,"success","2026-02-25 09:20:59","2026-02-25 09:29:01"
4280,5339,428,"success","2026-02-15 03:11:35","2026-02-16 21:32:07"
4281,3708,307,"fail","2026-02-05 17:51:27","2026-02-12 19:47:41"
4282,4273,272,"success","2026-02-06 23:28:24","2026-02-10 09:43:13"
4283,5341,115,"fail","2026-02-10 14:19:48","2026-02-23 14:23:06"
4284,4083,434,"fail","2026-01-22 11:40:42","2026-02-01 02:22:23"
4285,1939,335,"fail","2026-01-01 10:15:35","2026-01-03 02:43:58"
4286,1619,59,"success","2026-01-02 17:09:33","2026-02-14 10:28:13"
4287,2446,10,"fail","2026-02-16 15:19:57","2026-02-21 04:36:14"
4288,2030,410,"success","2026-01-14 21:51:02","2026-02-19 18:05:33"
4289,5760,158,"fail","2026-01-21 21:01:13","2026-02-09 17:24:51"
4290,4174,425,"success","2026-01-28 00:36:25","2026-02-12 23:13:12"
4291,974,299,"success","2026-01-28 04:23:05","2026-01-31 21:01:15"
4292,692,231,"fail","2026-01-15 22:16:09","2026-01-25 02:57:08"
4293,1698,443,"success","2026-02-12 21:52:17","2026-02-23 05:42:28"
4294,1151,161,"success","2026-02-05 18:20:54","2026-02-14 10:57:41"
4295,2352,89,"fail","2026-01-19 22:29:20","2026-01-20 07:33:32"
4296,5835,141,"fail","2026-01-13 08:56:25","2026-01-27 22:50:02"
4297,5576,150,"fail","2026-01-14 12:35:32","2026-02-11 20:34:17"
4298,4546,185,"fail","2026-02-08 22:28:40","2026-02-18 21:33:17"
4299,1352,207,"fail","2026-01-22 02:28:38","2026-02-08 14:16:21"
4300,3725,176,"fail","2026-01-16 02:00:51","2026-01-27 03:16:29"
4301,3287,124,"success","2026-01-19 17:45:33","2026-01-20 08:16:29"
4302,1611,343,"fail","2026-02-10 15:03:01","2026-02-12 07:34:36"
4303,2744,464,"success","2026-01-03 16:12:27","2026-02-05 12:10:06"
4304,3213,41,"fail","2026-02-03 07:22:21","2026-02-13 02:11:31"
4305,2752,402,"fail","2026-01-30 21:37:01","2026-01-31 06:00:30"
4306,2097,75,"fail","2026-02-06 08:20:42","2026-02-20 19:48:50"
4307,3620,133,"success","2026-01-18 14:42:19","2026-02-13 05:54:06"
4308,3570,314,"success","2026-01-17 22:01:20","2026-02-17 12:46:43"
4309,435,418,"success","2026-02-13 17:37:42","2026-02-18 11:14:17"
4310,4838,473,"fail","2026-01-18 05:49:25","2026-02-17 16:35:23"
4311,4644,279,"success","2026-02-01 06:20:44","2026-02-05 07:26:52"
4312,4963,380,"success","2026-02-19 02:18:30","2026-02-19 23:34:23"
4313,705,428,"fail","2026-01-17 05:01:10","2026-02-06 12:14:57"
4314,5493,185,"fail","2026-01-07 22:53:55","2026-01-21 22:06:25"
4315,5957,422,"success","2026-02-21 18:03:26","2026-02-24 10:15:01"
4316,4676,135,"fail","2026-01-08 16:18:11","2026-01-30 23:05:41"
4317,381,19,"success","2026-02-05 04:44:34","2026-02-24 15:56:25"
4318,883,428,"fail","2026-01-11 07:07:18","2026-02-15 15:43:58"
4319,4605,67,"fail","2026-01-28 03:03:24","2026-01-31 13:30:02"
4320,3830,293,"success","2026-01-15 08:26:00","2026-01-22 02:50:15"
4321,1745,183,"fail","2026-02-21 01:56:58","2026-02-23 23:28:30"
4322,5327,307,"fail","2026-01-11 15:36:26","2026-02-19 13:59:55"
4323,5748,144,"success","2026-01-15 17:13:44","2026-02-12 03:21:38"
4324,4607,46,"fail","2026-01-30 11:38:32","2026-02-15 02:14:26"
4325,5421,205,"success","2026-02-04 23:16:07","2026-02-12 08:21:50"
4326,5287,36,"success","2026-02-21 05:02:57","2026-02-23 14:01:14"
4327,711,125,"fail","2026-01-15 06:27:47","2026-01-19 05:57:01"
4328,3382,157,"fail","2026-01-08 02:00:10","2026-01-26 15:35:51"
4329,133,366,"fail","2026-01-02 05:36:09","2026-02-09 05:20:34"
4330,5889,164,"success","2026-01-10 12:49:04","2026-01-24 10:01:56"
4331,1639,235,"success","2026-02-21 23:16:17","2026-02-24 10:48:07"
4332,3163,266,"fail","2026-02-13 21:56:54","2026-02-16 18:33:56"
4333,1617,26,"success","2026-02-17 22:58:49","2026-02-23 16:14:14"
4334,4180,221,"fail","2026-01-30 14:39:25","2026-02-12 22:08:05"
4335,4176,435,"success","2026-01-02 09:23:09","2026-02-17 23:37:33"
4336,2353,133,"success","2026-02-10 13:15:28","2026-02-13 19:50:18"
4337,5059,98,"fail","2026-02-14 12:31:44","2026-02-15 08:28:49"
4338,5608,271,"success","2026-02-01 23:51:36","2026-02-15 10:36:14"
4339,5829,25,"fail","2026-02-11 23:05:33","2026-02-15 02:41:33"
4340,647,18,"fail","2026-01-05 23:54:16","2026-01-30 05:37:48"
4341,3396,209,"fail","2026-01-23 14:10:04","2026-02-04 13:30:04"
4342,2342,499,"fail","2026-02-09 16:39:35","2026-02-16 02:26:23"
4343,415,223,"success","2026-01-03 11:54:32","2026-01-11 15:20:56"
4344,2747,393,"fail","2026-01-15 05:02:35","2026-02-12 15:49:25"
4345,622,319,"success","2026-02-21 07:49:26","2026-02-22 12:14:47"
4346,3648,82,"success","2026-02-05 09:30:08","2026-02-21 14:49:40"
4347,2507,76,"fail","2026-01-03 12:23:42","2026-02-03 02:33:26"
4348,5895,53,"success","2026-02-21 08:56:19","2026-02-22 22:19:54"
4349,505,377,"fail","2026-01-19 22:12:18","2026-01-21 15:54:14"
4350,1792,478,"success","2026-02-25 06:46:18","2026-02-25 09:57:39"
4351,4659,121,"fail","2026-02-05 10:23:31","2026-02-12 04:40:51"
4352,1758,339,"fail","2026-02-12 20:36:16","2026-02-18 00:43:34"
4353,399,130,"success","2026-02-23 03:33:01","2026-02-23 20:14:09"
4354,3742,305,"fail","2026-01-05 12:12:08","2026-01-30 12:38:10"
4355,1080,179,"fail","2026-02-02 08:49:04","2026-02-07 23:50:29"
4356,2212,341,"success","2026-02-08 03:57:27","2026-02-22 16:45:40"
4357,1430,426,"success","2026-02-20 12:56:55","2026-02-25 01:37:41"
4358,867,216,"fail","2026-02-21 07:41:33","2026-02-21 12:30:35"
4359,3034,186,"fail","2026-02-10 18:40:54","2026-02-22 14:19:41"
4360,444,27,"success","2026-02-14 04:51:06","2026-02-23 23:04:52"
4361,3183,285,"success","2026-02-24 22:53:04","2026-02-25 04:58:27"
4362,3146,130,"success","2026-02-14 17:32:11","2026-02-17 08:15:15"
4363,5162,160,"fail","2026-01-12 09:43:18","2026-02-21 16:32:16"
4364,968,491,"fail","2026-01-08 21:49:09","2026-02-20 11:29:19"
4365,3642,207,"success","2026-01-08 11:57:30","2026-01-25 20:28:15"
4366,957,72,"success","2026-01-30 03:49:40","2026-01-30 09:14:40"
4367,4505,243,"success","2026-02-05 13:29:28","2026-02-23 20:29:59"
4368,2880,321,"fail","2026-02-20 05:49:19","2026-02-22 10:37:17"
4369,4355,8,"success","2026-02-21 17:35:43","2026-02-23 12:10:24"
4370,25,136,"success","2026-01-02 03:38:07","2026-02-10 12:58:38"
4371,1309,369,"fail","2026-01-19 00:25:09","2026-02-06 12:24:52"
4372,3072,201,"success","2026-01-23 18:45:01","2026-02-08 12:46:47"
4373,2056,456,"fail","2026-01-25 15:37:02","2026-02-16 18:50:01"
4374,1374,60,"success","2026-01-30 06:03:25","2026-02-19 10:13:33"
4375,3926,436,"success","2026-02-21 05:12:31","2026-02-22 08:25:16"
4376,2769,124,"fail","2026-02-19 18:20:56","2026-02-24 00:30:08"
4377,1647,229,"success","2026-02-04 02:13:12","2026-02-21 21:50:56"
4378,3440,276,"fail","2026-01-31 03:47:29","2026-02-07 04:47:45"
4379,2034,232,"fail","2026-01-31 17:22:16","2026-02-12 16:48:02"
4380,3912,332,"success","2026-02-19 13:03:12","2026-02-22 16:04:39"
4381,406,233,"fail","2026-02-16 02:40:40","2026-02-25 10:10:46"
4382,5607,177,"fail","2026-02-10 04:23:48","2026-02-24 23:54:53"
4383,4154,122,"fail","2026-01-11 00:21:24","2026-01-23 23:45:37"
4384,1388,101,"success","2026-02-11 23:00:12","2026-02-17 13:02:21"
4385,4705,73,"fail","2026-02-01 09:33:32","2026-02-05 18:18:00"
4386,5019,73,"success","2026-01-02 11:21:35","2026-01-06 00:26:12"
4387,68,288,"fail","2026-02-22 11:10:52","2026-02-22 14:53:16"
4388,3575,11,"success","2026-01-26 18:26:09","2026-02-10 01:39:30"
4389,5703,475,"success","2026-01-27 22:04:25","2026-02-07 11:33:23"
4390,5997,149,"fail","2026-01-22 19:53:53","2026-02-14 00:37:56"
4391,5903,420,"fail","2026-02-17 20:18:07","2026-02-23 19:54:46"
4392,3419,27,"success","2026-01-12 20:16:07","2026-02-14 22:11:52"
4393,1784,391,"success","2026-01-13 09:36:37","2026-02-20 00:01:02"
4394,4870,377,"fail","2026-01-25 09:13:32","2026-01-28 03:18:15"
4395,3843,29,"success","2026-02-04 09:47:12","2026-02-20 04:12:53"
4396,4678,452,"success","2026-01-18 02:16:11","2026-02-12 00:52:00"
4397,3517,440,"fail","2026-01-16 02:12:26","2026-02-18 08:44:05"
4398,4540,432,"success","2026-01-21 22:16:04","2026-02-14 23:01:51"
4399,3081,252,"success","2026-02-20 01:35:21","2026-02-21 04:52:19"
4400,3665,73,"success","2026-01-07 00:44:47","2026-02-10 22:26:57"
4401,2071,351,"fail","2026-01-19 19:41:24","2026-02-18 09:29:13"
4402,1724,448,"fail","2026-01-19 22:22:26","2026-02-18 19:12:19"
4403,5011,321,"fail","2026-02-08 05:30:36","2026-02-15 02:36:40"
4404,366,26,"success","2026-02-04 09:35:35","2026-02-11 19:35:41"
4405,3851,348,"fail","2026-02-12 06:11:15","2026-02-13 02:04:14"
4406,3377,217,"success","2026-01-08 15:45:43","2026-02-15 23:45:41"
4407,5499,212,"fail","2026-01-15 01:36:19","2026-02-19 03:19:07"
4408,4809,156,"fail","2026-02-01 04:31:16","2026-02-04 15:04:13"
4409,4994,198,"success","2026-01-12 07:10:00","2026-01-23 18:04:19"
4410,3869,466,"success","2026-02-22 22:06:05","2026-02-23 18:15:41"
4411,1547,231,"fail","2026-02-07 09:22:11","2026-02-22 08:18:35"
4412,1639,317,"success","2026-02-18 06:04:37","2026-02-20 06:04:39"
4413,3324,308,"success","2026-02-07 21:01:18","2026-02-12 04:22:10"
4414,2510,430,"fail","2026-01-30 12:37:07","2026-02-17 01:08:37"
4415,4005,124,"fail","2026-01-24 15:58:10","2026-02-19 03:42:40"
4416,3511,80,"fail","2026-01-01 08:18:56","2026-01-11 07:22:01"
4417,187,162,"success","2026-02-22 00:45:31","2026-02-23 02:16:25"
4418,1627,10,"fail","2026-01-13 23:56:02","2026-01-26 16:21:47"
4419,4034,142,"success","2026-01-17 05:49:43","2026-01-20 11:32:21"
4420,3823,21,"success","2026-02-04 08:20:29","2026-02-08 05:10:14"
4421,2458,312,"success","2026-02-12 19:07:53","2026-02-19 17:35:30"
4422,5220,316,"success","2026-01-14 07:52:19","2026-01-25 06:50:55"
4423,4465,96,"success","2026-02-10 13:50:30","2026-02-19 15:58:36"
4424,1382,130,"success","2026-02-14 13:32:51","2026-02-20 15:17:49"
4425,3720,261,"fail","2026-02-22 13:25:52","2026-02-22 13:35:34"
4426,937,455,"success","2026-02-03 05:26:04","2026-02-21 23:34:52"
4427,5048,121,"fail","2026-01-07 17:45:06","2026-02-17 05:16:17"
4428,2813,67,"fail","2026-01-28 03:03:06","2026-02-18 03:36:12"
4429,2210,12,"fail","2026-01-06 18:59:45","2026-01-30 14:18:00"
4430,366,208,"success","2026-02-10 18:52:17","2026-02-22 04:19:42"
4431,3523,45,"success","2026-02-01 04:24:47","2026-02-01 15:35:12"
4432,1666,247,"fail","2026-01-28 08:25:57","2026-02-04 16:29:40"
4433,2933,226,"fail","2026-01-01 08:37:08","2026-01-14 23:18:21"
4434,4589,489,"fail","2026-02-07 12:16:42","2026-02-21 15:41:11"
4435,1866,70,"fail","2026-02-16 04:10:53","2026-02-16 14:13:54"
4436,877,385,"success","2026-01-11 13:01:14","2026-02-13 02:14:36"
4437,4596,344,"success","2026-02-06 08:57:05","2026-02-20 18:04:01"
4438,1473,139,"success","2026-01-27 15:02:54","2026-02-14 07:07:52"
4439,5743,484,"success","2026-02-17 18:34:33","2026-02-21 21:12:38"
4440,228,309,"fail","2026-02-20 02:00:27","2026-02-25 09:53:53"
4441,4977,279,"fail","2026-02-09 04:31:08","2026-02-17 12:39:47"
4442,456,377,"fail","2026-01-28 13:25:48","2026-01-29 09:35:02"
4443,5718,19,"success","2026-02-21 08:05:34","2026-02-24 23:08:17"
4444,4487,130,"fail","2026-01-01 11:44:05","2026-01-29 11:22:47"
4445,2732,88,"fail","2026-02-22 11:27:03","2026-02-23 14:13:41"
4446,2389,465,"success","2026-01-02 23:32:07","2026-02-10 15:29:53"
4447,3628,372,"fail","2026-01-11 22:31:47","2026-01-30 05:33:51"
4448,2617,334,"success","2026-02-23 14:01:46","2026-02-24 03:56:02"
4449,539,9,"success","2026-01-24 14:30:09","2026-02-15 00:05:49"
4450,4364,395,"fail","2026-02-21 23:10:52","2026-02-23 13:51:22"
4451,4071,42,"success","2026-02-07 19:03:59","2026-02-12 04:01:33"
4452,3835,491,"fail","2026-02-11 13:02:16","2026-02-24 11:44:48"
4453,2341,238,"fail","2026-02-15 22:42:26","2026-02-24 02:23:44"
4454,3053,420,"fail","2026-02-22 11:53:43","2026-02-24 14:43:01"
4455,3625,34,"fail","2026-02-20 19:41:48","2026-02-23 18:14:35"
4456,4562,83,"fail","2026-01-17 09:05:27","2026-01-28 01:20:30"
4457,37,279,"success","2026-01-13 07:19:19","2026-02-14 23:08:30"
4458,1043,367,"success","2026-01-09 02:48:59","2026-01-11 20:26:26"
4459,5861,362,"success","2026-01-15 13:31:13","2026-02-09 06:43:36"
4460,5687,435,"fail","2026-01-22 01:45:40","2026-01-31 22:20:53"
4461,2523,430,"success","2026-02-09 11:03:25","2026-02-13 10:17:33"
4462,4047,261,"fail","2026-02-02 01:54:16","2026-02-06 01:29:35"
4463,3147,93,"success","2026-01-17 04:00:21","2026-02-24 00:11:33"
4464,5418,415,"fail","2026-02-04 18:54:12","2026-02-15 08:39:53"
4465,858,353,"fail","2026-01-15 10:11:06","2026-02-19 10:56:48"
4466,2717,487,"fail","2026-01-23 08:27:53","2026-02-09 23:14:30"
4467,4537,382,"success","2026-02-15 18:10:00","2026-02-21 19:27:07"
4468,4995,102,"fail","2026-02-05 11:32:27","2026-02-14 16:11:52"
4469,169,247,"success","2026-01-27 19:41:28","2026-02-16 19:27:57"
4470,1109,22,"success","2026-01-21 01:49:22","2026-02-11 22:08:20"
4471,382,293,"fail","2026-02-13 01:42:04","2026-02-16 04:10:02"
4472,5246,72,"fail","2026-01-08 18:08:03","2026-02-23 13:30:39"
4473,681,332,"success","2026-01-28 01:15:25","2026-02-15 18:56:16"
4474,5570,474,"success","2026-01-18 20:03:19","2026-01-22 20:53:24"
4475,1427,196,"success","2026-01-18 14:26:54","2026-02-05 04:59:20"
4476,424,356,"fail","2026-02-12 06:45:49","2026-02-13 14:01:38"
4477,1868,409,"fail","2026-02-16 07:10:35","2026-02-24 17:03:03"
4478,4007,283,"fail","2026-02-08 14:25:11","2026-02-16 08:44:16"
4479,3957,236,"fail","2026-02-22 12:02:45","2026-02-23 00:54:49"
4480,2403,31,"success","2026-01-08 22:01:15","2026-02-12 05:30:10"
4481,3687,37,"fail","2026-02-21 02:37:44","2026-02-25 06:33:28"
4482,4725,341,"fail","2026-02-12 00:16:50","2026-02-12 01:43:37"
4483,1717,499,"fail","2026-01-27 19:14:52","2026-02-03 23:36:06"
4484,3935,193,"success","2026-01-22 12:10:57","2026-02-06 04:42:11"
4485,2023,334,"fail","2026-02-14 07:46:19","2026-02-15 09:17:08"
4486,76,358,"success","2026-02-09 10:33:34","2026-02-23 17:52:20"
4487,2652,31,"success","2026-02-08 11:05:30","2026-02-17 21:13:07"
4488,3178,259,"fail","2026-01-04 01:10:25","2026-02-16 00:46:38"
4489,2467,245,"success","2026-01-09 13:20:17","2026-01-29 11:38:33"
4490,4032,178,"success","2026-01-31 20:31:06","2026-02-20 09:00:15"
4491,1562,245,"fail","2026-02-17 18:00:04","2026-02-25 05:39:14"
4492,4641,59,"fail","2026-02-22 14:01:34","2026-02-24 21:23:29"
4493,2052,385,"success","2026-01-13 04:23:24","2026-01-16 01:37:17"
4494,1579,447,"success","2026-02-17 03:54:20","2026-02-18 03:50:05"
4495,1999,351,"fail","2026-01-07 03:17:53","2026-01-09 07:39:02"
4496,2990,84,"success","2026-01-13 23:26:47","2026-02-16 01:59:31"
4497,5716,472,"fail","2026-01-14 00:24:00","2026-01-22 11:32:44"
4498,2429,12,"fail","2026-02-13 12:14:04","2026-02-25 08:10:08"
4499,1855,498,"success","2026-01-14 17:01:34","2026-01-21 19:50:34"
4500,2134,40,"success","2026-02-08 17:52:26","2026-02-23 04:43:32"
4501,5101,308,"success","2026-01-09 18:18:23","2026-02-24 18:58:52"
4502,1044,377,"success","2026-01-02 02:34:52","2026-02-05 08:25:30"
4503,75,33,"fail","2026-01-25 13:27:52","2026-02-04 15:43:59"
4504,5419,16,"fail","2026-01-12 15:30:16","2026-02-21 19:36:26"
4505,677,91,"fail","2026-01-28 05:33:13","2026-02-14 19:01:01"
4506,3392,475,"success","2026-01-18 22:17:48","2026-02-16 05:23:47"
4507,4642,344,"success","2026-02-10 13:06:46","2026-02-18 02:08:14"
4508,2850,469,"fail","2026-01-02 12:11:39","2026-01-26 01:32:41"
4509,1400,472,"fail","2026-02-23 21:43:04","2026-02-24 19:22:33"
4510,1920,258,"fail","2026-02-05 20:40:49","2026-02-16 00:49:01"
4511,5597,49,"fail","2026-02-07 02:34:19","2026-02-24 19:11:22"
4512,495,344,"fail","2026-01-23 23:20:51","2026-01-31 16:51:02"
4513,4377,374,"success","2026-02-14 01:08:49","2026-02-20 20:10:18"
4514,3540,336,"success","2026-02-05 11:27:45","2026-02-06 19:02:31"
4515,1781,275,"success","2026-01-20 18:50:05","2026-02-09 21:25:12"
4516,2950,403,"success","2026-02-03 14:48:44","2026-02-17 13:18:16"
4517,2866,145,"fail","2026-01-24 12:10:31","2026-01-30 03:30:06"
4518,1688,251,"fail","2026-01-31 07:38:40","2026-02-04 22:07:52"
4519,4833,29,"success","2026-02-23 13:36:05","2026-02-24 23:12:27"
4520,4855,57,"success","2026-01-05 06:16:57","2026-02-09 04:08:24"
4521,4687,286,"fail","2026-02-04 14:09:05","2026-02-14 16:23:33"
4522,4078,262,"fail","2026-02-10 04:04:50","2026-02-15 00:38:16"
4523,3784,185,"success","2026-02-02 19:47:44","2026-02-12 22:29:06"
4524,5402,317,"fail","2026-02-14 20:23:01","2026-02-23 03:27:36"
4525,1172,83,"success","2026-01-04 13:05:40","2026-01-12 08:58:49"
4526,4154,461,"success","2026-02-24 16:17:16","2026-02-25 06:56:20"
4527,4081,282,"success","2026-01-10 16:51:10","2026-01-23 21:23:57"
4528,2699,431,"fail","2026-01-04 14:43:13","2026-02-12 03:57:18"
4529,4749,366,"success","2026-02-05 01:33:55","2026-02-05 04:20:17"
4530,5087,155,"fail","2026-01-07 20:17:29","2026-02-10 18:56:00"
4531,1383,334,"success","2026-01-23 22:13:24","2026-02-11 02:35:00"
4532,1920,68,"fail","2026-01-04 06:08:40","2026-02-17 10:27:57"
4533,2462,105,"fail","2026-01-02 02:55:09","2026-01-15 10:29:41"
4534,616,212,"success","2026-02-19 18:22:52","2026-02-21 01:42:35"
4535,1359,104,"success","2026-01-19 07:20:18","2026-01-21 04:02:55"
4536,980,359,"fail","2026-01-17 11:49:51","2026-02-11 02:37:04"
4537,3243,35,"success","2026-02-24 15:37:38","2026-02-25 06:47:08"
4538,5285,55,"fail","2026-02-22 15:28:05","2026-02-23 18:58:23"
4539,5196,488,"fail","2026-01-22 11:53:12","2026-02-13 20:51:43"
4540,5737,183,"fail","2026-01-29 19:59:06","2026-02-04 20:16:04"
4541,2993,120,"fail","2026-01-12 14:59:46","2026-01-31 04:45:52"
4542,4754,327,"fail","2026-01-13 00:36:52","2026-01-31 14:44:56"
4543,906,168,"fail","2026-01-23 23:59:33","2026-02-02 00:12:12"
4544,2251,281,"success","2026-01-26 10:30:48","2026-02-02 05:32:51"
4545,2377,18,"fail","2026-02-14 14:55:57","2026-02-16 18:23:44"
4546,997,443,"success","2026-02-10 05:58:19","2026-02-10 13:09:44"
4547,246,96,"success","2026-01-28 09:58:22","2026-01-29 20:05:25"
4548,5226,273,"success","2026-01-07 21:51:47","2026-01-22 03:19:48"
4549,4151,461,"success","2026-01-10 22:18:02","2026-02-17 16:28:13"
4550,2181,343,"fail","2026-01-25 00:39:05","2026-02-03 17:13:11"
4551,4341,166,"fail","2026-01-01 04:57:18","2026-01-11 05:37:18"
4552,4280,436,"success","2026-02-01 16:22:51","2026-02-11 19:03:34"
4553,2474,336,"fail","2026-01-16 09:15:45","2026-02-14 06:56:33"
4554,326,358,"fail","2026-02-04 20:22:27","2026-02-21 11:56:33"
4555,1420,338,"fail","2026-01-06 18:54:56","2026-02-13 19:07:25"
4556,4669,449,"fail","2026-02-15 21:15:35","2026-02-24 19:51:40"
4557,4529,223,"fail","2026-02-14 18:21:38","2026-02-24 07:08:37"
4558,5689,461,"success","2026-02-16 13:09:09","2026-02-21 10:59:14"
4559,230,192,"fail","2026-01-24 03:58:40","2026-01-28 15:59:28"
4560,3985,414,"success","2026-01-22 02:12:46","2026-02-14 07:16:37"
4561,5799,490,"fail","2026-01-05 12:50:37","2026-02-12 05:22:23"
4562,3417,450,"fail","2026-02-17 11:23:00","2026-02-20 00:30:20"
4563,4565,192,"fail","2026-01-10 11:57:30","2026-01-12 08:57:44"
4564,2395,479,"fail","2026-01-21 16:24:22","2026-02-19 16:56:02"
4565,4511,392,"fail","2026-02-09 16:34:34","2026-02-22 05:58:37"
4566,2125,221,"success","2026-01-30 12:29:45","2026-02-07 03:05:40"
4567,2364,394,"success","2026-02-06 17:37:16","2026-02-25 04:01:46"
4568,5423,192,"success","2026-01-06 13:31:12","2026-01-22 18:16:19"
4569,5036,482,"fail","2026-02-24 15:59:30","2026-02-25 11:08:37"
4570,1924,405,"fail","2026-01-21 18:16:44","2026-01-24 01:32:55"
4571,2065,77,"success","2026-01-18 13:21:22","2026-02-22 13:14:55"
4572,3207,123,"success","2026-01-16 15:42:21","2026-01-17 08:35:34"
4573,1373,210,"success","2026-01-08 04:17:19","2026-02-01 06:23:00"
4574,3934,396,"fail","2026-01-01 05:41:23","2026-02-03 05:14:07"
4575,4934,282,"fail","2026-02-17 10:46:31","2026-02-20 23:01:05"
4576,2488,344,"success","2026-01-07 13:03:39","2026-02-04 21:36:51"
4577,5127,132,"success","2026-01-25 08:22:44","2026-01-30 12:00:30"
4578,2313,304,"success","2026-01-18 04:13:03","2026-02-20 04:34:00"
4579,91,360,"success","2026-01-04 04:26:30","2026-02-19 00:00:12"
4580,2022,171,"success","2026-01-18 13:43:33","2026-02-08 14:12:12"
4581,5821,184,"success","2026-01-02 15:29:41","2026-01-27 09:17:26"
4582,327,145,"fail","2026-02-21 13:28:08","2026-02-25 08:08:35"
4583,3681,20,"fail","2026-02-20 04:25:26","2026-02-23 16:24:30"
4584,5703,40,"fail","2026-01-11 23:28:59","2026-02-07 04:01:37"
4585,5436,282,"success","2026-02-12 05:35:09","2026-02-24 11:01:23"
4586,3616,286,"fail","2026-02-13 01:48:55","2026-02-23 15:03:50"
4587,4664,327,"fail","2026-02-15 18:45:45","2026-02-19 09:39:39"
4588,1707,366,"success","2026-01-29 05:54:25","2026-02-22 21:49:32"
4589,571,121,"success","2026-02-19 23:09:29","2026-02-22 08:54:18"
4590,5496,180,"success","2026-02-20 21:55:13","2026-02-22 22:45:32"
4591,4268,400,"fail","2026-01-18 01:21:50","2026-02-22 00:17:19"
4592,3233,286,"success","2026-01-04 22:06:31","2026-02-09 15:12:15"
4593,2361,254,"success","2026-02-21 10:48:50","2026-02-25 07:23:27"
4594,2064,208,"fail","2026-01-31 02:09:40","2026-02-19 07:57:23"
4595,1698,82,"fail","2026-02-25 09:45:14","2026-02-25 10:01:21"
4596,1862,392,"fail","2026-01-23 12:18:49","2026-02-24 08:22:06"
4597,669,359,"fail","2026-02-10 10:50:54","2026-02-21 18:23:44"
4598,1822,243,"fail","2026-01-29 07:16:04","2026-02-23 10:19:39"
4599,3587,380,"success","2026-01-20 14:18:16","2026-02-10 11:03:35"
4600,3252,316,"fail","2026-01-23 01:46:39","2026-01-27 17:16:01"
4601,4408,341,"fail","2026-01-31 16:36:35","2026-01-31 22:41:36"
4602,4070,396,"fail","2026-01-28 15:47:33","2026-02-24 08:58:27"
4603,5312,367,"fail","2026-02-07 13:06:13","2026-02-21 14:53:43"
4604,1872,224,"fail","2026-01-19 12:56:33","2026-02-05 22:19:01"
4605,3188,153,"success","2026-01-14 07:44:57","2026-01-27 15:55:06"
4606,5595,46,"fail","2026-02-08 01:43:45","2026-02-19 11:26:14"
4607,1887,287,"fail","2026-02-18 10:41:58","2026-02-23 23:57:42"
4608,5947,169,"fail","2026-01-20 07:49:16","2026-01-29 16:34:46"
4609,5721,373,"fail","2026-02-07 04:16:38","2026-02-23 00:15:36"
4610,3049,310,"success","2026-01-16 21:28:10","2026-02-10 21:33:32"
4611,5387,307,"fail","2026-01-17 00:59:06","2026-02-21 05:32:50"
4612,15,216,"success","2026-01-26 19:21:07","2026-02-08 12:55:52"
4613,3208,386,"fail","2026-01-19 08:05:37","2026-01-23 16:02:41"
4614,385,80,"fail","2026-01-24 10:39:09","2026-02-18 14:32:04"
4615,4383,319,"success","2026-01-02 20:19:25","2026-02-15 02:30:23"
4616,4377,323,"fail","2026-02-20 05:00:43","2026-02-24 14:24:18"
4617,402,389,"fail","2026-01-08 06:29:06","2026-01-18 11:40:27"
4618,296,478,"success","2026-01-22 17:26:16","2026-02-25 03:48:41"
4619,3457,135,"fail","2026-02-09 03:06:59","2026-02-24 04:19:53"
4620,5655,18,"success","2026-01-09 00:15:47","2026-02-13 08:24:19"
4621,738,68,"fail","2026-01-31 01:18:01","2026-02-22 01:27:02"
4622,3500,139,"fail","2026-01-07 01:12:01","2026-01-08 00:58:25"
4623,619,271,"fail","2026-01-06 11:03:37","2026-01-08 00:38:29"
4624,3614,149,"success","2026-02-04 20:44:02","2026-02-05 10:59:08"
4625,5033,76,"fail","2026-01-14 08:27:13","2026-02-13 23:16:29"
4626,4408,365,"fail","2026-01-12 13:50:17","2026-02-08 11:14:18"
4627,2615,23,"success","2026-02-12 18:06:01","2026-02-14 07:43:57"
4628,2190,170,"success","2026-02-19 21:48:00","2026-02-20 04:16:30"
4629,5622,494,"fail","2026-01-12 04:23:31","2026-01-31 00:46:57"
4630,4386,21,"success","2026-01-01 04:37:54","2026-02-02 11:21:49"
4631,2851,271,"fail","2026-02-24 05:19:13","2026-02-24 06:46:48"
4632,1266,254,"success","2026-02-02 12:21:47","2026-02-09 17:14:53"
4633,5575,133,"fail","2026-01-12 18:57:11","2026-02-24 13:22:53"
4634,423,228,"fail","2026-01-29 21:35:39","2026-02-14 13:23:48"
4635,1289,228,"success","2026-01-21 05:20:49","2026-02-17 12:48:22"
4636,2432,284,"fail","2026-01-18 17:30:10","2026-02-03 20:43:38"
4637,4218,405,"fail","2026-02-09 01:35:29","2026-02-12 10:45:04"
4638,3255,130,"fail","2026-01-20 00:20:54","2026-02-05 01:01:58"
4639,2865,340,"success","2026-02-12 20:54:58","2026-02-14 00:20:15"
4640,3292,484,"fail","2026-02-16 19:44:03","2026-02-21 02:17:53"
4641,1000,498,"fail","2026-02-02 10:01:04","2026-02-05 19:03:49"
4642,4784,192,"success","2026-02-09 07:28:13","2026-02-14 09:27:39"
4643,4850,132,"fail","2026-02-06 14:18:43","2026-02-15 04:51:44"
4644,3888,421,"fail","2026-02-09 03:51:15","2026-02-21 00:42:15"
4645,2589,185,"fail","2026-01-10 22:57:09","2026-02-08 01:45:33"
4646,371,250,"fail","2026-01-28 01:05:22","2026-02-20 17:22:10"
4647,1688,215,"fail","2026-02-16 21:47:17","2026-02-23 09:19:01"
4648,675,136,"fail","2026-01-10 15:51:52","2026-02-13 11:27:32"
4649,974,299,"success","2026-01-16 05:16:10","2026-01-16 12:19:53"
4650,5194,392,"fail","2026-02-11 15:38:16","2026-02-16 04:26:06"
4651,2946,168,"fail","2026-01-19 04:42:32","2026-02-01 16:02:51"
4652,2591,379,"fail","2026-01-18 19:15:01","2026-01-31 16:23:35"
4653,2983,418,"fail","2026-02-09 18:15:21","2026-02-17 03:22:16"
4654,415,493,"fail","2026-02-03 09:19:02","2026-02-07 06:04:36"
4655,1944,165,"success","2026-02-03 16:19:49","2026-02-06 00:23:07"
4656,5942,225,"fail","2026-01-20 16:14:02","2026-02-03 16:28:59"
4657,4450,369,"success","2026-02-15 02:19:31","2026-02-22 08:54:24"
4658,1212,225,"success","2026-02-02 08:59:18","2026-02-23 16:24:18"
4659,2639,370,"success","2026-01-24 16:44:57","2026-01-27 14:42:37"
4660,2869,117,"fail","2026-01-06 17:27:35","2026-02-10 08:31:29"
4661,420,404,"fail","2026-01-06 08:27:43","2026-01-24 03:09:13"
4662,3758,349,"fail","2026-01-14 06:33:48","2026-01-16 06:19:20"
4663,2153,75,"fail","2026-02-10 19:16:38","2026-02-20 12:39:39"
4664,5264,116,"success","2026-02-21 01:35:53","2026-02-23 07:39:05"
4665,259,315,"success","2026-01-11 16:13:40","2026-02-22 23:51:09"
4666,5907,276,"success","2026-02-11 12:30:06","2026-02-12 13:02:27"
4667,1853,157,"success","2026-01-26 13:42:22","2026-02-08 14:00:54"
4668,708,3,"success","2026-02-18 09:57:30","2026-02-18 12:21:48"
4669,2459,278,"success","2026-02-11 22:18:08","2026-02-13 16:11:45"
4670,1209,374,"fail","2026-02-12 03:00:08","2026-02-12 10:49:00"
4671,3512,321,"fail","2026-01-26 03:47:15","2026-01-30 05:30:58"
4672,4139,90,"success","2026-01-11 16:17:11","2026-01-28 05:30:34"
4673,1881,110,"fail","2026-01-26 02:55:04","2026-01-30 15:20:11"
4674,315,373,"success","2026-02-03 11:51:25","2026-02-12 19:50:48"
4675,1781,312,"success","2026-02-19 05:57:08","2026-02-25 00:14:26"
4676,4764,326,"fail","2026-02-12 02:51:40","2026-02-20 16:16:00"
4677,1493,64,"success","2026-01-19 22:54:58","2026-02-19 21:56:25"
4678,5627,91,"fail","2026-02-22 06:55:25","2026-02-25 07:58:47"
4679,713,424,"fail","2026-01-03 02:46:49","2026-02-19 11:52:01"
4680,2693,42,"fail","2026-02-02 01:14:13","2026-02-07 02:23:14"
4681,5584,8,"success","2026-01-08 15:59:07","2026-01-15 04:07:43"
4682,1250,302,"fail","2026-01-27 08:19:22","2026-02-20 18:23:12"
4683,865,235,"fail","2026-01-15 02:37:59","2026-01-29 02:13:46"
4684,3055,216,"fail","2026-02-24 09:48:26","2026-02-25 10:44:55"
4685,5868,164,"success","2026-02-17 14:41:01","2026-02-18 06:25:14"
4686,264,360,"fail","2026-01-27 21:23:20","2026-02-15 04:31:17"
4687,3941,224,"fail","2026-01-24 13:08:07","2026-02-11 23:52:11"
4688,1370,38,"fail","2026-01-24 18:32:10","2026-02-05 15:32:07"
4689,2573,54,"fail","2026-01-14 10:20:26","2026-02-22 01:20:19"
4690,4525,216,"success","2026-01-23 20:16:15","2026-01-25 16:03:22"
4691,3219,108,"success","2026-02-22 13:31:18","2026-02-24 16:38:29"
4692,1453,104,"fail","2026-01-19 02:40:15","2026-02-12 12:46:14"
4693,5146,486,"success","2026-02-23 14:40:59","2026-02-25 06:28:42"
4694,1760,170,"fail","2026-01-19 05:55:41","2026-01-19 07:47:33"
4695,5650,197,"fail","2026-02-17 10:53:42","2026-02-20 23:41:45"
4696,4252,112,"success","2026-01-24 14:09:28","2026-02-09 02:34:00"
4697,4661,384,"fail","2026-02-25 05:26:25","2026-02-25 06:51:59"
4698,485,388,"success","2026-01-16 12:18:57","2026-02-03 02:43:45"
4699,2446,193,"fail","2026-01-07 15:08:07","2026-02-24 04:23:03"
4700,1388,462,"success","2026-01-22 18:00:31","2026-02-24 00:44:59"
4701,956,167,"fail","2026-02-01 03:30:43","2026-02-03 14:14:09"
4702,4364,182,"fail","2026-01-26 01:57:12","2026-01-27 00:41:47"
4703,3715,432,"success","2026-02-25 06:16:19","2026-02-25 10:14:48"
4704,2440,474,"fail","2026-01-30 03:16:01","2026-02-15 13:47:40"
4705,2081,414,"success","2026-01-19 15:34:54","2026-02-08 22:58:19"
4706,5675,155,"fail","2026-01-23 05:48:29","2026-02-16 05:18:00"
4707,401,14,"success","2026-01-28 18:39:32","2026-01-29 15:17:38"
4708,440,489,"success","2026-01-16 12:35:25","2026-01-22 22:59:57"
4709,1295,468,"success","2026-02-05 09:54:46","2026-02-22 01:44:41"
4710,2950,84,"fail","2026-01-21 15:36:20","2026-02-11 02:19:56"
4711,5843,129,"success","2026-01-29 14:50:22","2026-02-13 04:22:13"
4712,5241,439,"fail","2026-01-01 05:00:26","2026-01-22 02:04:16"
4713,4494,67,"success","2026-02-22 08:06:57","2026-02-22 12:38:07"
4714,4021,225,"fail","2026-01-12 18:53:32","2026-01-24 21:25:14"
4715,5594,266,"success","2026-01-14 13:26:33","2026-02-23 15:59:53"
4716,1162,38,"success","2026-01-19 20:10:55","2026-02-22 04:25:22"
4717,4226,210,"success","2026-02-21 12:48:39","2026-02-21 13:17:07"
4718,4262,185,"success","2026-02-22 02:03:34","2026-02-24 11:48:44"
4719,5078,317,"fail","2026-01-24 05:35:53","2026-01-29 00:52:29"
4720,83,186,"fail","2026-01-06 05:22:42","2026-01-08 15:57:07"
4721,1962,56,"fail","2026-02-01 06:16:24","2026-02-19 07:00:06"
4722,1641,242,"success","2026-01-30 06:57:40","2026-01-31 00:49:20"
4723,1733,223,"fail","2026-01-20 12:32:12","2026-02-13 12:51:53"
4724,2139,311,"fail","2026-02-17 19:48:57","2026-02-21 11:29:06"
4725,5689,4,"fail","2026-02-03 08:24:11","2026-02-03 14:39:47"
4726,1084,374,"fail","2026-02-05 17:10:00","2026-02-10 17:34:14"
4727,3688,327,"success","2026-01-20 05:43:11","2026-01-21 07:45:18"
4728,4180,463,"fail","2026-01-05 22:45:49","2026-01-21 06:36:08"
4729,4498,186,"success","2026-02-21 22:27:16","2026-02-24 02:35:52"
4730,4623,273,"fail","2026-01-31 01:30:35","2026-02-02 13:31:46"
4731,1491,188,"success","2026-01-15 21:49:59","2026-01-16 11:22:46"
4732,1992,63,"fail","2026-01-10 20:19:15","2026-02-24 09:20:44"
4733,4717,410,"fail","2026-01-08 09:06:43","2026-01-30 20:02:56"
4734,586,110,"success","2026-01-21 08:53:37","2026-01-22 02:16:51"
4735,5121,474,"fail","2026-01-24 18:57:37","2026-01-24 19:43:04"
4736,1481,229,"fail","2026-02-08 10:53:47","2026-02-23 01:22:42"
4737,2873,138,"fail","2026-02-11 01:49:56","2026-02-25 08:45:38"
4738,4727,245,"success","2026-01-06 02:15:30","2026-01-14 09:25:47"
4739,214,89,"success","2026-02-12 19:35:57","2026-02-15 07:47:35"
4740,591,169,"fail","2026-02-14 06:32:40","2026-02-20 05:06:48"
4741,1670,407,"fail","2026-01-19 05:02:38","2026-01-28 07:34:15"
4742,131,372,"fail","2026-01-19 17:33:34","2026-02-04 01:25:40"
4743,2687,98,"fail","2026-02-18 09:12:08","2026-02-22 02:09:56"
4744,4474,330,"success","2026-02-23 03:59:53","2026-02-24 15:57:25"
4745,3338,338,"success","2026-02-07 19:22:39","2026-02-11 16:49:03"
4746,4367,143,"fail","2026-01-04 07:57:11","2026-01-26 19:50:48"
4747,2614,291,"fail","2026-02-16 17:57:04","2026-02-19 15:42:19"
4748,2238,64,"success","2026-01-23 02:24:55","2026-02-03 00:21:44"
4749,1932,317,"success","2026-02-06 00:58:07","2026-02-22 17:19:26"
4750,2731,462,"success","2026-02-07 15:27:30","2026-02-13 11:12:57"
4751,674,446,"fail","2026-02-23 07:47:56","2026-02-24 23:44:41"
4752,3613,416,"fail","2026-02-15 01:03:15","2026-02-16 18:13:51"
4753,362,134,"fail","2026-01-20 08:56:28","2026-01-29 01:16:38"
4754,5052,336,"success","2026-02-09 10:38:22","2026-02-23 21:43:06"
4755,1164,228,"fail","2026-01-25 16:49:26","2026-01-26 11:21:25"
4756,1498,203,"success","2026-02-15 21:35:29","2026-02-23 01:20:34"
4757,4471,36,"success","2026-01-21 07:55:46","2026-02-23 04:06:45"
4758,50,204,"fail","2026-01-25 01:43:19","2026-02-13 07:44:33"
4759,3868,3,"success","2026-02-22 08:18:30","2026-02-25 10:53:06"
4760,2774,82,"success","2026-02-13 05:34:34","2026-02-15 05:27:42"
4761,4276,187,"success","2026-01-02 04:47:21","2026-02-03 14:11:06"
4762,4451,148,"fail","2026-01-04 09:13:47","2026-01-28 16:25:47"
4763,2039,342,"success","2026-01-14 18:17:15","2026-02-21 22:35:07"
4764,5218,162,"success","2026-02-25 06:30:37","2026-02-25 09:49:30"
4765,4782,294,"success","2026-01-04 19:53:42","2026-02-22 12:20:07"
4766,2473,280,"success","2026-01-09 04:41:50","2026-01-15 09:24:44"
4767,2809,34,"success","2026-02-08 12:50:23","2026-02-18 11:25:12"
4768,4141,187,"success","2026-01-15 14:05:29","2026-02-16 05:07:41"
4769,5316,434,"fail","2026-02-11 13:42:47","2026-02-24 05:56:36"
4770,3927,440,"success","2026-02-07 10:13:22","2026-02-17 19:53:24"
4771,4841,466,"fail","2026-02-22 11:08:44","2026-02-24 07:14:15"
4772,5934,143,"fail","2026-02-14 15:22:36","2026-02-22 06:59:38"
4773,4231,74,"fail","2026-02-24 11:17:02","2026-02-24 17:03:03"
4774,3956,404,"success","2026-01-02 22:16:16","2026-01-09 10:34:35"
4775,2666,386,"success","2026-02-04 00:58:11","2026-02-24 21:26:44"
4776,204,300,"fail","2026-01-12 19:09:40","2026-01-16 22:19:21"
4777,4837,116,"fail","2026-01-07 20:21:01","2026-02-21 11:05:51"
4778,4080,11,"fail","2026-01-07 09:52:52","2026-01-31 20:08:47"
4779,6001,65,"fail","2026-01-10 00:17:10","2026-01-15 07:23:14"
4780,2389,197,"success","2026-01-10 19:32:25","2026-02-05 02:26:30"
4781,4856,359,"success","2026-02-15 14:02:27","2026-02-23 19:58:20"
4782,3871,217,"success","2026-02-19 05:24:35","2026-02-21 00:17:39"
4783,5752,99,"success","2026-02-18 03:07:07","2026-02-21 16:45:32"
4784,2411,164,"fail","2026-02-20 22:53:53","2026-02-23 03:36:40"
4785,3142,5,"success","2026-01-12 04:51:04","2026-01-17 00:23:09"
4786,2552,91,"fail","2026-01-02 04:30:20","2026-01-21 17:55:19"
4787,2553,291,"success","2026-01-28 18:59:34","2026-02-23 12:58:24"
4788,2746,247,"fail","2026-02-02 02:30:28","2026-02-14 12:20:08"
4789,2744,187,"fail","2026-02-03 16:57:21","2026-02-07 02:27:42"
4790,326,69,"success","2026-01-10 02:46:51","2026-02-04 19:54:38"
4791,4510,219,"fail","2026-01-02 08:53:11","2026-01-22 02:05:24"
4792,664,242,"fail","2026-01-25 00:44:30","2026-02-08 13:25:58"
4793,1935,410,"success","2026-01-01 14:06:41","2026-01-12 14:04:17"
4794,4524,426,"fail","2026-02-09 05:15:15","2026-02-10 05:59:04"
4795,1528,82,"fail","2026-01-21 04:54:12","2026-02-13 19:06:43"
4796,554,224,"success","2026-02-05 19:49:23","2026-02-21 00:07:32"
4797,480,89,"fail","2026-01-24 08:05:17","2026-02-21 14:02:26"
4798,5313,235,"fail","2026-02-20 17:52:16","2026-02-25 01:16:58"
4799,3903,220,"fail","2026-02-22 07:11:51","2026-02-24 14:17:41"
4800,5466,425,"fail","2026-01-26 13:35:27","2026-02-20 04:43:46"
4801,1885,218,"fail","2026-01-03 18:10:45","2026-02-23 13:30:43"
4802,5783,446,"fail","2026-01-19 08:17:59","2026-02-08 14:31:54"
4803,5593,149,"success","2026-01-01 02:18:37","2026-01-12 21:36:30"
4804,3647,55,"fail","2026-01-23 17:59:04","2026-01-27 22:27:43"
4805,4471,129,"success","2026-01-17 03:30:53","2026-02-24 05:26:16"
4806,3966,240,"fail","2026-01-24 01:20:59","2026-02-14 02:27:18"
4807,3255,69,"fail","2026-02-19 05:00:05","2026-02-20 03:46:23"
4808,3501,497,"fail","2026-02-04 01:40:26","2026-02-22 13:22:08"
4809,3518,317,"fail","2026-02-25 01:35:51","2026-02-25 04:46:00"
4810,1061,155,"success","2026-01-15 09:12:46","2026-02-06 18:35:46"
4811,5314,258,"fail","2026-01-16 02:40:27","2026-01-25 07:20:06"
4812,808,230,"success","2026-01-26 16:40:26","2026-01-28 13:42:07"
4813,3905,111,"fail","2026-01-29 14:32:38","2026-02-02 07:20:02"
4814,3618,158,"fail","2026-02-21 17:46:01","2026-02-23 23:09:11"
4815,3618,56,"fail","2026-02-01 04:54:19","2026-02-09 20:14:32"
4816,5268,119,"fail","2026-02-20 22:42:03","2026-02-23 02:12:46"
4817,549,67,"success","2026-02-15 00:35:25","2026-02-15 07:10:32"
4818,2328,62,"fail","2026-02-02 16:25:33","2026-02-11 00:23:10"
4819,4759,283,"fail","2026-01-06 16:52:13","2026-02-18 19:52:00"
4820,2932,402,"fail","2026-02-22 23:03:59","2026-02-25 02:37:13"
4821,4613,495,"fail","2026-01-02 03:13:18","2026-01-25 13:21:55"
4822,1146,375,"fail","2026-01-22 23:01:06","2026-01-27 13:06:21"
4823,828,204,"success","2026-02-15 21:07:04","2026-02-16 07:51:17"
4824,4947,135,"fail","2026-02-06 03:13:01","2026-02-07 05:08:47"
4825,1259,212,"success","2026-02-08 02:15:03","2026-02-13 13:19:39"
4826,1547,66,"success","2026-01-02 19:40:22","2026-02-21 16:36:28"
4827,2269,446,"success","2026-02-16 08:57:29","2026-02-17 11:38:05"
4828,4636,93,"success","2026-02-03 08:12:13","2026-02-25 02:29:40"
4829,5713,463,"success","2026-01-06 04:20:36","2026-01-20 11:01:57"
4830,921,433,"fail","2026-01-15 23:25:00","2026-02-11 18:45:17"
4831,3204,229,"success","2026-01-31 09:32:33","2026-02-24 14:05:22"
4832,3427,308,"fail","2026-01-08 21:15:28","2026-02-12 08:37:03"
4833,5353,180,"fail","2026-01-03 10:14:56","2026-02-10 14:31:04"
4834,586,56,"fail","2026-01-24 06:28:09","2026-02-04 09:06:17"
4835,5707,353,"fail","2026-01-08 10:43:45","2026-02-21 14:17:37"
4836,3616,425,"success","2026-01-07 07:38:18","2026-01-24 13:01:09"
4837,8,334,"success","2026-02-21 03:27:16","2026-02-21 16:20:09"
4838,35,126,"fail","2026-01-04 17:17:50","2026-01-19 13:42:50"
4839,1929,39,"success","2026-02-14 01:06:02","2026-02-19 09:45:53"
4840,220,474,"fail","2026-01-03 17:38:43","2026-01-13 17:11:15"
4841,1729,288,"fail","2026-01-22 10:34:30","2026-02-12 02:23:25"
4842,302,480,"success","2026-02-19 20:07:34","2026-02-22 11:53:22"
4843,58,433,"success","2026-01-18 05:46:03","2026-01-27 01:40:02"
4844,704,7,"fail","2026-02-22 20:43:35","2026-02-24 01:39:41"
4845,5051,106,"fail","2026-01-30 00:25:43","2026-01-31 21:52:05"
4846,3332,321,"fail","2026-01-03 00:38:02","2026-02-21 18:45:07"
4847,2835,96,"fail","2026-02-16 09:20:21","2026-02-16 16:55:21"
4848,990,166,"success","2026-01-09 15:13:38","2026-01-14 06:09:29"
4849,3285,165,"success","2026-02-23 11:18:49","2026-02-24 22:28:28"
4850,5655,258,"fail","2026-02-20 13:12:51","2026-02-23 03:54:27"
4851,4233,185,"success","2026-02-19 12:29:46","2026-02-20 03:45:20"
4852,4140,466,"success","2026-01-12 22:04:53","2026-02-07 10:34:16"
4853,3005,166,"fail","2026-01-31 10:10:52","2026-02-13 20:18:15"
4854,1347,32,"fail","2026-01-01 01:19:28","2026-02-08 00:55:26"
4855,5460,408,"success","2026-01-15 08:02:52","2026-01-20 07:19:32"
4856,2556,1,"fail","2026-01-09 04:12:12","2026-02-20 06:24:48"
4857,439,24,"fail","2026-01-30 22:00:42","2026-02-23 10:09:20"
4858,782,103,"success","2026-02-15 05:40:51","2026-02-19 08:53:54"
4859,1991,370,"success","2026-01-02 19:28:08","2026-02-14 05:23:14"
4860,1543,198,"success","2026-01-07 10:35:30","2026-02-09 11:58:45"
4861,991,31,"fail","2026-01-24 02:06:21","2026-01-30 04:58:54"
4862,5662,238,"fail","2026-01-02 10:49:52","2026-01-05 18:15:51"
4863,2583,263,"success","2026-02-21 15:11:47","2026-02-24 10:16:17"
4864,5123,348,"fail","2026-01-23 00:41:08","2026-01-25 16:14:22"
4865,2642,154,"success","2026-01-23 14:23:53","2026-02-15 15:00:29"
4866,5846,137,"success","2026-02-08 08:02:40","2026-02-10 00:53:06"
4867,3564,368,"success","2026-02-23 03:43:27","2026-02-25 08:32:01"
4868,3567,459,"success","2026-02-18 20:40:31","2026-02-18 22:44:56"
4869,1410,173,"success","2026-01-31 05:45:17","2026-02-15 17:15:39"
4870,4562,351,"success","2026-01-03 08:41:27","2026-01-09 11:30:02"
4871,2557,233,"success","2026-01-19 06:08:32","2026-01-21 00:29:15"
4872,1931,51,"success","2026-02-21 23:24:45","2026-02-25 10:54:37"
4873,5246,399,"success","2026-01-28 19:14:28","2026-02-04 06:53:15"
4874,4469,259,"success","2026-01-03 06:52:01","2026-02-02 07:09:05"
4875,289,277,"success","2026-02-08 10:03:49","2026-02-09 16:37:30"
4876,2424,460,"success","2026-01-15 02:57:39","2026-01-27 07:38:02"
4877,1649,203,"fail","2026-02-09 18:37:41","2026-02-22 03:45:28"
4878,869,382,"fail","2026-02-05 23:29:26","2026-02-09 23:47:02"
4879,3776,161,"fail","2026-01-05 06:37:27","2026-02-06 16:13:37"
4880,3059,37,"fail","2026-01-11 07:35:45","2026-01-26 07:48:00"
4881,1279,101,"fail","2026-01-12 07:59:31","2026-01-22 11:24:28"
4882,864,382,"success","2026-01-03 00:42:55","2026-01-10 11:20:46"
4883,2565,498,"fail","2026-02-04 22:06:22","2026-02-10 08:08:45"
4884,1195,488,"success","2026-01-08 19:01:02","2026-02-09 21:08:59"
4885,2394,440,"fail","2026-01-01 23:03:13","2026-01-30 11:15:57"
4886,470,73,"success","2026-01-20 02:51:45","2026-02-11 09:19:46"
4887,2180,169,"success","2026-01-26 16:24:25","2026-02-17 21:58:09"
4888,257,91,"fail","2026-02-09 17:04:13","2026-02-19 17:17:44"
4889,4690,441,"fail","2026-01-26 11:16:51","2026-02-02 04:47:11"
4890,2432,358,"success","2026-01-24 13:33:26","2026-02-25 08:02:57"
4891,3619,2,"fail","2026-02-25 02:00:53","2026-02-25 10:18:48"
4892,5347,164,"fail","2026-01-04 10:11:52","2026-02-20 14:42:59"
4893,3698,27,"fail","2026-01-31 06:19:04","2026-02-07 06:59:54"
4894,5229,142,"success","2026-01-03 11:49:32","2026-01-18 01:31:26"
4895,2533,431,"success","2026-01-09 05:09:16","2026-02-09 22:16:38"
4896,3108,91,"fail","2026-02-20 09:44:29","2026-02-24 09:01:49"
4897,4757,347,"success","2026-02-17 22:52:31","2026-02-20 21:17:23"
4898,4490,332,"success","2026-01-11 17:53:31","2026-02-11 17:28:30"
4899,5488,232,"success","2026-01-23 01:19:45","2026-02-19 14:32:49"
4900,5289,84,"success","2026-02-03 14:09:36","2026-02-23 11:50:52"
4901,2593,392,"success","2026-01-28 14:05:26","2026-02-18 15:22:31"
4902,2380,226,"fail","2026-01-09 22:36:16","2026-01-28 08:21:29"
4903,1246,165,"fail","2026-01-01 06:28:19","2026-01-29 02:45:07"
4904,3811,181,"fail","2026-02-03 09:01:11","2026-02-04 17:00:20"
4905,60,82,"success","2026-02-09 00:23:43","2026-02-23 09:19:21"
4906,2240,9,"fail","2026-01-25 20:00:08","2026-02-14 17:52:31"
4907,2790,291,"success","2026-02-13 01:38:07","2026-02-16 15:21:54"
4908,312,47,"success","2026-02-05 10:08:29","2026-02-13 17:40:24"
4909,5401,320,"success","2026-02-24 20:01:59","2026-02-25 00:49:59"
4910,4537,181,"success","2026-01-15 13:18:57","2026-01-22 08:33:29"
4911,2324,244,"fail","2026-02-01 09:29:25","2026-02-22 15:56:00"
4912,626,441,"success","2026-02-07 07:34:05","2026-02-23 16:52:15"
4913,3457,280,"fail","2026-02-05 03:40:04","2026-02-07 12:52:36"
4914,4657,235,"success","2026-01-10 16:45:42","2026-01-13 08:39:42"
4915,4830,116,"success","2026-02-03 19:54:29","2026-02-08 12:53:17"
4916,1132,63,"success","2026-01-16 19:11:38","2026-02-06 01:28:55"
4917,3786,186,"fail","2026-01-02 13:02:39","2026-02-09 06:36:58"
4918,3891,155,"fail","2026-02-24 12:10:25","2026-02-24 21:38:52"
4919,979,457,"success","2026-01-11 20:29:11","2026-01-16 11:20:59"
4920,1423,484,"fail","2026-01-06 23:15:59","2026-02-02 09:11:44"
4921,1664,450,"fail","2026-02-05 15:57:06","2026-02-12 13:25:39"
4922,2039,204,"fail","2026-02-21 21:10:31","2026-02-23 01:53:06"
4923,1585,241,"success","2026-02-10 21:56:46","2026-02-20 18:44:18"
4924,5375,218,"success","2026-02-21 02:01:50","2026-02-23 14:13:13"
4925,433,395,"fail","2026-02-10 11:12:30","2026-02-18 02:38:58"
4926,4847,237,"fail","2026-01-31 10:21:31","2026-02-15 10:14:28"
4927,2570,59,"success","2026-01-04 16:32:31","2026-01-09 17:03:43"
4928,5659,424,"success","2026-01-14 05:19:43","2026-02-18 21:58:24"
4929,5854,447,"success","2026-01-15 03:11:49","2026-02-17 00:05:41"
4930,3173,332,"success","2026-01-16 01:26:40","2026-01-22 18:11:28"
4931,2828,154,"fail","2026-02-10 21:37:17","2026-02-13 11:59:32"
4932,5969,313,"success","2026-02-03 16:32:53","2026-02-10 09:20:32"
4933,156,50,"success","2026-01-15 10:40:10","2026-02-06 14:12:27"
4934,2621,176,"success","2026-01-24 09:44:38","2026-02-21 17:58:34"
4935,5730,266,"success","2026-01-11 10:00:10","2026-02-01 08:52:16"
4936,1221,129,"fail","2026-01-14 07:34:06","2026-02-06 12:50:21"
4937,995,361,"success","2026-01-25 07:47:45","2026-02-09 04:06:07"
4938,522,120,"success","2026-02-02 08:48:22","2026-02-08 01:10:31"
4939,58,420,"success","2026-01-13 12:29:40","2026-02-23 07:45:37"
4940,449,305,"success","2026-01-01 21:54:57","2026-01-09 07:14:08"
4941,1550,65,"fail","2026-02-10 00:25:27","2026-02-20 06:14:12"
4942,3921,129,"success","2026-02-11 09:41:49","2026-02-25 09:07:38"
4943,5453,266,"success","2026-01-21 21:43:31","2026-02-03 00:22:32"
4944,2324,369,"success","2026-01-08 05:27:40","2026-01-13 15:55:11"
4945,4327,29,"fail","2026-02-21 07:27:45","2026-02-22 19:56:11"
4946,4274,396,"success","2026-01-22 02:04:14","2026-02-02 00:57:51"
4947,4913,442,"fail","2026-02-12 14:12:35","2026-02-18 21:18:57"
4948,4743,254,"success","2026-01-06 07:59:06","2026-02-05 10:45:03"
4949,2554,318,"fail","2026-02-15 17:27:44","2026-02-22 05:09:20"
4950,185,99,"success","2026-01-04 10:00:12","2026-01-16 09:45:36"
4951,3754,442,"fail","2026-02-14 17:18:50","2026-02-24 15:44:04"
4952,4287,215,"success","2026-01-14 15:53:25","2026-02-23 18:36:18"
4953,2818,121,"fail","2026-01-28 18:33:02","2026-02-17 23:00:24"
4954,4624,351,"fail","2026-01-26 17:28:10","2026-02-17 14:02:33"
4955,2460,441,"fail","2026-01-03 10:12:32","2026-01-06 05:40:15"
4956,5964,255,"success","2026-01-16 17:13:04","2026-01-19 20:12:37"
4957,4336,11,"success","2026-01-29 11:51:09","2026-02-03 16:37:39"
4958,5693,418,"fail","2026-02-02 16:09:26","2026-02-14 04:17:01"
4959,4923,453,"success","2026-01-08 21:59:47","2026-01-25 02:12:15"
4960,2347,328,"success","2026-02-18 02:22:48","2026-02-25 02:38:31"
4961,3510,138,"fail","2026-01-13 14:07:25","2026-02-08 16:53:44"
4962,835,459,"fail","2026-01-12 14:28:46","2026-02-20 11:32:23"
4963,4829,294,"fail","2026-02-23 21:40:38","2026-02-24 19:04:32"
4964,2804,164,"success","2026-02-01 12:07:38","2026-02-10 02:30:47"
4965,3816,273,"fail","2026-02-09 11:30:23","2026-02-25 08:46:03"
4966,2797,280,"success","2026-01-05 22:48:10","2026-02-19 20:45:47"
4967,3732,208,"fail","2026-02-21 13:52:29","2026-02-23 03:36:50"
4968,4287,12,"fail","2026-02-23 12:47:48","2026-02-24 17:31:58"
4969,1801,294,"fail","2026-01-22 10:07:51","2026-01-29 07:22:24"
4970,4467,232,"success","2026-02-07 12:45:10","2026-02-12 19:23:21"
4971,464,287,"success","2026-02-14 05:43:14","2026-02-20 15:49:32"
4972,1249,107,"success","2026-02-21 05:19:06","2026-02-22 14:08:28"
4973,4815,395,"fail","2026-01-29 02:31:25","2026-02-18 00:29:33"
4974,5,330,"success","2026-01-20 04:09:39","2026-02-24 20:45:38"
4975,3163,16,"success","2026-01-16 13:20:39","2026-02-15 14:07:36"
4976,3199,167,"success","2026-01-01 18:29:49","2026-01-11 23:52:30"
4977,2289,83,"fail","2026-02-13 19:43:25","2026-02-21 07:15:59"
4978,2860,452,"fail","2026-01-27 23:47:20","2026-02-12 00:56:21"
4979,4738,97,"success","2026-01-21 02:39:56","2026-02-11 04:07:35"
4980,708,486,"success","2026-01-07 07:00:02","2026-02-21 19:46:22"
4981,5890,71,"success","2026-01-18 12:49:13","2026-02-14 02:22:40"
4982,902,9,"success","2026-02-15 14:56:14","2026-02-16 20:06:37"
4983,3737,363,"fail","2026-01-31 05:39:19","2026-02-11 08:36:50"
4984,5583,398,"fail","2026-01-12 02:16:16","2026-01-26 03:19:53"
4985,1060,240,"fail","2026-01-02 12:56:46","2026-01-23 22:29:43"
4986,2065,370,"success","2026-02-13 05:00:36","2026-02-23 17:13:09"
4987,4928,180,"fail","2026-01-20 09:58:45","2026-02-24 08:20:06"
4988,5997,303,"fail","2026-02-21 17:55:07","2026-02-24 00:45:44"
4989,4344,106,"success","2026-02-15 15:25:43","2026-02-20 22:43:18"
4990,1612,19,"fail","2026-02-14 17:12:01","2026-02-15 04:32:54"
4991,5337,223,"fail","2026-01-25 09:58:01","2026-01-26 22:45:49"
4992,4025,180,"fail","2026-02-21 02:37:40","2026-02-22 11:34:47"
4993,3243,366,"success","2026-01-05 19:22:38","2026-01-28 18:35:35"
4994,5761,334,"success","2026-02-04 22:23:56","2026-02-05 02:20:04"
4995,3166,177,"fail","2026-01-29 04:06:52","2026-02-04 06:34:25"
4996,3714,320,"success","2026-02-14 11:08:01","2026-02-15 13:22:37"
4997,5162,377,"fail","2026-01-15 15:47:28","2026-02-04 03:45:39"
4998,3027,109,"success","2026-02-20 02:54:27","2026-02-22 12:47:56"
4999,2605,201,"fail","2026-01-31 12:34:16","2026-02-15 17:16:59"
5000,2982,73,"success","2026-01-12 06:59:09","2026-01-25 16:24:38"
5001,3264,447,"success","2026-01-16 23:40:08","2026-02-05 03:21:35"
5002,3549,79,"success","2026-01-10 17:33:42","2026-01-19 15:49:13"
5003,287,401,"fail","2026-01-30 04:35:18","2026-02-08 14:39:42"
5004,5364,292,"fail","2026-01-05 00:20:39","2026-02-22 01:32:42"
5005,4356,244,"success","2026-01-02 18:04:14","2026-02-09 10:09:21"
5006,4089,474,"fail","2026-01-17 05:13:39","2026-01-27 18:45:37"
5007,1642,220,"success","2026-02-20 19:53:17","2026-02-22 00:45:40"
5008,73,264,"success","2026-01-03 11:03:19","2026-01-21 00:52:34"
5009,1619,173,"fail","2026-02-11 01:56:14","2026-02-19 18:12:38"
5010,5625,395,"success","2026-02-15 15:19:55","2026-02-22 23:09:10"
5011,3619,168,"fail","2026-01-11 18:27:11","2026-01-30 05:31:09"
5012,3842,407,"fail","2026-01-17 21:17:36","2026-01-30 16:55:15"
5013,928,474,"success","2026-01-15 00:12:05","2026-02-24 15:49:02"
5014,1136,426,"success","2026-02-24 13:37:29","2026-02-24 21:47:14"
5015,5485,83,"fail","2026-01-12 04:28:08","2026-01-15 05:24:38"
5016,4113,238,"success","2026-01-31 12:04:51","2026-02-18 11:19:39"
5017,4153,418,"fail","2026-02-16 14:30:21","2026-02-24 07:05:03"
5018,869,230,"success","2026-01-04 23:52:22","2026-02-25 07:21:42"
5019,2416,20,"success","2026-01-13 18:09:59","2026-01-20 06:05:09"
5020,1287,261,"success","2026-02-22 17:06:42","2026-02-24 19:05:45"
5021,2132,225,"success","2026-02-04 04:16:47","2026-02-13 15:46:28"
5022,1044,495,"success","2026-02-05 04:50:24","2026-02-24 08:58:01"
5023,2225,52,"success","2026-01-02 01:28:39","2026-02-19 09:26:20"
5024,597,284,"fail","2026-01-14 11:07:13","2026-02-09 14:33:54"
5025,890,233,"fail","2026-01-16 03:20:28","2026-02-03 00:58:57"
5026,855,195,"success","2026-01-13 00:19:16","2026-02-14 03:41:10"
5027,1371,460,"fail","2026-02-04 19:00:19","2026-02-16 02:20:38"
5028,5674,313,"success","2026-01-24 19:39:57","2026-01-30 04:16:20"
5029,4656,224,"fail","2026-02-01 01:38:29","2026-02-01 03:31:30"
5030,3569,21,"success","2026-01-09 11:46:01","2026-02-17 05:46:22"
5031,1818,172,"fail","2026-01-05 01:21:22","2026-01-24 02:22:15"
5032,2590,252,"success","2026-02-14 19:22:58","2026-02-22 06:20:31"
5033,5352,412,"success","2026-01-07 13:49:34","2026-01-21 21:53:11"
5034,4051,314,"success","2026-02-21 16:29:18","2026-02-22 03:35:16"
5035,1371,396,"success","2026-02-18 00:48:34","2026-02-21 17:17:49"
5036,1798,116,"success","2026-01-30 13:19:13","2026-02-23 04:01:03"
5037,1050,458,"fail","2026-02-23 07:09:42","2026-02-25 01:56:15"
5038,1176,45,"success","2026-02-20 13:08:53","2026-02-21 06:53:13"
5039,1253,147,"fail","2026-02-11 03:41:00","2026-02-15 10:36:16"
5040,2814,325,"fail","2026-01-20 20:38:37","2026-02-21 00:19:07"
5041,5114,305,"success","2026-01-15 21:18:32","2026-01-26 04:20:16"
5042,4206,280,"success","2026-02-08 20:36:57","2026-02-25 03:58:08"
5043,185,335,"success","2026-01-27 02:37:54","2026-01-31 18:19:36"
5044,1500,42,"success","2026-02-08 03:18:56","2026-02-19 16:06:12"
5045,4727,213,"success","2026-02-21 03:56:13","2026-02-25 04:58:49"
5046,4683,486,"fail","2026-01-02 18:19:38","2026-01-22 17:53:30"
5047,5981,34,"fail","2026-02-11 17:29:39","2026-02-23 07:04:15"
5048,4897,183,"success","2026-01-17 02:52:34","2026-01-18 16:38:28"
5049,3810,13,"success","2026-01-21 22:14:43","2026-02-01 15:46:32"
5050,5777,171,"fail","2026-02-24 14:54:37","2026-02-24 23:39:09"
5051,5137,40,"success","2026-01-23 23:31:19","2026-01-30 07:05:20"
5052,3475,77,"fail","2026-01-13 00:08:29","2026-02-23 05:16:46"
5053,232,372,"success","2026-02-21 13:21:31","2026-02-23 21:16:05"
5054,5564,232,"success","2026-01-10 02:58:20","2026-01-23 14:28:39"
5055,3261,233,"success","2026-02-10 17:48:36","2026-02-18 16:26:51"
5056,1074,375,"success","2026-02-01 20:06:44","2026-02-16 13:42:54"
5057,3613,226,"fail","2026-01-03 23:14:07","2026-01-27 23:15:45"
5058,3788,321,"fail","2026-02-01 11:40:07","2026-02-04 07:53:19"
5059,4815,310,"fail","2026-02-20 20:06:37","2026-02-24 11:26:36"
5060,1256,282,"fail","2026-01-06 10:10:21","2026-01-08 14:44:27"
5061,745,47,"success","2026-01-03 12:28:46","2026-02-06 20:21:25"
5062,3899,396,"fail","2026-02-12 13:42:23","2026-02-22 15:25:12"
5063,1740,460,"fail","2026-01-09 12:50:30","2026-02-16 18:00:43"
5064,5478,161,"success","2026-01-19 03:04:26","2026-02-10 05:29:18"
5065,1245,199,"success","2026-01-29 22:05:09","2026-02-20 12:56:43"
5066,4856,208,"success","2026-01-18 14:23:26","2026-02-01 11:31:44"
5067,2994,91,"success","2026-02-02 05:15:35","2026-02-06 23:31:14"
5068,127,210,"success","2026-02-18 16:26:56","2026-02-19 16:43:32"
5069,1881,51,"success","2026-01-04 00:16:57","2026-01-14 05:31:41"
5070,3708,494,"fail","2026-01-30 15:50:28","2026-01-31 12:53:57"
5071,5817,342,"fail","2026-02-06 01:53:49","2026-02-17 23:01:05"
5072,2726,378,"fail","2026-02-13 12:31:27","2026-02-19 04:55:54"
5073,1910,85,"fail","2026-01-22 19:00:15","2026-02-08 03:17:04"
5074,970,74,"fail","2026-01-11 06:57:12","2026-01-25 14:40:40"
5075,1173,294,"fail","2026-02-04 14:07:10","2026-02-10 19:47:49"
5076,3745,106,"success","2026-01-16 17:35:00","2026-01-17 20:09:31"
5077,3963,193,"fail","2026-02-19 00:48:57","2026-02-21 03:53:46"
5078,4194,470,"success","2026-01-10 15:39:49","2026-02-16 19:27:41"
5079,5784,483,"success","2026-01-04 06:14:35","2026-02-09 22:03:55"
5080,3237,431,"fail","2026-01-13 07:29:31","2026-01-21 00:33:50"
5081,1337,326,"success","2026-01-28 03:02:06","2026-01-31 21:25:26"
5082,4577,159,"success","2026-01-05 11:14:28","2026-02-05 10:42:40"
5083,879,206,"success","2026-01-23 13:47:39","2026-01-26 10:29:14"
5084,5264,355,"fail","2026-02-08 17:14:30","2026-02-14 01:12:23"
5085,4928,367,"fail","2026-02-19 14:30:45","2026-02-25 09:31:17"
5086,2142,475,"success","2026-02-16 09:41:54","2026-02-21 15:28:01"
5087,622,134,"success","2026-02-17 01:30:08","2026-02-25 09:46:18"
5088,984,63,"fail","2026-01-19 05:15:20","2026-01-24 01:45:29"
5089,2550,373,"success","2026-02-14 04:09:37","2026-02-18 01:39:38"
5090,5102,70,"fail","2026-01-26 20:07:22","2026-02-03 14:27:18"
5091,2188,407,"success","2026-01-20 23:07:41","2026-01-26 02:53:36"
5092,3723,333,"fail","2026-02-23 01:05:28","2026-02-23 14:57:50"
5093,4626,17,"success","2026-01-29 11:04:00","2026-02-23 11:54:24"
5094,4155,449,"success","2026-02-12 16:53:44","2026-02-22 17:52:07"
5095,626,46,"fail","2026-01-13 21:33:30","2026-02-22 03:20:47"
5096,2630,336,"fail","2026-02-22 07:35:24","2026-02-22 22:41:29"
5097,420,260,"fail","2026-01-22 10:06:13","2026-01-28 03:48:09"
5098,1794,117,"fail","2026-02-22 01:09:09","2026-02-22 23:30:20"
5099,5833,389,"fail","2026-02-15 13:11:48","2026-02-24 12:01:11"
5100,1737,313,"fail","2026-01-24 15:57:31","2026-02-07 20:01:03"
5101,5944,95,"success","2026-02-08 21:44:39","2026-02-21 07:33:05"
5102,5550,312,"success","2026-02-20 10:42:21","2026-02-24 11:34:25"
5103,1003,308,"success","2026-02-23 20:25:10","2026-02-23 21:23:58"
5104,1512,396,"success","2026-01-05 21:33:18","2026-01-28 01:27:29"
5105,3920,476,"success","2026-01-14 06:17:47","2026-02-15 08:53:11"
5106,82,45,"fail","2026-01-12 02:59:30","2026-02-05 19:14:25"
5107,2556,190,"fail","2026-01-19 05:58:01","2026-02-10 05:15:27"
5108,3,227,"fail","2026-02-01 15:25:05","2026-02-21 15:24:57"
5109,1395,204,"success","2026-02-24 21:58:57","2026-02-25 09:46:43"
5110,1103,332,"success","2026-02-17 01:57:06","2026-02-24 16:50:22"
5111,4062,480,"fail","2026-01-27 01:50:20","2026-02-08 09:44:14"
5112,339,328,"fail","2026-02-06 17:46:49","2026-02-06 20:37:53"
5113,3876,118,"fail","2026-02-03 07:41:36","2026-02-08 17:59:26"
5114,124,177,"fail","2026-01-06 18:35:40","2026-02-21 01:48:36"
5115,2812,404,"fail","2026-01-26 07:30:47","2026-02-17 11:33:58"
5116,2166,71,"success","2026-01-14 18:59:30","2026-02-05 01:19:01"
5117,5324,162,"fail","2026-01-23 08:39:23","2026-02-15 06:24:40"
5118,2048,400,"success","2026-02-25 05:01:36","2026-02-25 06:17:20"
5119,5622,325,"fail","2026-02-15 01:17:06","2026-02-24 12:17:22"
5120,4421,435,"fail","2026-01-12 06:58:56","2026-02-09 01:52:58"
5121,5702,2,"success","2026-02-23 11:15:06","2026-02-24 03:24:22"
5122,4848,179,"success","2026-02-13 23:19:53","2026-02-24 02:45:09"
5123,5193,486,"fail","2026-02-22 21:31:20","2026-02-24 05:06:09"
5124,528,273,"fail","2026-01-30 01:57:30","2026-02-05 17:47:44"
5125,2752,380,"fail","2026-02-16 22:43:30","2026-02-17 20:24:59"
5126,3840,137,"fail","2026-01-27 14:17:37","2026-02-17 16:18:18"
5127,4817,296,"fail","2026-02-10 11:30:27","2026-02-10 23:11:23"
5128,1243,224,"fail","2026-01-27 22:05:56","2026-02-13 15:36:19"
5129,1270,312,"fail","2026-02-23 10:39:18","2026-02-23 17:27:34"
5130,3508,323,"fail","2026-01-27 02:58:34","2026-02-05 21:28:39"
5131,1509,358,"success","2026-01-02 16:03:25","2026-01-16 22:17:32"
5132,2561,117,"fail","2026-01-07 12:33:34","2026-01-23 05:18:55"
5133,5944,341,"fail","2026-01-03 08:24:42","2026-01-07 04:49:11"
5134,4177,258,"fail","2026-01-21 02:52:22","2026-01-31 05:24:13"
5135,1498,59,"success","2026-02-06 23:00:32","2026-02-24 15:10:07"
5136,1775,132,"fail","2026-01-03 20:52:26","2026-01-26 10:34:22"
5137,4654,276,"success","2026-01-19 05:04:57","2026-01-29 15:38:34"
5138,2136,332,"fail","2026-02-10 07:32:27","2026-02-18 05:06:31"
5139,5782,307,"fail","2026-01-19 16:37:54","2026-02-10 00:34:37"
5140,4315,80,"success","2026-01-08 10:28:14","2026-02-25 05:58:14"
5141,5607,386,"fail","2026-02-10 02:08:04","2026-02-12 16:28:42"
5142,3078,412,"fail","2026-01-26 02:38:51","2026-02-18 16:48:04"
5143,5529,199,"success","2026-01-08 10:34:07","2026-02-05 13:14:08"
5144,4532,319,"fail","2026-01-16 22:50:22","2026-01-28 17:38:15"
5145,1783,325,"fail","2026-01-20 17:25:48","2026-01-30 18:23:03"
5146,248,350,"fail","2026-02-12 03:13:05","2026-02-20 04:33:01"
5147,246,7,"fail","2026-02-24 18:27:02","2026-02-24 23:01:13"
5148,1545,10,"fail","2026-01-25 09:22:50","2026-01-27 07:53:13"
5149,5405,484,"success","2026-02-14 04:36:51","2026-02-16 20:06:56"
5150,2735,385,"fail","2026-01-12 19:19:33","2026-01-28 00:10:05"
5151,671,470,"fail","2026-02-20 14:15:12","2026-02-20 21:48:25"
5152,3880,419,"success","2026-01-02 02:39:56","2026-01-17 17:07:27"
5153,742,287,"success","2026-01-01 13:02:25","2026-01-14 22:48:35"
5154,5272,413,"fail","2026-02-11 03:33:16","2026-02-19 01:18:15"
5155,1276,315,"fail","2026-01-19 01:05:42","2026-02-11 04:37:14"
5156,4179,179,"success","2026-02-23 19:11:40","2026-02-25 11:24:27"
5157,3677,224,"success","2026-01-23 18:43:56","2026-02-11 20:16:15"
5158,3651,188,"fail","2026-01-02 16:02:55","2026-02-02 10:28:16"
5159,3990,162,"success","2026-02-22 23:49:51","2026-02-24 13:24:45"
5160,334,153,"success","2026-02-01 03:59:20","2026-02-23 08:18:25"
5161,264,435,"fail","2026-01-23 15:15:44","2026-01-29 16:33:40"
5162,1758,303,"fail","2026-02-09 03:44:16","2026-02-10 05:01:40"
5163,2473,481,"fail","2026-02-09 07:44:14","2026-02-13 09:36:16"
5164,1733,248,"fail","2026-01-06 10:13:51","2026-01-28 14:21:38"
5165,139,378,"success","2026-01-28 14:27:14","2026-01-31 22:46:00"
5166,1668,473,"success","2026-02-14 06:41:38","2026-02-18 15:13:22"
5167,5255,92,"success","2026-01-03 16:10:52","2026-01-21 02:48:41"
5168,4688,409,"success","2026-01-10 17:56:39","2026-02-16 22:51:22"
5169,1342,497,"success","2026-02-15 13:36:48","2026-02-22 21:01:35"
5170,3274,384,"fail","2026-01-01 16:59:57","2026-01-27 22:07:16"
5171,885,349,"success","2026-01-20 07:09:14","2026-02-16 18:22:29"
5172,5650,177,"success","2026-01-04 09:19:39","2026-01-18 19:46:44"
5173,3498,468,"success","2026-02-03 04:13:19","2026-02-06 17:18:34"
5174,4975,448,"fail","2026-01-18 17:06:15","2026-02-09 11:41:23"
5175,1168,376,"fail","2026-02-02 08:30:54","2026-02-08 20:41:09"
5176,3141,419,"success","2026-01-07 16:32:15","2026-01-15 04:48:49"
5177,5449,486,"fail","2026-02-25 01:04:35","2026-02-25 10:31:07"
5178,4528,225,"success","2026-01-16 06:09:30","2026-01-20 22:10:05"
5179,1297,159,"fail","2026-01-16 18:48:08","2026-02-21 01:35:36"
5180,293,137,"success","2026-02-18 19:17:18","2026-02-24 17:15:31"
5181,4302,148,"fail","2026-01-08 02:12:37","2026-02-17 13:29:00"
5182,988,129,"fail","2026-01-10 08:29:33","2026-01-20 17:34:03"
5183,4600,399,"success","2026-01-23 16:10:28","2026-02-18 05:35:30"
5184,1807,415,"fail","2026-02-18 20:44:01","2026-02-23 01:21:01"
5185,1301,449,"fail","2026-01-25 01:48:44","2026-01-26 12:22:33"
5186,318,140,"success","2026-02-01 11:25:44","2026-02-22 01:17:39"
5187,1725,466,"success","2026-01-02 22:58:49","2026-01-07 16:14:43"
5188,845,348,"success","2026-01-20 02:30:13","2026-01-26 10:26:29"
5189,4582,445,"success","2026-01-16 17:25:42","2026-02-24 05:55:08"
5190,3410,483,"fail","2026-02-21 21:51:28","2026-02-23 22:17:34"
5191,3977,205,"success","2026-02-11 00:06:25","2026-02-15 17:26:22"
5192,4721,228,"success","2026-02-05 17:22:54","2026-02-09 05:21:48"
5193,4626,434,"fail","2026-01-24 22:41:52","2026-02-09 20:44:43"
5194,4305,303,"fail","2026-01-23 08:42:10","2026-02-17 10:58:56"
5195,2060,326,"fail","2026-01-15 07:06:49","2026-02-07 20:10:43"
5196,2028,372,"fail","2026-01-03 07:24:21","2026-01-05 14:27:22"
5197,3898,440,"success","2026-01-28 11:51:59","2026-02-13 16:24:54"
5198,848,52,"success","2026-01-16 05:14:54","2026-02-10 13:30:15"
5199,2723,181,"success","2026-02-12 23:54:01","2026-02-18 18:18:00"
5200,1372,339,"success","2026-01-25 20:10:52","2026-02-13 07:08:30"
5201,4727,195,"fail","2026-01-25 19:18:39","2026-02-18 02:04:31"
5202,5865,360,"success","2026-01-26 22:22:49","2026-02-12 19:46:47"
5203,292,386,"fail","2026-02-19 11:19:39","2026-02-20 17:39:56"
5204,1232,176,"success","2026-01-13 08:02:09","2026-02-14 20:28:16"
5205,1692,301,"fail","2026-01-11 07:08:48","2026-01-19 10:02:30"
5206,776,88,"fail","2026-01-06 13:40:23","2026-01-13 03:05:20"
5207,965,422,"fail","2026-02-10 02:57:58","2026-02-21 15:41:51"
5208,3073,481,"fail","2026-02-01 10:40:57","2026-02-20 01:25:08"
5209,3903,425,"fail","2026-01-19 00:52:05","2026-01-22 05:54:22"
5210,4472,157,"fail","2026-02-18 01:07:56","2026-02-23 08:23:07"
5211,4169,462,"success","2026-01-25 07:42:32","2026-02-02 21:50:58"
5212,4364,72,"fail","2026-02-14 14:09:58","2026-02-22 06:08:03"
5213,1540,345,"success","2026-02-25 06:06:56","2026-02-25 08:47:19"
5214,5562,55,"success","2026-01-04 07:25:02","2026-02-23 05:24:28"
5215,5769,382,"success","2026-02-24 01:58:42","2026-02-25 11:28:35"
5216,5652,145,"fail","2026-02-23 23:53:09","2026-02-25 10:34:12"
5217,2054,128,"fail","2026-01-07 00:38:15","2026-01-08 08:18:53"
5218,5330,142,"success","2026-01-06 00:05:23","2026-01-21 01:39:17"
5219,4616,192,"fail","2026-01-26 03:34:11","2026-01-31 01:53:37"
5220,2909,248,"success","2026-01-14 00:29:10","2026-01-20 02:31:07"
5221,474,419,"success","2026-01-07 11:47:15","2026-01-13 09:30:12"
5222,1704,143,"success","2026-01-08 21:01:13","2026-02-01 02:39:23"
5223,1242,448,"fail","2026-02-14 06:36:25","2026-02-25 01:27:10"
5224,4814,419,"success","2026-01-09 16:22:23","2026-02-15 07:01:42"
5225,3728,92,"success","2026-01-19 00:12:15","2026-01-20 05:44:34"
5226,4979,474,"success","2026-01-07 00:33:05","2026-02-15 22:04:43"
5227,2919,74,"fail","2026-02-23 18:40:18","2026-02-24 12:12:43"
5228,5677,130,"fail","2026-02-13 15:39:06","2026-02-20 03:43:30"
5229,931,371,"fail","2026-02-23 13:49:55","2026-02-24 21:52:20"
5230,3195,451,"fail","2026-02-25 05:03:25","2026-02-25 11:45:21"
5231,5043,309,"success","2026-01-26 08:36:39","2026-02-16 01:54:47"
5232,5504,319,"fail","2026-02-22 23:10:27","2026-02-24 19:23:13"
5233,3154,75,"success","2026-01-16 14:30:48","2026-01-27 06:46:50"
5234,362,107,"success","2026-01-30 01:44:09","2026-02-02 21:58:11"
5235,348,158,"fail","2026-01-02 06:22:26","2026-02-14 12:22:50"
5236,2516,10,"success","2026-02-05 00:09:44","2026-02-10 13:54:45"
5237,3325,340,"fail","2026-01-25 07:23:16","2026-02-18 02:41:48"
5238,2813,206,"success","2026-02-01 01:33:11","2026-02-15 00:11:12"
5239,1141,369,"fail","2026-01-21 01:36:59","2026-02-12 01:27:07"
5240,418,88,"fail","2026-02-11 01:53:23","2026-02-22 10:20:44"
5241,4180,396,"fail","2026-01-08 09:01:11","2026-01-29 04:15:50"
5242,313,323,"fail","2026-01-05 01:11:50","2026-02-11 08:31:00"
5243,2874,112,"success","2026-02-15 10:24:08","2026-02-24 06:16:44"
5244,5030,473,"fail","2026-02-16 07:31:52","2026-02-17 20:00:25"
5245,3001,78,"success","2026-01-02 07:38:54","2026-01-20 10:43:34"
5246,559,326,"fail","2026-01-12 02:24:15","2026-01-18 19:17:56"
5247,2946,464,"success","2026-01-09 15:19:35","2026-01-18 13:36:06"
5248,836,293,"success","2026-02-13 09:08:37","2026-02-21 22:31:57"
5249,2945,349,"fail","2026-02-21 10:09:05","2026-02-24 04:01:06"
5250,5909,322,"success","2026-01-21 08:04:15","2026-02-01 09:53:26"
5251,865,264,"fail","2026-02-07 15:15:30","2026-02-18 14:16:54"
5252,271,208,"success","2026-01-25 07:38:28","2026-02-09 09:11:05"
5253,5462,306,"success","2026-02-03 23:28:46","2026-02-12 04:54:17"
5254,541,354,"success","2026-01-02 20:49:18","2026-02-20 22:56:32"
5255,5140,334,"success","2026-02-22 09:34:49","2026-02-22 18:52:05"
5256,1428,396,"fail","2026-02-25 09:33:24","2026-02-25 10:13:55"
5257,4753,251,"fail","2026-02-19 13:18:33","2026-02-19 17:23:56"
5258,763,36,"fail","2026-02-18 16:25:12","2026-02-18 19:40:37"
5259,1981,465,"fail","2026-01-08 12:17:25","2026-01-10 06:55:31"
5260,2215,232,"success","2026-01-23 06:11:01","2026-02-05 00:23:02"
5261,4712,354,"fail","2026-02-13 23:54:57","2026-02-25 07:47:16"
5262,46,283,"success","2026-01-25 03:57:57","2026-02-15 10:58:23"
5263,2685,158,"success","2026-02-19 02:21:28","2026-02-25 03:13:10"
5264,1594,35,"fail","2026-01-28 12:59:10","2026-02-13 12:51:01"
5265,5260,141,"fail","2026-01-08 09:12:27","2026-01-30 10:04:08"
5266,1922,220,"fail","2026-02-18 05:03:34","2026-02-24 14:41:04"
5267,4898,143,"success","2026-01-24 02:09:50","2026-02-02 18:43:56"
5268,329,122,"fail","2026-02-09 00:48:19","2026-02-25 06:08:24"
5269,4279,117,"success","2026-02-24 00:06:43","2026-02-24 22:30:34"
5270,3311,262,"success","2026-01-26 01:53:48","2026-02-09 16:38:59"
5271,3373,76,"fail","2026-02-05 01:38:14","2026-02-06 20:10:51"
5272,430,74,"fail","2026-01-16 22:23:29","2026-01-26 11:59:56"
5273,3268,7,"fail","2026-02-01 21:08:30","2026-02-14 03:21:04"
5274,5014,464,"fail","2026-01-27 04:22:07","2026-02-06 17:27:11"
5275,64,44,"success","2026-02-02 03:18:48","2026-02-08 16:50:29"
5276,1105,16,"fail","2026-02-17 11:28:38","2026-02-21 23:05:11"
5277,5069,48,"fail","2026-01-26 02:28:07","2026-02-06 04:55:09"
5278,3812,178,"fail","2026-02-03 07:09:33","2026-02-17 03:00:57"
5279,3679,106,"success","2026-01-16 05:23:40","2026-01-20 22:06:43"
5280,4084,264,"fail","2026-01-06 16:32:19","2026-02-15 00:38:02"
5281,5260,478,"success","2026-01-20 13:42:09","2026-01-21 12:32:32"
5282,777,217,"success","2026-01-11 20:01:43","2026-02-12 21:55:29"
5283,5246,181,"success","2026-02-03 09:11:29","2026-02-09 04:49:37"
5284,4090,37,"success","2026-02-24 16:55:23","2026-02-24 21:50:11"
5285,964,433,"fail","2026-01-31 16:06:07","2026-01-31 18:24:44"
5286,1079,387,"fail","2026-01-13 19:47:23","2026-02-05 22:38:31"
5287,4129,354,"fail","2026-02-19 04:05:52","2026-02-22 01:55:34"
5288,608,460,"success","2026-01-15 21:11:38","2026-01-20 06:25:26"
5289,2769,40,"fail","2026-01-06 14:29:40","2026-01-10 13:53:56"
5290,4956,456,"fail","2026-02-10 02:35:52","2026-02-14 03:12:42"
5291,5051,242,"fail","2026-02-18 08:23:36","2026-02-23 19:28:03"
5292,4899,88,"fail","2026-01-18 01:46:26","2026-02-10 14:20:41"
5293,1570,235,"success","2026-02-10 06:47:46","2026-02-12 20:38:25"
5294,1422,315,"success","2026-02-07 00:56:24","2026-02-21 08:16:44"
5295,5950,160,"fail","2026-02-17 10:57:07","2026-02-24 08:05:20"
5296,480,35,"success","2026-01-29 21:32:14","2026-02-11 16:05:42"
5297,1359,470,"fail","2026-02-11 22:21:09","2026-02-23 19:27:03"
5298,4325,472,"success","2026-02-13 11:33:41","2026-02-24 13:51:49"
5299,360,257,"success","2026-02-03 02:04:37","2026-02-04 09:10:34"
5300,868,82,"success","2026-02-08 02:24:09","2026-02-22 20:06:12"
5301,3409,422,"success","2026-02-11 21:23:27","2026-02-14 16:09:19"
5302,3160,295,"success","2026-01-12 21:09:09","2026-02-22 16:24:58"
5303,3216,450,"success","2026-01-20 00:26:44","2026-01-22 05:38:12"
5304,2826,414,"fail","2026-02-13 14:36:21","2026-02-24 21:11:12"
5305,4548,11,"success","2026-01-26 18:37:28","2026-02-23 19:33:58"
5306,3327,262,"success","2026-02-21 11:36:29","2026-02-22 14:25:06"
5307,5944,88,"success","2026-02-01 09:50:12","2026-02-12 23:19:04"
5308,3490,122,"success","2026-01-31 17:34:11","2026-02-05 21:57:12"
5309,4246,475,"success","2026-01-09 11:32:32","2026-02-11 23:23:31"
5310,705,133,"success","2026-02-11 18:09:22","2026-02-18 19:42:20"
5311,5010,459,"success","2026-01-23 08:30:49","2026-02-12 02:02:56"
5312,4883,149,"fail","2026-01-06 08:03:55","2026-01-07 09:46:11"
5313,2450,338,"fail","2026-02-20 19:14:53","2026-02-22 12:36:00"
5314,5043,100,"fail","2026-02-03 13:50:24","2026-02-10 20:01:10"
5315,5630,48,"success","2026-02-14 15:32:50","2026-02-21 05:40:39"
5316,4941,211,"success","2026-01-31 08:59:13","2026-02-01 19:43:39"
5317,2972,245,"fail","2026-02-21 01:38:33","2026-02-25 11:24:50"
5318,5182,77,"fail","2026-02-24 18:21:44","2026-02-24 23:10:00"
5319,3122,246,"success","2026-01-04 19:15:00","2026-01-06 10:05:49"
5320,4958,360,"success","2026-01-11 20:12:31","2026-01-22 00:13:27"
5321,4123,361,"success","2026-02-20 11:08:37","2026-02-21 15:21:20"
5322,458,460,"success","2026-01-09 14:33:36","2026-02-06 10:04:00"
5323,1341,150,"fail","2026-02-16 03:16:49","2026-02-18 03:05:17"
5324,559,250,"fail","2026-02-19 23:22:15","2026-02-22 20:49:35"
5325,1923,297,"success","2026-01-17 15:12:37","2026-02-04 21:44:20"
5326,4152,68,"fail","2026-02-09 14:33:28","2026-02-20 02:02:48"
5327,5408,281,"success","2026-01-20 03:15:29","2026-02-11 09:58:09"
5328,745,116,"success","2026-01-03 02:41:21","2026-02-07 01:34:46"
5329,3161,445,"success","2026-01-04 01:48:25","2026-02-01 09:14:45"
5330,2144,388,"success","2026-01-19 05:22:46","2026-01-25 10:44:06"
5331,3614,293,"success","2026-02-03 23:51:32","2026-02-05 17:44:48"
5332,2320,466,"success","2026-02-02 07:45:37","2026-02-06 03:39:48"
5333,3733,335,"fail","2026-02-05 23:20:04","2026-02-06 08:16:47"
5334,5593,335,"fail","2026-01-05 00:51:39","2026-01-16 01:29:36"
5335,4811,256,"success","2026-02-18 19:39:15","2026-02-25 02:38:35"
5336,1275,420,"fail","2026-01-27 00:04:25","2026-02-11 20:57:51"
5337,4650,489,"success","2026-02-03 02:16:49","2026-02-05 09:34:54"
5338,1468,385,"success","2026-01-18 02:44:25","2026-02-12 06:55:00"
5339,4232,358,"fail","2026-02-24 02:06:24","2026-02-24 13:56:02"
5340,230,73,"fail","2026-01-12 03:13:22","2026-01-15 15:51:43"
5341,1196,318,"success","2026-01-29 19:28:44","2026-02-10 09:36:55"
5342,236,498,"fail","2026-01-01 22:32:18","2026-01-14 05:00:42"
5343,3663,334,"success","2026-02-03 09:37:29","2026-02-15 00:16:13"
5344,5488,345,"success","2026-01-26 08:40:04","2026-02-07 09:59:27"
5345,1407,300,"fail","2026-01-20 23:02:01","2026-02-11 22:10:35"
5346,5066,385,"fail","2026-01-06 09:15:43","2026-02-06 06:29:01"
5347,4221,424,"success","2026-01-25 05:56:24","2026-02-13 13:17:50"
5348,1994,99,"success","2026-01-29 05:11:57","2026-02-25 05:53:57"
5349,5261,257,"fail","2026-01-15 12:28:24","2026-02-01 15:35:20"
5350,1065,136,"success","2026-02-03 08:46:27","2026-02-12 01:16:57"
5351,3398,235,"fail","2026-01-02 12:05:57","2026-01-26 16:25:44"
5352,2028,403,"fail","2026-02-10 08:56:59","2026-02-12 09:52:32"
5353,529,456,"fail","2026-02-20 13:02:17","2026-02-23 13:30:43"
5354,2346,295,"success","2026-01-20 06:13:30","2026-02-06 22:26:50"
5355,3946,443,"fail","2026-02-10 01:31:28","2026-02-19 00:44:22"
5356,5604,7,"success","2026-02-04 21:05:20","2026-02-22 21:47:30"
5357,1924,68,"success","2026-02-08 09:03:02","2026-02-23 13:59:28"
5358,961,131,"success","2026-02-06 13:21:48","2026-02-23 21:57:42"
5359,1260,291,"fail","2026-01-16 23:43:34","2026-02-04 20:35:54"
5360,3556,154,"success","2026-01-27 06:29:56","2026-01-27 16:44:11"
5361,2078,423,"success","2026-02-15 09:16:19","2026-02-20 20:35:58"
5362,5596,416,"fail","2026-01-15 17:14:24","2026-02-18 18:47:12"
5363,1360,406,"success","2026-02-20 18:41:01","2026-02-24 00:38:04"
5364,5700,33,"success","2026-01-10 02:11:46","2026-02-01 22:27:20"
5365,983,64,"fail","2026-02-09 19:39:55","2026-02-11 06:16:12"
5366,5688,263,"fail","2026-01-20 17:54:36","2026-02-09 21:12:46"
5367,5231,36,"fail","2026-02-16 05:36:41","2026-02-23 16:59:44"
5368,3040,41,"fail","2026-01-25 03:10:00","2026-02-14 14:33:17"
5369,2233,376,"fail","2026-01-13 20:06:40","2026-01-28 00:36:12"
5370,1525,22,"fail","2026-01-07 01:48:17","2026-02-13 17:31:46"
5371,3316,166,"fail","2026-02-06 20:34:54","2026-02-23 20:39:45"
5372,877,274,"success","2026-01-21 23:19:28","2026-02-02 09:38:05"
5373,4023,42,"success","2026-01-29 06:12:42","2026-02-24 10:40:36"
5374,3046,324,"success","2026-01-17 00:20:46","2026-02-15 03:17:57"
5375,2777,466,"success","2026-01-06 22:17:18","2026-01-19 01:34:28"
5376,3224,183,"fail","2026-02-16 18:21:34","2026-02-20 00:41:04"
5377,2904,161,"success","2026-02-07 11:40:50","2026-02-24 10:18:14"
5378,4770,397,"success","2026-01-15 16:56:22","2026-01-23 19:06:43"
5379,5866,333,"fail","2026-02-02 08:24:55","2026-02-09 19:49:21"
5380,4340,116,"fail","2026-02-18 15:09:41","2026-02-24 16:50:00"
5381,4712,10,"success","2026-01-01 10:22:50","2026-01-08 13:45:52"
5382,4799,205,"fail","2026-02-03 16:58:18","2026-02-08 09:28:16"
5383,4736,460,"fail","2026-01-02 10:27:18","2026-02-09 09:58:56"
5384,5637,325,"fail","2026-01-12 13:54:53","2026-02-25 03:08:47"
5385,861,36,"success","2026-01-19 08:52:36","2026-01-25 04:15:48"
5386,1991,365,"success","2026-01-15 08:48:40","2026-01-25 05:36:43"
5387,1081,30,"fail","2026-01-13 19:15:34","2026-01-19 00:22:03"
5388,5149,72,"fail","2026-02-07 03:35:58","2026-02-12 23:53:31"
5389,5838,186,"success","2026-02-10 23:19:36","2026-02-22 15:36:39"
5390,4042,170,"fail","2026-02-12 04:41:53","2026-02-20 18:29:21"
5391,2121,332,"success","2026-02-02 13:55:19","2026-02-10 01:47:21"
5392,3223,359,"success","2026-01-29 18:17:25","2026-02-03 04:08:55"
5393,1316,409,"success","2026-02-17 01:38:52","2026-02-23 14:06:13"
5394,2228,154,"success","2026-01-07 12:03:21","2026-02-02 07:27:13"
5395,2172,335,"fail","2026-01-31 21:35:33","2026-02-21 00:45:46"
5396,4029,142,"fail","2026-02-25 05:34:14","2026-02-25 07:30:44"
5397,1223,421,"success","2026-01-17 10:37:54","2026-01-26 18:24:14"
5398,5849,396,"success","2026-02-06 09:40:56","2026-02-11 10:28:04"
5399,888,474,"fail","2026-01-04 22:41:39","2026-02-08 02:22:49"
5400,4873,119,"success","2026-02-03 17:23:37","2026-02-23 07:37:28"
5401,3241,54,"fail","2026-01-26 00:39:39","2026-02-11 13:26:36"
5402,4586,66,"success","2026-01-01 16:16:19","2026-01-22 18:25:07"
5403,662,19,"success","2026-01-01 05:48:49","2026-01-02 11:51:21"
5404,2432,476,"fail","2026-01-11 07:46:16","2026-01-29 22:13:13"
5405,3697,497,"success","2026-01-18 14:22:38","2026-02-19 17:26:26"
5406,1911,401,"fail","2026-02-01 06:08:36","2026-02-14 11:09:48"
5407,4478,266,"fail","2026-02-04 17:21:43","2026-02-17 04:50:32"
5408,5246,299,"fail","2026-02-25 03:29:04","2026-02-25 08:05:04"
5409,684,322,"fail","2026-01-06 07:12:04","2026-01-31 08:49:08"
5410,5619,125,"success","2026-01-30 05:14:22","2026-02-14 07:48:44"
5411,285,356,"fail","2026-02-19 15:59:42","2026-02-22 18:51:48"
5412,5672,338,"fail","2026-01-28 04:40:49","2026-02-20 18:43:03"
5413,722,465,"fail","2026-01-13 07:52:15","2026-01-22 22:51:11"
5414,4157,482,"success","2026-02-08 23:42:28","2026-02-13 07:45:03"
5415,3156,140,"fail","2026-01-30 05:27:13","2026-02-05 01:06:51"
5416,2849,60,"fail","2026-01-06 03:18:12","2026-02-07 21:14:46"
5417,4557,485,"success","2026-02-22 02:37:10","2026-02-24 12:55:36"
5418,3933,429,"success","2026-02-23 23:26:21","2026-02-24 21:52:38"
5419,1797,151,"fail","2026-02-21 20:37:40","2026-02-23 21:15:38"
5420,385,112,"fail","2026-01-08 10:01:09","2026-01-11 20:18:00"
5421,5698,289,"success","2026-01-17 07:30:52","2026-02-04 23:09:40"
5422,787,13,"fail","2026-01-24 21:18:53","2026-02-17 09:03:19"
5423,76,200,"success","2026-01-27 00:56:28","2026-02-11 08:24:37"
5424,5771,407,"success","2026-01-08 19:27:46","2026-01-29 19:11:14"
5425,3101,422,"fail","2026-02-22 00:53:32","2026-02-22 21:53:55"
5426,4641,27,"fail","2026-02-03 23:40:18","2026-02-24 08:19:24"
5427,5440,302,"success","2026-01-22 06:18:51","2026-02-03 18:20:28"
5428,4076,495,"fail","2026-02-12 20:20:45","2026-02-17 02:52:31"
5429,4377,113,"success","2026-01-25 07:41:44","2026-02-13 18:51:10"
5430,1159,447,"fail","2026-02-06 02:15:17","2026-02-09 09:02:30"
5431,5913,105,"success","2026-01-21 11:27:31","2026-01-26 04:13:00"
5432,5415,102,"success","2026-02-05 07:19:21","2026-02-19 10:01:56"
5433,5910,486,"fail","2026-01-07 09:50:59","2026-01-24 00:21:29"
5434,4733,79,"fail","2026-01-23 07:59:11","2026-01-25 07:03:38"
5435,4195,449,"success","2026-01-09 03:51:09","2026-02-06 04:26:31"
5436,3072,448,"fail","2026-01-08 02:33:13","2026-02-16 12:11:55"
5437,2064,32,"fail","2026-01-23 15:47:49","2026-02-21 15:38:21"
5438,4871,160,"fail","2026-02-08 00:54:21","2026-02-23 03:33:29"
5439,3576,447,"fail","2026-02-01 22:12:48","2026-02-23 11:56:37"
5440,5432,404,"fail","2026-01-07 22:44:18","2026-02-14 12:50:54"
5441,1753,29,"success","2026-01-05 17:19:53","2026-02-15 02:45:43"
5442,5084,367,"fail","2026-01-22 08:40:56","2026-01-22 15:53:08"
5443,3209,167,"fail","2026-02-17 11:52:09","2026-02-19 21:06:42"
5444,308,413,"fail","2026-02-23 21:22:24","2026-02-24 06:25:29"
5445,2482,411,"success","2026-01-21 07:41:07","2026-02-22 18:19:15"
5446,1607,88,"success","2026-01-12 08:54:21","2026-01-19 23:47:56"
5447,1007,79,"fail","2026-01-11 15:10:43","2026-01-30 22:28:00"
5448,1684,313,"fail","2026-01-17 04:25:29","2026-02-24 18:26:51"
5449,5413,238,"success","2026-01-18 12:41:28","2026-01-31 05:26:51"
5450,3335,220,"success","2026-01-17 07:26:06","2026-02-02 15:44:36"
5451,3390,30,"fail","2026-02-14 10:27:59","2026-02-14 20:57:47"
5452,1178,453,"success","2026-02-01 23:40:33","2026-02-07 11:23:39"
5453,5087,463,"fail","2026-01-31 17:45:40","2026-02-03 08:48:57"
5454,3436,112,"fail","2026-01-11 10:59:56","2026-02-09 21:44:08"
5455,3217,328,"success","2026-02-23 07:36:24","2026-02-23 18:44:23"
5456,4443,234,"success","2026-01-26 00:17:58","2026-02-13 21:19:12"
5457,5742,292,"fail","2026-01-30 12:36:53","2026-01-31 21:42:43"
5458,834,133,"success","2026-01-28 19:24:34","2026-02-15 05:14:49"
5459,1490,448,"fail","2026-01-31 17:55:12","2026-02-04 03:01:06"
5460,421,344,"fail","2026-01-18 14:34:16","2026-02-11 18:42:58"
5461,1609,207,"success","2026-01-29 11:08:34","2026-02-08 18:55:19"
5462,4305,373,"success","2026-01-18 12:14:06","2026-01-22 21:59:26"
5463,4145,229,"success","2026-02-20 20:00:51","2026-02-23 21:01:14"
5464,1822,238,"success","2026-01-14 02:10:42","2026-02-22 10:08:54"
5465,2281,290,"success","2026-02-24 00:42:58","2026-02-25 03:44:07"
5466,3028,330,"fail","2026-01-12 17:35:06","2026-01-31 22:25:05"
5467,763,374,"fail","2026-01-08 00:49:20","2026-02-23 07:02:17"
5468,5635,283,"success","2026-01-02 16:26:47","2026-02-01 17:09:02"
5469,5779,312,"fail","2026-02-22 07:26:36","2026-02-25 02:08:02"
5470,4986,378,"fail","2026-02-08 00:23:29","2026-02-20 09:04:26"
5471,5493,123,"fail","2026-01-30 02:47:49","2026-02-12 21:26:10"
5472,3467,16,"fail","2026-02-21 17:40:52","2026-02-21 21:12:13"
5473,5072,386,"fail","2026-02-12 08:39:17","2026-02-16 18:46:19"
5474,1590,357,"fail","2026-02-11 08:09:00","2026-02-19 08:40:58"
5475,257,406,"fail","2026-02-02 13:19:09","2026-02-15 15:58:40"
5476,5050,44,"success","2026-02-01 13:23:54","2026-02-19 09:19:28"
5477,4838,119,"fail","2026-01-18 16:30:19","2026-02-24 07:07:34"
5478,5146,401,"fail","2026-01-06 12:03:15","2026-01-25 13:57:36"
5479,3347,181,"fail","2026-02-17 14:48:15","2026-02-24 20:03:29"
5480,4996,83,"fail","2026-01-18 22:05:07","2026-02-04 06:41:07"
5481,3291,140,"fail","2026-01-15 21:02:03","2026-01-21 15:59:21"
5482,3249,128,"fail","2026-01-28 18:26:52","2026-02-08 13:35:48"
5483,1097,439,"fail","2026-01-20 20:55:33","2026-01-29 02:33:33"
5484,3860,496,"fail","2026-01-10 19:53:27","2026-02-13 11:02:16"
5485,1864,79,"success","2026-02-23 21:21:01","2026-02-23 22:01:33"
5486,1579,228,"fail","2026-02-18 09:19:31","2026-02-24 08:45:55"
5487,5004,9,"fail","2026-01-25 21:07:42","2026-02-15 09:11:42"
5488,619,318,"fail","2026-01-24 03:23:28","2026-02-06 01:54:13"
5489,4471,97,"success","2026-01-30 00:34:06","2026-02-25 08:43:44"
5490,1218,171,"fail","2026-01-06 04:37:57","2026-01-08 01:17:40"
5491,4530,87,"success","2026-01-22 08:50:11","2026-02-21 16:34:37"
5492,3327,243,"fail","2026-01-25 10:19:21","2026-01-29 08:37:46"
5493,1343,76,"fail","2026-01-16 08:38:44","2026-01-30 09:11:55"
5494,5795,217,"success","2026-01-04 04:35:55","2026-02-11 05:07:27"
5495,5485,436,"fail","2026-02-02 01:29:26","2026-02-22 11:34:47"
5496,5414,341,"fail","2026-02-05 10:28:06","2026-02-10 16:59:36"
5497,1791,472,"success","2026-02-15 01:58:38","2026-02-15 17:18:32"
5498,2872,129,"success","2026-01-14 23:29:46","2026-01-29 13:34:09"
5499,1490,353,"fail","2026-01-30 00:05:56","2026-02-12 09:08:14"
5500,4830,236,"success","2026-01-14 09:51:13","2026-02-22 03:02:28"
5501,3857,62,"success","2026-02-17 11:01:30","2026-02-17 12:59:48"
5502,4112,364,"success","2026-01-13 08:27:14","2026-02-01 17:54:40"
5503,4444,349,"fail","2026-02-23 10:59:39","2026-02-24 02:23:59"
5504,3242,414,"success","2026-01-24 21:56:07","2026-02-18 02:47:31"
5505,995,340,"fail","2026-01-25 08:16:41","2026-02-01 16:20:19"
5506,3384,381,"success","2026-02-21 16:12:31","2026-02-24 08:04:56"
5507,1954,94,"fail","2026-01-07 14:25:38","2026-02-09 01:32:40"
5508,1500,80,"success","2026-02-20 11:46:11","2026-02-24 10:20:00"
5509,2624,379,"success","2026-02-16 07:58:33","2026-02-22 01:33:32"
5510,2584,384,"fail","2026-02-10 22:04:04","2026-02-11 05:47:39"
5511,2522,5,"success","2026-01-23 05:33:20","2026-02-19 01:18:47"
5512,973,281,"fail","2026-02-01 12:53:56","2026-02-06 10:46:17"
5513,3262,94,"success","2026-01-10 01:30:40","2026-02-06 23:27:12"
5514,1304,382,"success","2026-02-20 15:20:59","2026-02-24 20:23:15"
5515,1754,458,"success","2026-02-14 20:33:23","2026-02-18 02:02:45"
5516,2000,182,"success","2026-02-01 23:52:00","2026-02-07 07:21:55"
5517,4230,301,"success","2026-01-13 06:11:24","2026-02-25 08:23:16"
5518,678,486,"fail","2026-01-17 08:59:22","2026-01-30 04:56:56"
5519,2663,384,"fail","2026-02-24 04:52:56","2026-02-25 04:25:16"
5520,4623,46,"fail","2026-01-15 06:22:20","2026-02-22 01:30:51"
5521,31,232,"success","2026-01-15 20:19:18","2026-01-23 02:53:06"
5522,3328,458,"success","2026-02-05 02:00:10","2026-02-22 04:40:23"
5523,4558,198,"fail","2026-01-13 00:26:02","2026-02-12 00:59:37"
5524,2685,221,"success","2026-02-04 00:29:16","2026-02-22 13:52:04"
5525,1722,68,"success","2026-02-24 02:50:45","2026-02-24 06:44:25"
5526,4206,425,"fail","2026-01-30 22:08:44","2026-02-03 11:13:10"
5527,1808,324,"fail","2026-01-23 22:25:29","2026-02-08 13:55:24"
5528,2076,131,"fail","2026-02-04 21:11:17","2026-02-19 22:20:49"
5529,3270,178,"success","2026-01-05 22:45:07","2026-01-17 10:22:12"
5530,1356,197,"fail","2026-02-24 13:37:33","2026-02-25 04:13:50"
5531,1062,424,"success","2026-02-04 10:20:41","2026-02-20 12:32:37"
5532,5351,172,"fail","2026-01-21 18:41:39","2026-02-18 23:05:08"
5533,1105,216,"success","2026-02-01 21:19:02","2026-02-13 10:00:32"
5534,3473,445,"fail","2026-01-07 11:04:31","2026-02-17 20:06:27"
5535,4432,345,"fail","2026-01-02 19:55:31","2026-02-02 23:15:10"
5536,1431,148,"success","2026-01-07 12:59:40","2026-02-02 10:47:24"
5537,5844,198,"success","2026-02-04 14:40:46","2026-02-19 05:01:42"
5538,3410,352,"fail","2026-02-12 05:05:01","2026-02-20 18:56:46"
5539,1508,179,"fail","2026-01-14 23:12:23","2026-02-06 11:32:30"
5540,1271,430,"fail","2026-01-08 19:57:03","2026-02-15 05:11:46"
5541,4166,433,"success","2026-02-12 04:39:40","2026-02-22 06:20:07"
5542,2097,192,"fail","2026-01-02 20:57:16","2026-02-05 18:34:55"
5543,2285,261,"fail","2026-02-22 11:07:42","2026-02-23 19:09:04"
5544,620,443,"fail","2026-02-07 03:52:49","2026-02-19 08:36:45"
5545,122,227,"success","2026-01-23 09:22:02","2026-01-29 11:18:53"
5546,2678,120,"success","2026-02-12 10:56:32","2026-02-20 00:35:09"
5547,700,477,"success","2026-01-19 19:25:52","2026-02-07 04:56:39"
5548,4001,150,"success","2026-02-17 12:14:33","2026-02-19 14:16:56"
5549,3162,476,"success","2026-01-09 17:56:59","2026-02-14 23:58:52"
5550,1933,431,"fail","2026-02-24 16:24:02","2026-02-24 16:59:05"
5551,5452,97,"success","2026-01-25 06:50:00","2026-02-11 22:51:02"
5552,5093,219,"fail","2026-01-28 10:20:50","2026-02-13 16:43:00"
5553,2625,380,"success","2026-01-12 11:42:27","2026-02-03 16:51:27"
5554,664,418,"fail","2026-01-07 00:27:42","2026-01-18 12:40:27"
5555,5704,100,"fail","2026-01-17 00:40:49","2026-02-21 14:33:08"
5556,4685,320,"success","2026-01-13 22:46:00","2026-02-08 13:56:41"
5557,1852,471,"fail","2026-02-07 03:05:02","2026-02-09 11:05:06"
5558,5211,226,"fail","2026-01-03 00:55:53","2026-02-15 23:00:23"
5559,5512,235,"success","2026-01-03 11:00:35","2026-01-23 06:44:37"
5560,2972,406,"fail","2026-02-03 08:23:40","2026-02-04 07:55:34"
5561,4738,15,"success","2026-01-17 22:16:23","2026-02-02 07:30:30"
5562,4214,35,"success","2026-01-01 06:49:09","2026-01-16 20:56:50"
5563,2081,476,"fail","2026-01-25 00:58:15","2026-02-02 20:13:24"
5564,2237,471,"fail","2026-02-09 05:00:50","2026-02-17 04:04:50"
5565,871,97,"success","2026-01-25 21:26:09","2026-02-23 01:21:48"
5566,3711,408,"fail","2026-01-25 04:32:41","2026-01-27 11:43:33"
5567,4121,471,"success","2026-01-11 11:51:28","2026-02-21 11:35:17"
5568,2772,174,"fail","2026-02-02 13:37:05","2026-02-13 03:00:02"
5569,4270,342,"success","2026-01-15 15:53:25","2026-01-30 04:52:41"
5570,2726,297,"fail","2026-01-03 13:47:21","2026-01-10 20:31:40"
5571,3422,8,"success","2026-02-03 13:58:51","2026-02-08 01:09:40"
5572,4820,75,"success","2026-01-11 20:20:05","2026-02-11 03:09:42"
5573,5245,486,"success","2026-02-03 07:00:49","2026-02-19 20:44:54"
5574,2637,467,"fail","2026-01-10 13:55:01","2026-01-16 07:59:55"
5575,3757,246,"fail","2026-02-01 18:07:56","2026-02-12 13:00:17"
5576,5320,80,"success","2026-01-27 19:58:13","2026-02-03 02:29:47"
5577,2842,264,"success","2026-01-08 12:43:00","2026-01-19 03:55:33"
5578,32,281,"fail","2026-02-20 18:52:19","2026-02-25 10:39:18"
5579,2859,106,"success","2026-02-16 15:34:00","2026-02-17 07:36:18"
5580,2032,407,"success","2026-02-02 09:15:22","2026-02-18 06:16:47"
5581,5565,269,"success","2026-02-01 21:49:05","2026-02-04 20:50:21"
5582,5890,258,"success","2026-02-19 16:10:22","2026-02-22 11:04:10"
5583,3751,116,"success","2026-01-17 17:48:43","2026-02-07 01:16:28"
5584,1786,337,"success","2026-01-05 14:01:00","2026-02-14 19:00:50"
5585,5021,16,"success","2026-01-30 22:22:27","2026-01-31 04:20:30"
5586,2720,177,"success","2026-02-12 09:59:51","2026-02-23 22:14:51"
5587,4371,282,"success","2026-01-17 13:53:05","2026-02-12 08:25:02"
5588,4140,411,"fail","2026-01-01 11:36:04","2026-02-18 07:27:36"
5589,4723,368,"success","2026-01-29 10:06:53","2026-02-19 14:25:00"
5590,1034,133,"fail","2026-01-24 16:48:47","2026-02-03 19:16:04"
5591,547,5,"success","2026-01-11 03:50:27","2026-01-13 02:45:27"
5592,2906,482,"fail","2026-01-08 18:13:38","2026-02-11 16:19:07"
5593,842,75,"success","2026-02-12 14:12:08","2026-02-14 07:14:10"
5594,5919,373,"fail","2026-01-12 19:01:35","2026-01-14 15:22:44"
5595,4129,128,"fail","2026-02-13 19:40:37","2026-02-14 14:08:19"
5596,2853,49,"success","2026-02-08 08:07:56","2026-02-21 04:16:00"
5597,3158,398,"success","2026-01-30 03:31:14","2026-02-16 19:37:07"
5598,3674,252,"success","2026-01-07 16:58:02","2026-01-08 09:06:38"
5599,3178,20,"success","2026-01-08 14:08:22","2026-02-14 17:39:59"
5600,822,167,"success","2026-02-23 11:33:07","2026-02-23 20:57:58"
5601,5606,409,"success","2026-01-30 16:37:05","2026-02-08 12:45:06"
5602,934,326,"success","2026-02-21 23:36:34","2026-02-22 04:17:52"
5603,1113,494,"success","2026-02-06 19:34:21","2026-02-14 14:48:51"
5604,5047,347,"success","2026-01-07 19:01:56","2026-01-15 14:32:31"
5605,1066,116,"fail","2026-02-22 08:52:38","2026-02-25 11:28:34"
5606,2412,405,"success","2026-01-25 23:06:39","2026-02-14 14:06:30"
5607,4588,402,"fail","2026-02-10 23:30:06","2026-02-17 08:19:02"
5608,5302,204,"fail","2026-01-13 06:52:01","2026-01-13 17:50:50"
5609,4246,383,"success","2026-01-17 02:23:43","2026-01-22 11:20:12"
5610,3288,10,"fail","2026-01-11 07:50:29","2026-01-14 11:44:01"
5611,4487,73,"success","2026-01-17 16:33:37","2026-01-22 10:55:23"
5612,520,325,"fail","2026-01-17 20:32:49","2026-01-20 10:56:29"
5613,1637,223,"success","2026-01-29 08:57:41","2026-02-01 01:22:00"
5614,75,478,"fail","2026-01-05 20:46:14","2026-02-03 12:36:41"
5615,4636,204,"fail","2026-01-26 13:55:44","2026-02-05 16:27:33"
5616,3026,207,"fail","2026-02-12 16:14:24","2026-02-16 04:13:01"
5617,5247,196,"success","2026-01-11 10:29:06","2026-02-11 11:19:08"
5618,5967,475,"fail","2026-02-11 05:33:31","2026-02-20 04:24:02"
5619,3507,490,"success","2026-02-21 12:23:31","2026-02-22 11:13:14"
5620,4560,427,"success","2026-01-16 18:58:02","2026-02-17 20:05:05"
5621,4777,26,"success","2026-01-12 04:04:26","2026-02-17 04:27:45"
5622,4450,406,"success","2026-01-22 01:45:05","2026-02-18 17:13:23"
5623,1463,439,"fail","2026-01-29 15:31:35","2026-02-14 05:36:46"
5624,3611,148,"fail","2026-02-12 20:12:45","2026-02-14 13:02:01"
5625,1578,457,"fail","2026-01-08 23:42:26","2026-02-07 09:28:43"
5626,4214,343,"success","2026-01-07 06:06:28","2026-02-01 02:13:15"
5627,979,81,"fail","2026-01-26 04:26:11","2026-01-26 18:57:02"
5628,3518,349,"success","2026-01-26 10:03:04","2026-02-05 12:53:32"
5629,2239,300,"success","2026-02-06 17:01:46","2026-02-13 11:46:54"
5630,5741,106,"fail","2026-01-06 05:36:45","2026-01-14 16:15:09"
5631,4326,226,"fail","2026-01-11 21:40:14","2026-01-22 18:39:46"
5632,4908,59,"success","2026-01-18 14:36:32","2026-02-09 04:58:43"
5633,2123,45,"fail","2026-02-01 14:57:34","2026-02-21 13:35:04"
5634,3600,260,"fail","2026-01-16 09:40:46","2026-01-17 16:17:02"
5635,2200,435,"fail","2026-01-20 01:45:12","2026-01-28 05:02:44"
5636,3712,67,"fail","2026-01-15 20:57:21","2026-02-13 21:02:42"
5637,2563,133,"success","2026-02-24 14:07:26","2026-02-25 06:00:56"
5638,4741,201,"success","2026-02-15 20:16:59","2026-02-24 18:31:00"
5639,5048,70,"fail","2026-01-28 11:18:28","2026-02-20 05:45:08"
5640,3753,215,"fail","2026-02-16 03:00:07","2026-02-19 04:21:27"
5641,3927,475,"success","2026-01-29 05:55:03","2026-02-01 01:08:11"
5642,587,133,"success","2026-01-05 09:29:47","2026-02-17 07:26:45"
5643,676,232,"success","2026-01-23 04:40:18","2026-01-29 10:56:07"
5644,2258,370,"fail","2026-01-23 20:46:01","2026-02-15 07:38:25"
5645,1760,326,"success","2026-01-28 03:04:23","2026-02-18 03:16:35"
5646,3668,298,"success","2026-02-01 18:02:30","2026-02-03 07:16:21"
5647,3295,405,"fail","2026-02-17 17:45:33","2026-02-23 06:16:04"
5648,5447,216,"fail","2026-01-28 11:02:45","2026-02-03 15:30:12"
5649,4197,156,"fail","2026-01-16 02:27:22","2026-02-03 07:46:43"
5650,3617,465,"fail","2026-02-12 11:23:35","2026-02-15 05:01:48"
5651,5284,383,"success","2026-01-15 17:34:18","2026-02-05 15:03:22"
5652,2388,407,"success","2026-02-13 17:51:43","2026-02-19 21:34:59"
5653,4740,370,"fail","2026-02-07 19:01:13","2026-02-18 19:13:40"
5654,4481,119,"fail","2026-01-09 02:57:39","2026-02-20 08:34:29"
5655,2654,344,"fail","2026-01-24 18:44:25","2026-01-30 10:59:57"
5656,3110,64,"fail","2026-01-17 06:25:13","2026-01-24 16:16:58"
5657,4357,483,"success","2026-01-27 18:25:16","2026-02-13 14:02:27"
5658,916,136,"success","2026-01-13 17:00:18","2026-02-02 00:36:09"
5659,1968,267,"fail","2026-02-17 07:29:33","2026-02-19 00:19:28"
5660,699,494,"success","2026-01-13 15:35:01","2026-02-19 20:22:22"
5661,3354,323,"fail","2026-01-12 00:43:53","2026-02-01 19:14:57"
5662,653,208,"fail","2026-01-30 20:39:06","2026-02-10 22:52:01"
5663,1257,379,"success","2026-02-17 17:57:00","2026-02-19 23:10:01"
5664,4745,233,"fail","2026-02-19 10:25:11","2026-02-25 08:59:45"
5665,2947,486,"fail","2026-01-05 01:30:08","2026-01-25 23:10:15"
5666,3670,340,"success","2026-01-14 01:28:28","2026-01-30 16:04:27"
5667,2389,331,"fail","2026-01-31 02:33:36","2026-02-24 03:17:18"
5668,3889,155,"fail","2026-01-10 10:28:14","2026-02-13 05:29:34"
5669,5359,159,"success","2026-02-07 16:15:33","2026-02-10 10:59:57"
5670,1347,456,"fail","2026-02-19 13:47:59","2026-02-22 22:58:07"
5671,2310,372,"fail","2026-01-19 09:18:28","2026-01-28 09:19:41"
5672,2186,400,"success","2026-02-11 03:56:18","2026-02-15 12:53:17"
5673,1343,67,"fail","2026-01-24 09:58:54","2026-02-03 12:53:48"
5674,3438,270,"fail","2026-01-04 08:23:31","2026-01-10 06:41:57"
5675,629,438,"success","2026-02-24 00:30:17","2026-02-24 22:48:27"
5676,219,394,"success","2026-02-11 18:03:14","2026-02-14 11:50:20"
5677,1914,233,"success","2026-01-11 21:28:12","2026-01-31 21:20:19"
5678,356,481,"fail","2026-01-09 20:43:39","2026-02-24 02:59:34"
5679,5504,259,"fail","2026-01-12 04:25:10","2026-02-15 14:44:00"
5680,5366,56,"fail","2026-01-16 20:33:50","2026-02-22 09:28:54"
5681,1397,287,"fail","2026-02-12 20:55:41","2026-02-24 02:21:49"
5682,1386,247,"fail","2026-01-26 18:43:04","2026-02-18 05:19:02"
5683,769,35,"fail","2026-01-04 14:34:04","2026-01-13 04:15:47"
5684,4244,129,"success","2026-02-09 22:58:43","2026-02-24 16:11:29"
5685,724,315,"fail","2026-01-31 06:33:34","2026-02-06 10:02:37"
5686,2140,170,"fail","2026-02-13 05:13:24","2026-02-14 15:16:23"
5687,3138,114,"success","2026-02-20 20:07:24","2026-02-21 02:21:34"
5688,3587,427,"fail","2026-01-21 12:31:09","2026-02-06 06:06:23"
5689,1436,20,"fail","2026-02-24 06:02:15","2026-02-25 11:23:56"
5690,4725,256,"fail","2026-01-28 13:46:02","2026-02-13 13:13:51"
5691,2804,77,"fail","2026-01-22 01:47:27","2026-02-09 19:16:27"
5692,3063,216,"fail","2026-02-22 23:54:35","2026-02-25 00:26:34"
5693,2292,258,"fail","2026-02-21 02:22:22","2026-02-25 02:47:43"
5694,4773,133,"fail","2026-02-05 06:32:17","2026-02-15 04:06:01"
5695,1323,119,"success","2026-01-13 09:29:57","2026-02-04 05:20:20"
5696,3058,315,"success","2026-01-20 09:38:25","2026-01-20 10:27:59"
5697,5607,290,"success","2026-01-11 03:09:23","2026-02-25 02:04:20"
5698,4639,77,"fail","2026-01-29 11:12:29","2026-02-17 18:44:11"
5699,3746,274,"fail","2026-01-30 02:44:31","2026-02-09 02:07:16"
5700,1365,182,"fail","2026-01-02 16:15:03","2026-01-14 01:40:04"
5701,4988,346,"success","2026-01-31 17:21:04","2026-02-16 07:08:36"
5702,5972,102,"fail","2026-02-08 13:51:43","2026-02-20 11:33:04"
5703,2714,313,"fail","2026-02-18 06:51:30","2026-02-21 11:00:56"
5704,5089,369,"success","2026-02-13 06:44:45","2026-02-19 18:37:05"
5705,3172,290,"fail","2026-01-14 20:55:31","2026-02-11 11:47:02"
5706,1549,352,"success","2026-01-09 20:01:43","2026-02-05 22:21:51"
5707,1990,350,"fail","2026-02-19 18:28:25","2026-02-23 13:27:07"
5708,451,416,"fail","2026-01-02 08:24:54","2026-02-21 18:15:44"
5709,4179,348,"fail","2026-02-13 07:02:57","2026-02-18 07:52:04"
5710,3989,371,"success","2026-02-16 15:43:13","2026-02-21 08:41:07"
5711,2050,300,"fail","2026-02-03 04:05:09","2026-02-04 11:59:05"
5712,488,47,"success","2026-01-24 08:13:16","2026-02-22 22:22:26"
5713,2377,254,"success","2026-02-11 05:06:56","2026-02-15 04:17:54"
5714,4125,477,"fail","2026-02-15 09:15:37","2026-02-20 04:24:22"
5715,4609,104,"success","2026-01-05 15:25:12","2026-01-18 09:56:36"
5716,5973,387,"fail","2026-01-26 00:07:20","2026-02-15 19:20:32"
5717,5884,129,"fail","2026-01-18 06:25:31","2026-01-24 00:17:05"
5718,5596,224,"fail","2026-02-23 07:32:49","2026-02-24 11:12:51"
5719,1287,300,"fail","2026-02-22 01:20:27","2026-02-25 00:02:28"
5720,5323,209,"success","2026-02-02 04:31:01","2026-02-25 00:21:57"
5721,1100,7,"success","2026-01-02 11:42:53","2026-01-18 01:56:10"
5722,5213,245,"success","2026-02-23 11:50:43","2026-02-24 03:53:00"
5723,86,117,"success","2026-02-22 08:54:10","2026-02-23 08:13:47"
5724,2123,477,"fail","2026-01-28 04:55:43","2026-01-29 15:10:14"
5725,828,378,"success","2026-02-08 16:18:13","2026-02-13 09:02:08"
5726,487,217,"fail","2026-01-26 01:29:53","2026-02-11 20:10:39"
5727,3602,346,"success","2026-01-01 22:58:12","2026-02-07 03:50:04"
5728,31,43,"fail","2026-01-17 23:53:23","2026-01-24 13:03:24"
5729,1380,403,"fail","2026-02-17 07:40:36","2026-02-22 11:00:33"
5730,2413,165,"fail","2026-01-11 10:55:53","2026-02-23 01:03:19"
5731,5905,12,"success","2026-01-29 08:43:46","2026-02-04 18:00:17"
5732,2185,330,"success","2026-02-08 14:36:11","2026-02-20 05:54:50"
5733,3738,429,"success","2026-01-22 17:55:54","2026-01-23 04:39:37"
5734,4759,230,"fail","2026-01-08 23:55:29","2026-01-19 17:25:06"
5735,908,3,"fail","2026-01-06 05:17:38","2026-01-19 12:40:14"
5736,5643,87,"fail","2026-02-18 21:48:06","2026-02-25 07:49:26"
5737,3346,33,"success","2026-02-16 18:17:38","2026-02-20 08:08:42"
5738,5935,246,"fail","2026-01-19 00:41:21","2026-01-24 14:47:37"
5739,2597,339,"fail","2026-01-23 10:28:43","2026-01-30 05:11:52"
5740,4835,378,"fail","2026-01-11 23:04:24","2026-01-26 03:51:40"
5741,3538,122,"fail","2026-01-15 13:02:42","2026-01-30 16:22:24"
5742,1916,403,"success","2026-01-08 15:17:10","2026-01-15 17:41:43"
5743,3452,15,"success","2026-02-06 05:53:27","2026-02-19 04:50:56"
5744,294,247,"success","2026-02-16 07:08:21","2026-02-24 04:28:36"
5745,1057,307,"fail","2026-01-08 08:43:52","2026-01-26 11:27:04"
5746,4883,305,"fail","2026-01-22 20:39:13","2026-01-25 18:23:15"
5747,1304,113,"success","2026-01-08 05:24:57","2026-01-22 14:43:12"
5748,5110,494,"success","2026-02-11 03:52:22","2026-02-17 13:50:53"
5749,651,14,"success","2026-01-19 09:03:06","2026-01-26 21:28:05"
5750,5818,86,"success","2026-01-15 10:08:52","2026-02-19 09:29:02"
5751,210,214,"success","2026-02-14 01:34:01","2026-02-18 03:39:52"
5752,804,167,"success","2026-01-26 14:02:34","2026-02-18 15:14:08"
5753,5226,359,"fail","2026-01-16 11:39:45","2026-02-05 04:35:16"
5754,4535,326,"success","2026-01-02 08:59:01","2026-02-16 08:09:57"
5755,489,27,"fail","2026-01-28 00:20:21","2026-02-21 05:25:23"
5756,1453,472,"success","2026-01-23 17:11:15","2026-02-04 05:04:01"
5757,5423,380,"fail","2026-01-15 05:06:01","2026-02-13 15:54:19"
5758,1040,227,"success","2026-01-22 09:54:29","2026-01-26 22:33:56"
5759,3631,416,"fail","2026-01-11 18:57:51","2026-01-12 09:43:25"
5760,2436,320,"success","2026-01-11 01:57:34","2026-02-06 02:28:07"
5761,4818,373,"success","2026-02-04 07:50:06","2026-02-14 13:20:26"
5762,278,25,"fail","2026-01-04 04:42:40","2026-01-20 06:48:43"
5763,2432,207,"fail","2026-01-08 10:10:57","2026-01-20 02:16:50"
5764,50,196,"success","2026-01-07 02:50:22","2026-02-18 22:11:37"
5765,2200,229,"fail","2026-01-13 21:56:26","2026-01-22 08:47:51"
5766,4784,384,"fail","2026-02-10 12:19:33","2026-02-22 12:47:47"
5767,5409,193,"fail","2026-01-07 01:01:14","2026-01-23 02:34:31"
5768,1189,16,"fail","2026-02-11 02:17:20","2026-02-17 06:19:23"
5769,260,394,"success","2026-02-15 17:16:23","2026-02-23 14:47:44"
5770,1380,58,"success","2026-01-18 01:36:09","2026-02-06 08:41:28"
5771,5816,291,"success","2026-01-28 14:51:28","2026-02-08 22:12:53"
5772,1676,484,"success","2026-02-01 08:57:24","2026-02-21 01:01:09"
5773,3631,232,"success","2026-02-14 15:40:43","2026-02-16 20:42:52"
5774,4689,291,"fail","2026-01-14 12:38:56","2026-02-01 16:08:07"
5775,3309,217,"success","2026-01-03 23:42:21","2026-02-02 05:19:45"
5776,1615,406,"fail","2026-02-21 06:34:08","2026-02-23 08:12:48"
5777,4805,318,"success","2026-01-22 12:32:33","2026-01-24 14:28:20"
5778,1531,180,"fail","2026-01-24 02:40:01","2026-02-08 08:14:36"
5779,517,472,"fail","2026-02-21 23:43:49","2026-02-24 16:54:55"
5780,2227,77,"fail","2026-02-14 15:38:15","2026-02-16 01:07:06"
5781,5278,283,"success","2026-01-17 05:37:40","2026-02-25 07:10:41"
5782,2513,266,"fail","2026-01-01 07:02:40","2026-01-04 00:08:59"
5783,4163,340,"fail","2026-01-03 04:23:10","2026-02-15 06:46:17"
5784,4708,148,"success","2026-01-04 03:20:26","2026-02-21 07:02:22"
5785,3655,238,"success","2026-01-01 03:34:47","2026-02-08 18:11:03"
5786,3117,7,"fail","2026-02-01 17:49:42","2026-02-08 23:10:20"
5787,4101,93,"fail","2026-02-07 23:17:35","2026-02-09 23:29:25"
5788,4680,258,"success","2026-01-06 01:37:42","2026-01-09 07:49:53"
5789,3496,365,"success","2026-01-21 09:05:50","2026-02-14 05:40:03"
5790,3975,448,"fail","2026-02-08 16:19:07","2026-02-24 14:51:45"
5791,3397,130,"success","2026-02-11 08:18:19","2026-02-20 12:33:52"
5792,5847,95,"fail","2026-02-07 17:22:35","2026-02-10 19:19:09"
5793,4274,174,"fail","2026-02-21 13:18:45","2026-02-21 19:04:53"
5794,4015,376,"success","2026-01-24 08:47:20","2026-02-20 22:46:17"
5795,2273,402,"success","2026-01-11 21:40:41","2026-01-16 10:06:32"
5796,1639,436,"success","2026-01-23 01:53:45","2026-02-17 12:57:43"
5797,3800,258,"fail","2026-02-01 23:34:43","2026-02-21 10:47:30"
5798,793,465,"success","2026-01-02 19:38:33","2026-01-25 23:31:25"
5799,3431,466,"fail","2026-02-19 01:04:21","2026-02-23 18:02:42"
5800,5527,463,"fail","2026-02-24 23:41:15","2026-02-25 00:24:43"
5801,4778,44,"fail","2026-01-19 15:29:50","2026-02-06 05:00:06"
5802,4008,495,"success","2026-02-06 10:43:17","2026-02-15 17:04:33"
5803,4078,104,"fail","2026-02-23 22:03:23","2026-02-24 17:43:27"
5804,4633,288,"fail","2026-01-16 16:51:12","2026-02-24 14:34:33"
5805,4592,120,"success","2026-01-05 21:37:43","2026-01-19 22:57:21"
5806,1273,299,"fail","2026-01-19 03:19:28","2026-01-26 13:50:22"
5807,2284,52,"success","2026-02-12 14:10:02","2026-02-14 04:35:50"
5808,507,27,"success","2026-02-01 00:34:21","2026-02-19 14:41:26"
5809,4919,295,"success","2026-02-24 08:36:01","2026-02-25 04:23:06"
5810,4767,372,"fail","2026-02-09 11:13:22","2026-02-25 08:32:15"
5811,735,158,"fail","2026-02-22 20:16:43","2026-02-24 17:56:29"
5812,2902,390,"fail","2026-02-13 23:41:45","2026-02-21 10:57:25"
5813,5698,402,"fail","2026-02-14 06:18:56","2026-02-19 12:36:38"
5814,1482,299,"fail","2026-01-16 12:55:37","2026-01-26 17:58:55"
5815,1060,186,"success","2026-01-15 00:14:10","2026-02-17 03:58:18"
5816,4028,347,"fail","2026-01-29 17:47:48","2026-02-22 12:47:28"
5817,2210,103,"success","2026-01-12 17:42:40","2026-02-05 19:05:06"
5818,3822,288,"success","2026-01-10 17:18:35","2026-02-20 13:04:26"
5819,5698,154,"success","2026-01-20 16:41:12","2026-01-25 19:49:18"
5820,2814,352,"fail","2026-01-15 21:44:05","2026-01-18 02:49:33"
5821,3607,83,"fail","2026-02-20 20:16:35","2026-02-23 14:52:26"
5822,5452,157,"fail","2026-01-14 07:59:56","2026-02-07 18:21:20"
5823,482,76,"success","2026-01-21 07:09:12","2026-02-05 07:51:01"
5824,1809,61,"success","2026-02-15 14:08:01","2026-02-19 02:46:38"
5825,2063,115,"success","2026-02-23 02:21:10","2026-02-23 09:27:00"
5826,405,24,"fail","2026-02-20 05:39:18","2026-02-24 13:04:32"
5827,1674,434,"fail","2026-01-31 00:02:10","2026-02-25 10:34:05"
5828,2427,219,"success","2026-01-17 08:37:50","2026-01-21 06:27:10"
5829,2980,398,"success","2026-02-17 15:38:58","2026-02-19 23:29:42"
5830,3961,267,"success","2026-01-12 07:18:29","2026-01-17 00:02:48"
5831,2866,453,"success","2026-02-04 05:09:29","2026-02-15 15:15:19"
5832,2291,343,"success","2026-02-12 12:56:30","2026-02-22 20:22:37"
5833,2976,448,"success","2026-01-29 02:45:23","2026-02-13 13:12:02"
5834,4633,191,"success","2026-01-09 22:37:35","2026-01-18 11:19:19"
5835,2581,247,"fail","2026-01-01 05:53:34","2026-02-03 14:32:11"
5836,3338,57,"fail","2026-01-24 04:15:40","2026-02-22 11:42:22"
5837,2146,45,"success","2026-02-03 05:28:41","2026-02-12 20:01:23"
5838,3608,392,"success","2026-02-23 22:44:53","2026-02-25 11:37:44"
5839,5168,71,"success","2026-02-14 15:24:58","2026-02-23 21:31:50"
5840,4754,9,"success","2026-02-02 16:37:50","2026-02-08 22:36:25"
5841,3025,398,"fail","2026-01-05 12:38:46","2026-01-21 12:32:54"
5842,510,51,"fail","2026-02-12 01:46:54","2026-02-14 05:23:52"
5843,1941,26,"fail","2026-01-01 22:13:05","2026-01-09 18:02:06"
5844,5616,237,"fail","2026-01-31 08:56:50","2026-02-09 23:30:20"
5845,4534,171,"success","2026-02-13 21:40:46","2026-02-14 06:10:41"
5846,184,244,"success","2026-01-01 14:07:15","2026-01-20 10:24:13"
5847,3098,171,"success","2026-01-20 20:25:53","2026-01-31 01:53:31"
5848,1988,69,"success","2026-01-06 21:11:44","2026-01-13 04:30:26"
5849,5362,247,"fail","2026-01-09 12:48:47","2026-01-26 14:52:26"
5850,3227,28,"fail","2026-01-31 22:01:00","2026-02-12 10:03:11"
5851,2013,214,"fail","2026-02-03 03:18:19","2026-02-10 17:50:14"
5852,2209,167,"success","2026-01-14 05:44:42","2026-01-30 08:51:42"
5853,2503,494,"success","2026-01-09 08:31:20","2026-01-18 21:21:05"
5854,2978,373,"success","2026-01-09 04:59:18","2026-01-14 14:57:46"
5855,2341,184,"success","2026-02-17 23:30:39","2026-02-19 14:12:38"
5856,5135,455,"fail","2026-02-23 21:08:51","2026-02-25 09:05:51"
5857,611,352,"success","2026-02-03 12:16:03","2026-02-22 17:12:26"
5858,3213,48,"fail","2026-01-26 09:26:10","2026-02-14 18:42:13"
5859,834,200,"success","2026-01-13 03:25:40","2026-01-13 18:54:48"
5860,5745,119,"fail","2026-01-29 06:41:04","2026-02-21 14:40:38"
5861,2234,153,"fail","2026-02-17 21:17:33","2026-02-20 04:00:40"
5862,4755,91,"fail","2026-02-11 05:56:22","2026-02-24 21:46:55"
5863,5655,333,"fail","2026-01-23 13:59:22","2026-02-24 05:34:16"
5864,1212,468,"fail","2026-01-28 14:58:23","2026-02-11 21:48:40"
5865,1089,89,"fail","2026-02-06 08:45:21","2026-02-14 14:15:37"
5866,3468,95,"success","2026-01-02 08:07:01","2026-02-05 07:48:23"
5867,1434,166,"fail","2026-02-12 15:40:07","2026-02-17 19:57:35"
5868,5050,44,"fail","2026-02-24 00:41:54","2026-02-24 22:28:05"
5869,2819,12,"fail","2026-02-11 23:15:37","2026-02-14 14:43:01"
5870,4578,174,"success","2026-01-08 04:19:52","2026-01-23 20:45:48"
5871,4820,94,"fail","2026-01-17 16:17:18","2026-02-01 03:35:11"
5872,5632,24,"success","2026-02-21 20:16:16","2026-02-25 03:39:56"
5873,1533,387,"success","2026-01-23 02:24:08","2026-02-01 09:31:14"
5874,2059,108,"fail","2026-01-17 20:40:15","2026-02-19 16:11:01"
5875,3536,113,"fail","2026-01-01 04:58:19","2026-02-08 20:44:04"
5876,5208,136,"success","2026-01-15 23:22:06","2026-02-05 00:29:12"
5877,260,268,"fail","2026-01-02 09:42:54","2026-01-24 23:47:00"
5878,32,185,"fail","2026-02-19 05:30:33","2026-02-20 16:15:28"
5879,1812,149,"success","2026-01-02 02:45:08","2026-02-23 03:42:34"
5880,2060,62,"fail","2026-02-01 09:48:33","2026-02-24 06:51:29"
5881,2265,209,"fail","2026-01-08 12:14:09","2026-01-11 12:10:14"
5882,4632,210,"success","2026-01-16 18:54:45","2026-01-29 14:33:07"
5883,5617,74,"fail","2026-02-24 20:58:08","2026-02-24 21:22:07"
5884,3737,179,"success","2026-01-30 04:35:47","2026-02-06 10:12:22"
5885,251,93,"success","2026-01-18 15:55:25","2026-01-18 23:58:17"
5886,15,123,"fail","2026-01-13 14:28:32","2026-02-09 02:17:48"
5887,4971,50,"success","2026-01-08 12:20:28","2026-01-26 01:20:05"
5888,4180,398,"fail","2026-01-01 01:02:15","2026-02-05 20:40:51"
5889,3284,436,"fail","2026-01-18 20:26:49","2026-02-19 06:52:58"
5890,1605,187,"success","2026-01-15 15:20:45","2026-02-10 04:04:55"
5891,3927,408,"fail","2026-02-14 13:32:46","2026-02-15 13:24:26"
5892,5551,74,"fail","2026-01-07 17:02:08","2026-02-10 14:35:33"
5893,4137,81,"fail","2026-02-16 06:36:52","2026-02-17 07:19:19"
5894,1044,16,"fail","2026-02-07 16:51:51","2026-02-22 13:55:08"
5895,4331,466,"fail","2026-01-14 00:06:58","2026-02-15 00:24:49"
5896,2519,237,"fail","2026-01-30 12:13:06","2026-02-03 18:46:39"
5897,2366,462,"success","2026-01-03 00:25:54","2026-01-28 18:00:22"
5898,577,99,"success","2026-02-06 04:57:44","2026-02-23 09:20:42"
5899,3128,182,"success","2026-01-23 17:54:21","2026-01-25 10:56:07"
5900,2261,75,"success","2026-01-14 12:06:34","2026-02-06 09:47:09"
5901,2828,413,"success","2026-02-02 02:54:27","2026-02-20 17:54:04"
5902,486,13,"success","2026-01-24 02:59:32","2026-02-23 08:00:03"
5903,632,341,"success","2026-01-06 14:46:43","2026-02-24 11:52:58"
5904,468,196,"fail","2026-02-04 18:52:27","2026-02-24 21:07:27"
5905,1918,80,"fail","2026-01-28 23:59:39","2026-02-08 14:00:01"
5906,917,308,"success","2026-01-24 03:32:45","2026-02-10 17:56:26"
5907,4171,226,"success","2026-02-04 06:36:06","2026-02-22 19:21:34"
5908,4156,485,"fail","2026-01-28 11:45:53","2026-02-20 08:42:07"
5909,1050,163,"success","2026-01-08 22:35:30","2026-01-18 11:28:14"
5910,5326,99,"fail","2026-01-05 20:47:03","2026-02-20 16:48:20"
5911,5735,69,"fail","2026-01-27 13:08:21","2026-02-18 16:27:27"
5912,923,92,"fail","2026-01-06 04:56:38","2026-02-08 06:33:19"
5913,2121,407,"success","2026-01-28 12:29:49","2026-02-18 18:44:07"
5914,1147,75,"success","2026-02-08 04:28:44","2026-02-24 03:16:09"
5915,2011,433,"fail","2026-02-12 20:42:10","2026-02-25 03:52:11"
5916,714,104,"fail","2026-02-13 22:26:33","2026-02-14 12:19:07"
5917,3171,208,"fail","2026-02-18 14:42:07","2026-02-18 15:21:13"
5918,5958,28,"fail","2026-02-21 07:28:50","2026-02-23 14:38:11"
5919,2286,227,"success","2026-02-05 23:33:51","2026-02-12 21:55:31"
5920,4412,465,"fail","2026-02-10 21:29:37","2026-02-16 14:06:11"
5921,4930,95,"fail","2026-01-27 15:09:51","2026-02-09 19:06:57"
5922,4204,456,"fail","2026-01-26 04:46:44","2026-02-12 12:54:33"
5923,1161,381,"success","2026-02-18 01:30:47","2026-02-24 16:59:03"
5924,328,171,"success","2026-02-25 09:14:37","2026-02-25 11:30:00"
5925,2850,244,"success","2026-01-19 15:31:49","2026-02-12 06:18:45"
5926,4460,1,"fail","2026-02-01 21:01:16","2026-02-23 10:24:27"
5927,261,301,"success","2026-01-14 20:05:04","2026-02-12 08:26:20"
5928,5990,6,"success","2026-02-23 12:37:05","2026-02-24 20:44:41"
5929,1930,23,"fail","2026-01-29 09:46:35","2026-02-08 06:41:37"
5930,5606,56,"success","2026-01-18 05:52:38","2026-01-19 20:12:00"
5931,2209,474,"fail","2026-01-14 04:13:39","2026-01-15 09:11:36"
5932,859,39,"fail","2026-01-17 07:24:13","2026-01-22 00:00:14"
5933,1141,320,"fail","2026-02-11 17:12:00","2026-02-12 23:19:01"
5934,1228,305,"fail","2026-01-09 22:56:54","2026-02-08 11:44:22"
5935,5255,486,"fail","2026-01-08 21:02:41","2026-02-10 12:35:28"
5936,3794,160,"success","2026-02-03 18:24:11","2026-02-06 09:55:30"
5937,3252,480,"fail","2026-02-07 13:16:38","2026-02-20 15:13:42"
5938,702,324,"fail","2026-01-12 00:35:02","2026-01-31 03:05:10"
5939,1695,217,"success","2026-01-23 05:28:53","2026-02-13 15:45:07"
5940,341,284,"fail","2026-02-03 18:37:16","2026-02-08 20:37:13"
5941,1198,417,"success","2026-02-16 15:22:30","2026-02-21 01:25:32"
5942,1097,242,"fail","2026-02-24 20:11:01","2026-02-25 09:15:46"
5943,1335,471,"success","2026-01-09 09:39:08","2026-02-11 16:05:32"
5944,441,140,"success","2026-01-14 20:05:26","2026-01-20 17:17:18"
5945,2720,247,"success","2026-02-04 21:22:17","2026-02-08 03:24:26"
5946,208,106,"success","2026-02-18 05:31:31","2026-02-23 21:30:32"
5947,5946,139,"fail","2026-02-15 23:32:33","2026-02-20 11:22:54"
5948,2484,19,"success","2026-02-04 11:52:39","2026-02-04 18:26:04"
5949,2533,254,"fail","2026-01-18 11:11:43","2026-02-09 22:10:27"
5950,4475,377,"fail","2026-01-24 07:00:57","2026-02-05 04:25:03"
5951,4793,279,"fail","2026-01-04 16:54:32","2026-01-15 02:47:46"
5952,5663,348,"success","2026-01-20 03:53:59","2026-02-04 07:56:37"
5953,5509,357,"success","2026-02-04 22:40:47","2026-02-12 07:39:10"
5954,1418,132,"fail","2026-01-12 20:31:21","2026-02-13 05:42:17"
5955,189,418,"success","2026-01-11 11:45:59","2026-01-21 19:24:37"
5956,5045,57,"fail","2026-01-23 15:21:01","2026-02-12 23:28:18"
5957,1823,118,"success","2026-01-07 15:34:29","2026-02-03 16:04:22"
5958,1693,387,"fail","2026-02-01 22:30:23","2026-02-08 21:56:07"
5959,5840,484,"success","2026-02-04 14:02:36","2026-02-15 06:08:33"
5960,5922,94,"success","2026-02-23 08:57:36","2026-02-24 11:36:09"
5961,2682,156,"success","2026-02-15 08:01:59","2026-02-23 07:33:45"
5962,4201,381,"fail","2026-01-10 12:10:52","2026-02-13 05:06:40"
5963,469,39,"fail","2026-02-23 02:45:26","2026-02-23 17:09:30"
5964,4240,174,"success","2026-02-22 20:27:42","2026-02-24 15:36:08"
5965,4276,164,"fail","2026-01-31 02:52:42","2026-02-05 02:01:06"
5966,2053,210,"fail","2026-02-15 22:43:13","2026-02-18 08:20:41"
5967,1995,165,"fail","2026-02-02 03:11:50","2026-02-15 06:20:30"
5968,5187,307,"success","2026-02-10 09:05:59","2026-02-18 20:03:53"
5969,2959,143,"success","2026-01-01 15:44:22","2026-01-13 04:07:22"
5970,560,385,"success","2026-02-05 07:43:03","2026-02-15 18:51:10"
5971,5999,357,"success","2026-01-26 22:49:27","2026-02-24 00:43:10"
5972,5942,29,"fail","2026-01-15 02:20:19","2026-02-22 00:50:38"
5973,5371,333,"success","2026-01-16 04:59:20","2026-02-14 05:50:23"
5974,1449,380,"success","2026-01-08 18:34:55","2026-01-25 20:36:13"
5975,1701,21,"fail","2026-01-13 23:21:00","2026-02-20 20:34:33"
5976,3709,130,"fail","2026-01-17 06:57:32","2026-02-21 07:51:51"
5977,1436,424,"success","2026-01-30 01:38:55","2026-02-15 05:33:23"
5978,4716,487,"fail","2026-02-23 17:37:14","2026-02-24 16:59:10"
5979,5742,331,"success","2026-01-03 12:03:47","2026-01-04 19:39:39"
5980,5879,144,"fail","2026-02-04 00:06:35","2026-02-07 07:33:41"
5981,1691,437,"fail","2026-02-01 11:02:45","2026-02-10 10:48:37"
5982,3656,265,"fail","2026-02-04 14:59:00","2026-02-18 23:07:57"
5983,1512,126,"fail","2026-02-06 01:55:58","2026-02-13 05:11:41"
5984,2552,438,"success","2026-02-22 12:06:02","2026-02-24 08:16:39"
5985,4125,175,"success","2026-02-06 15:29:19","2026-02-09 13:27:49"
5986,324,443,"fail","2026-01-25 07:51:18","2026-02-09 07:35:23"
5987,25,383,"fail","2026-01-31 03:29:16","2026-02-03 18:54:02"
5988,2164,373,"success","2026-01-23 02:09:43","2026-01-25 05:38:01"
5989,4445,182,"fail","2026-01-11 12:07:26","2026-02-13 22:39:53"
5990,5901,310,"fail","2026-02-23 11:37:03","2026-02-24 03:25:09"
5991,318,353,"success","2026-02-20 01:30:10","2026-02-24 14:08:12"
5992,147,300,"fail","2026-02-16 14:46:20","2026-02-22 17:24:22"
5993,3962,438,"fail","2026-02-18 07:23:00","2026-02-19 10:47:55"
5994,4330,179,"success","2026-01-11 12:11:41","2026-02-09 20:28:46"
5995,2364,314,"success","2026-02-02 00:06:36","2026-02-17 06:31:30"
5996,5130,5,"success","2026-02-05 09:20:41","2026-02-13 03:09:08"
5997,4795,242,"fail","2026-02-02 04:37:03","2026-02-04 10:56:55"
5998,3810,481,"success","2026-01-11 00:38:28","2026-02-12 02:27:54"
5999,322,80,"fail","2026-01-27 16:35:47","2026-02-02 16:45:15"
6000,2903,44,"success","2026-02-16 15:30:49","2026-02-21 04:13:30"
6001,5574,427,"fail","2026-01-25 10:18:50","2026-01-26 08:27:35"
6002,2346,247,"success","2026-02-07 20:39:41","2026-02-20 13:40:36"
6003,5293,133,"fail","2026-01-06 08:50:40","2026-01-20 06:57:28"
6004,1101,45,"success","2026-02-18 08:35:19","2026-02-24 18:11:31"
6005,3297,435,"fail","2026-01-30 09:11:38","2026-02-18 05:07:08"
6006,5970,110,"fail","2026-02-04 09:23:22","2026-02-12 03:11:25"
6007,2340,118,"success","2026-01-08 19:00:46","2026-01-22 01:00:49"
6008,5590,322,"fail","2026-02-20 13:51:39","2026-02-21 18:35:52"
6009,5978,334,"success","2026-01-31 23:52:46","2026-02-23 02:46:03"
6010,2177,343,"success","2026-01-03 02:44:08","2026-01-07 20:35:38"
6011,4037,335,"success","2026-02-25 07:47:20","2026-02-25 09:40:50"
6012,276,478,"success","2026-01-31 08:25:09","2026-02-20 01:06:37"
6013,3890,222,"success","2026-02-24 09:16:46","2026-02-24 16:18:45"
6014,1683,140,"success","2026-02-03 02:29:50","2026-02-17 22:10:06"
6015,55,399,"success","2026-01-31 22:16:23","2026-02-10 16:30:23"
6016,3241,391,"fail","2026-01-16 19:51:06","2026-02-11 22:33:30"
6017,4677,112,"success","2026-01-09 17:27:13","2026-01-30 10:10:31"
6018,447,372,"success","2026-01-19 08:14:04","2026-01-28 13:10:34"
6019,1241,320,"fail","2026-02-16 17:13:33","2026-02-22 03:08:23"
6020,1783,475,"success","2026-02-20 08:13:56","2026-02-20 19:43:49"
6021,594,484,"success","2026-01-27 03:52:33","2026-01-28 09:22:29"
6022,4883,189,"fail","2026-02-23 08:14:21","2026-02-25 08:31:01"
6023,2883,362,"success","2026-02-24 11:51:52","2026-02-25 05:01:01"
6024,5059,419,"fail","2026-01-17 20:28:39","2026-02-19 01:23:25"
6025,343,230,"success","2026-02-11 16:08:07","2026-02-12 20:24:58"
6026,1793,153,"success","2026-01-10 09:34:22","2026-02-09 01:37:31"
6027,5494,417,"fail","2026-02-14 14:54:56","2026-02-20 20:01:00"
6028,1689,152,"fail","2026-01-10 12:01:00","2026-02-14 03:10:02"
6029,5433,115,"success","2026-02-05 23:40:26","2026-02-16 12:14:53"
6030,4825,196,"fail","2026-01-27 21:08:26","2026-02-13 08:10:03"
6031,622,253,"success","2026-01-26 22:59:44","2026-02-21 02:28:41"
6032,4136,84,"fail","2026-02-05 18:49:03","2026-02-24 18:09:46"
6033,2233,287,"success","2026-01-23 05:07:42","2026-01-29 01:21:35"
6034,1940,206,"fail","2026-02-15 11:20:02","2026-02-20 15:47:32"
6035,4161,218,"fail","2026-02-08 14:41:01","2026-02-25 11:09:53"
6036,2179,166,"fail","2026-02-14 09:27:35","2026-02-15 00:21:39"
6037,1690,448,"success","2026-01-11 01:04:05","2026-02-18 11:31:29"
6038,2621,296,"fail","2026-02-08 08:15:48","2026-02-17 22:15:54"
6039,4934,468,"fail","2026-02-17 23:57:38","2026-02-20 19:03:10"
6040,4588,137,"fail","2026-02-12 14:19:13","2026-02-13 13:03:40"
6041,4556,157,"fail","2026-01-09 23:48:38","2026-01-22 08:55:07"
6042,2260,334,"success","2026-02-24 06:18:37","2026-02-24 12:26:16"
6043,2460,438,"fail","2026-02-24 04:06:13","2026-02-24 18:15:08"
6044,4925,88,"fail","2026-01-01 17:40:07","2026-02-25 09:53:33"
6045,3799,223,"fail","2026-01-04 07:00:31","2026-02-19 11:23:31"
6046,3029,425,"success","2026-01-19 07:49:46","2026-02-22 01:59:40"
6047,1563,9,"fail","2026-02-15 17:44:36","2026-02-20 21:25:49"
6048,3553,428,"fail","2026-02-15 14:21:31","2026-02-25 00:30:36"
6049,4690,483,"success","2026-02-24 08:48:54","2026-02-24 10:44:18"
6050,2611,77,"fail","2026-02-09 08:08:45","2026-02-24 06:04:21"
6051,209,497,"success","2026-01-29 19:11:05","2026-02-10 22:40:30"
6052,5515,83,"fail","2026-01-12 11:49:18","2026-02-20 06:42:19"
6053,3874,420,"fail","2026-02-03 20:44:47","2026-02-15 10:32:57"
6054,230,213,"success","2026-02-23 22:54:39","2026-02-24 22:20:00"
6055,2664,358,"fail","2026-01-10 09:53:18","2026-01-27 23:30:51"
6056,5720,168,"success","2026-02-06 16:27:16","2026-02-07 20:06:39"
6057,5579,410,"fail","2026-01-14 13:04:03","2026-01-19 21:04:48"
6058,1320,360,"success","2026-01-01 17:33:17","2026-01-02 14:28:52"
6059,2361,152,"fail","2026-01-10 06:05:10","2026-02-02 02:03:10"
6060,1567,354,"success","2026-01-15 03:55:52","2026-01-24 21:00:30"
6061,555,388,"success","2026-02-09 02:10:50","2026-02-18 17:06:11"
6062,103,18,"fail","2026-02-25 00:19:22","2026-02-25 10:27:23"
6063,1894,264,"fail","2026-01-17 05:20:37","2026-02-09 07:32:13"
6064,1675,480,"fail","2026-02-10 13:11:44","2026-02-13 11:49:04"
6065,4282,244,"fail","2026-02-24 05:27:05","2026-02-25 08:15:42"
6066,2124,60,"fail","2026-02-10 07:02:51","2026-02-14 00:04:25"
6067,1897,301,"fail","2026-01-19 22:45:00","2026-01-30 06:32:54"
6068,3465,484,"success","2026-02-18 01:09:18","2026-02-19 14:22:41"
6069,4453,48,"success","2026-01-08 15:23:22","2026-01-24 16:15:45"
6070,5446,169,"success","2026-01-22 17:04:54","2026-02-18 21:16:07"
6071,1460,483,"success","2026-02-20 18:28:20","2026-02-24 04:20:37"
6072,4032,129,"success","2026-02-05 13:39:32","2026-02-12 17:23:35"
6073,1010,274,"fail","2026-01-12 16:43:57","2026-02-23 08:02:55"
6074,1186,210,"fail","2026-02-10 12:10:38","2026-02-11 19:51:10"
6075,1572,428,"fail","2026-02-04 01:20:50","2026-02-07 05:19:46"
6076,3728,82,"fail","2026-01-29 19:15:42","2026-02-17 08:46:32"
6077,891,196,"success","2026-01-21 13:30:24","2026-01-28 02:13:47"
6078,640,87,"fail","2026-01-21 07:41:50","2026-02-03 19:56:43"
6079,5457,303,"fail","2026-02-09 21:25:32","2026-02-13 20:34:38"
6080,706,349,"success","2026-01-04 12:57:29","2026-01-25 16:28:58"
6081,1547,464,"success","2026-02-04 02:07:07","2026-02-08 18:44:55"
6082,3457,275,"success","2026-01-17 04:32:27","2026-02-15 13:08:50"
6083,1652,86,"fail","2026-01-22 05:55:51","2026-02-10 04:23:34"
6084,2339,334,"success","2026-01-17 16:56:45","2026-01-23 09:09:51"
6085,632,10,"fail","2026-01-23 08:53:19","2026-02-24 18:11:29"
6086,3425,116,"fail","2026-01-28 18:59:40","2026-01-29 07:13:02"
6087,2718,111,"success","2026-01-15 05:55:45","2026-01-16 21:13:22"
6088,3290,486,"success","2026-01-31 13:05:27","2026-02-11 17:47:58"
6089,3898,124,"success","2026-01-06 17:30:11","2026-01-30 10:58:42"
6090,5796,356,"success","2026-02-02 18:29:11","2026-02-20 23:13:13"
6091,3223,438,"fail","2026-02-04 07:53:21","2026-02-09 02:47:29"
6092,4757,35,"success","2026-02-04 15:07:55","2026-02-25 06:13:37"
6093,3208,337,"success","2026-01-11 04:18:15","2026-02-23 06:47:20"
6094,4973,248,"fail","2026-01-13 13:37:00","2026-01-21 02:09:44"
6095,1104,437,"success","2026-02-10 07:43:11","2026-02-17 22:20:00"
6096,5986,8,"success","2026-01-24 14:31:45","2026-02-14 15:51:54"
6097,4518,167,"fail","2026-02-10 15:13:28","2026-02-23 17:20:29"
6098,3255,41,"fail","2026-01-20 12:16:36","2026-02-25 06:35:26"
6099,5630,343,"success","2026-02-22 15:40:01","2026-02-24 00:34:50"
6100,1009,3,"fail","2026-02-17 04:51:28","2026-02-23 22:51:03"
6101,5302,486,"success","2026-01-22 22:11:59","2026-02-08 18:57:49"
6102,4179,446,"fail","2026-02-19 15:55:18","2026-02-24 06:33:30"
6103,4955,115,"fail","2026-01-07 18:20:26","2026-01-30 11:24:49"
6104,3301,194,"fail","2026-01-05 04:45:14","2026-01-18 12:39:19"
6105,5301,335,"fail","2026-01-27 08:21:25","2026-02-18 04:13:43"
6106,4693,101,"success","2026-01-14 13:03:53","2026-02-01 22:10:46"
6107,416,55,"success","2026-01-26 17:20:19","2026-02-09 23:05:46"
6108,325,84,"success","2026-02-06 00:55:42","2026-02-12 15:25:44"
6109,1088,7,"fail","2026-01-21 17:40:39","2026-02-18 17:29:06"
6110,236,204,"success","2026-02-03 13:55:57","2026-02-19 02:33:21"
6111,2992,323,"success","2026-02-08 07:45:41","2026-02-08 13:15:18"
6112,1480,254,"success","2026-01-10 21:35:56","2026-01-21 22:08:31"
6113,1318,40,"success","2026-01-20 03:35:22","2026-01-25 21:38:30"
6114,898,144,"success","2026-01-28 02:37:08","2026-02-09 21:19:14"
6115,1220,167,"fail","2026-02-08 22:43:32","2026-02-12 16:45:37"
6116,1385,303,"fail","2026-01-22 02:46:43","2026-02-11 08:46:12"
6117,2461,408,"success","2026-02-19 17:50:17","2026-02-23 13:11:53"
6118,3802,25,"fail","2026-02-20 09:34:25","2026-02-24 11:42:40"
6119,1120,274,"fail","2026-01-26 10:35:48","2026-02-21 16:18:21"
6120,2948,344,"fail","2026-02-23 15:11:20","2026-02-23 15:44:46"
6121,2706,304,"fail","2026-02-05 21:18:29","2026-02-23 19:52:16"
6122,2492,392,"success","2026-01-22 03:28:48","2026-02-12 10:40:08"
6123,808,351,"fail","2026-01-26 03:29:16","2026-02-25 05:10:11"
6124,5075,57,"success","2026-01-03 12:17:28","2026-02-08 22:22:31"
6125,3338,258,"success","2026-02-17 21:51:13","2026-02-17 23:41:39"
6126,2808,91,"success","2026-02-14 16:25:15","2026-02-20 17:43:56"
6127,2008,443,"fail","2026-01-31 04:19:10","2026-02-09 19:58:58"
6128,2814,369,"success","2026-02-07 05:18:23","2026-02-25 05:50:07"
6129,3380,252,"success","2026-02-16 19:54:34","2026-02-24 12:31:30"
6130,4749,28,"success","2026-01-01 03:47:19","2026-02-17 14:32:44"
6131,4304,284,"success","2026-02-01 15:51:49","2026-02-09 06:18:22"
6132,1996,169,"success","2026-02-04 20:39:30","2026-02-12 14:10:26"
6133,4920,58,"success","2026-01-01 21:17:37","2026-01-13 10:53:03"
6134,2182,178,"success","2026-01-21 13:54:00","2026-02-22 01:06:48"
6135,1411,41,"fail","2026-02-07 23:58:06","2026-02-25 08:59:53"
6136,4844,432,"success","2026-01-18 06:21:09","2026-02-01 03:37:58"
6137,3182,363,"fail","2026-02-10 04:03:47","2026-02-20 00:00:22"
6138,4169,198,"fail","2026-02-05 23:34:21","2026-02-09 21:23:27"
6139,4786,304,"fail","2026-02-09 20:10:18","2026-02-19 06:13:39"
6140,5497,416,"fail","2026-01-21 22:56:28","2026-02-06 13:08:32"
6141,4011,444,"success","2026-02-11 15:25:33","2026-02-18 04:11:23"
6142,4927,467,"fail","2026-01-11 13:49:37","2026-01-18 05:34:06"
6143,2731,460,"fail","2026-01-01 13:10:03","2026-01-28 04:39:22"
6144,1558,98,"success","2026-02-14 03:57:31","2026-02-17 07:09:32"
6145,857,98,"success","2026-02-18 17:38:18","2026-02-22 16:31:38"
6146,1302,495,"fail","2026-02-17 03:08:52","2026-02-23 02:57:40"
6147,318,308,"success","2026-02-11 09:32:31","2026-02-16 19:49:17"
6148,3651,184,"fail","2026-01-12 07:28:51","2026-02-20 11:33:30"
6149,824,448,"success","2026-01-26 01:25:16","2026-02-04 00:55:16"
6150,3289,118,"success","2026-02-17 03:32:31","2026-02-19 00:54:16"
6151,4413,399,"success","2026-01-17 01:12:40","2026-01-24 10:58:33"
6152,5268,158,"success","2026-02-07 12:45:08","2026-02-22 02:49:06"
6153,2448,137,"fail","2026-02-07 22:36:44","2026-02-23 06:13:38"
6154,972,323,"success","2026-02-10 12:44:46","2026-02-17 05:20:00"
6155,1591,271,"success","2026-02-22 20:04:44","2026-02-24 22:32:02"
6156,1587,156,"fail","2026-01-20 23:01:51","2026-02-15 20:03:56"
6157,1718,392,"fail","2026-02-08 16:47:46","2026-02-12 15:46:14"
6158,2774,431,"fail","2026-02-12 02:08:04","2026-02-19 04:22:07"
6159,5084,21,"fail","2026-02-01 15:04:03","2026-02-01 17:12:32"
6160,5075,463,"success","2026-02-15 20:18:09","2026-02-17 04:41:44"
6161,3830,454,"fail","2026-02-17 06:09:47","2026-02-21 09:53:06"
6162,2444,5,"success","2026-01-23 07:54:17","2026-02-17 17:06:59"
6163,3531,335,"fail","2026-01-28 05:54:48","2026-02-19 17:35:50"
6164,2623,185,"fail","2026-02-03 11:32:24","2026-02-22 17:23:21"
6165,2481,123,"fail","2026-01-11 11:27:16","2026-01-22 22:17:16"
6166,1129,211,"success","2026-02-08 04:40:38","2026-02-20 03:14:12"
6167,4877,411,"fail","2026-01-03 18:03:18","2026-01-30 03:54:06"
6168,1003,200,"success","2026-01-19 11:19:32","2026-02-15 04:36:17"
6169,5406,149,"success","2026-01-09 09:58:29","2026-01-22 19:21:22"
6170,897,154,"fail","2026-02-13 21:52:07","2026-02-15 01:08:13"
6171,3442,38,"success","2026-01-06 04:12:55","2026-01-08 10:30:15"
6172,3095,454,"success","2026-02-03 13:15:48","2026-02-03 17:08:33"
6173,5708,285,"success","2026-02-11 00:48:03","2026-02-20 03:10:05"
6174,1168,244,"fail","2026-01-14 15:40:14","2026-02-06 15:03:42"
6175,1703,173,"success","2026-01-20 20:04:24","2026-02-25 04:03:52"
6176,386,440,"fail","2026-02-10 17:17:03","2026-02-15 16:15:55"
6177,3625,384,"success","2026-02-18 15:57:00","2026-02-22 03:29:30"
6178,2566,420,"fail","2026-01-04 09:59:41","2026-02-13 09:14:37"
6179,4010,50,"fail","2026-02-20 09:06:46","2026-02-23 18:21:40"
6180,617,221,"success","2026-01-23 01:59:31","2026-01-27 15:25:19"
6181,3549,440,"fail","2026-01-01 00:21:32","2026-01-23 18:00:12"
6182,530,325,"fail","2026-01-17 08:51:49","2026-01-17 10:17:47"
6183,4590,44,"fail","2026-01-11 23:35:45","2026-01-16 11:23:00"
6184,1215,147,"fail","2026-01-17 06:31:07","2026-02-09 16:21:02"
6185,645,196,"success","2026-01-01 04:49:06","2026-02-17 01:01:25"
6186,3834,107,"success","2026-01-20 00:19:17","2026-01-26 18:00:59"
6187,2993,243,"fail","2026-01-30 10:50:57","2026-02-07 03:07:06"
6188,3785,318,"success","2026-01-15 14:09:25","2026-02-09 00:24:06"
6189,4956,404,"success","2026-01-19 11:34:49","2026-02-12 21:26:06"
6190,1063,406,"success","2026-02-19 18:38:00","2026-02-23 20:44:43"
6191,376,432,"success","2026-02-14 10:58:13","2026-02-22 00:45:46"
6192,2994,260,"fail","2026-01-02 00:27:50","2026-02-22 09:56:55"
6193,4202,475,"fail","2026-02-19 03:01:19","2026-02-25 00:06:42"
6194,5716,165,"success","2026-02-14 04:48:47","2026-02-14 20:39:43"
6195,3615,495,"fail","2026-01-13 04:26:14","2026-01-15 05:10:41"
6196,771,279,"success","2026-01-19 09:06:25","2026-02-04 11:01:20"
6197,445,59,"success","2026-02-08 08:45:46","2026-02-15 23:13:49"
6198,2908,482,"fail","2026-02-05 21:03:48","2026-02-16 19:50:47"
6199,4424,239,"success","2026-02-19 11:03:18","2026-02-22 15:43:47"
6200,1282,112,"fail","2026-01-04 03:31:44","2026-02-08 12:12:10"
6201,1170,199,"fail","2026-01-16 03:28:17","2026-02-03 02:43:46"
6202,624,222,"success","2026-01-26 08:31:26","2026-02-24 06:50:51"
6203,5241,156,"success","2026-02-22 14:38:57","2026-02-23 00:25:39"
6204,4886,407,"fail","2026-02-03 06:16:07","2026-02-14 11:26:27"
6205,2447,180,"success","2026-02-02 09:30:09","2026-02-09 10:11:54"
6206,3494,28,"success","2026-01-11 22:43:35","2026-02-19 07:46:22"
6207,2829,363,"success","2026-01-06 18:33:09","2026-02-02 12:12:56"
6208,2246,9,"success","2026-02-19 02:15:30","2026-02-19 19:40:04"
6209,4299,17,"fail","2026-01-14 13:41:05","2026-02-13 06:23:19"
6210,4201,448,"fail","2026-01-16 00:15:55","2026-02-04 23:31:45"
6211,3755,119,"fail","2026-01-21 17:59:49","2026-02-07 22:36:10"
6212,768,447,"fail","2026-01-06 14:42:01","2026-02-22 22:44:42"
6213,5895,181,"fail","2026-02-22 14:32:33","2026-02-23 00:59:00"
6214,1768,284,"fail","2026-01-28 22:47:01","2026-02-12 07:08:51"
6215,3494,444,"fail","2026-01-16 20:47:29","2026-02-20 19:34:06"
6216,5877,421,"success","2026-02-15 02:33:36","2026-02-22 08:25:41"
6217,3748,476,"success","2026-01-14 22:25:30","2026-01-16 16:06:36"
6218,3316,85,"fail","2026-02-24 15:37:50","2026-02-25 00:30:35"
6219,567,162,"success","2026-02-14 12:30:22","2026-02-18 04:47:15"
6220,2600,286,"fail","2026-01-09 14:49:24","2026-01-15 14:43:25"
6221,5244,255,"fail","2026-01-12 12:30:08","2026-02-23 10:57:40"
6222,3955,415,"success","2026-01-10 08:46:27","2026-01-27 01:59:01"
6223,2370,380,"fail","2026-02-08 05:24:45","2026-02-13 06:36:25"
6224,733,106,"success","2026-01-09 13:00:33","2026-02-08 13:51:55"
6225,2855,351,"success","2026-02-16 01:26:57","2026-02-23 11:37:18"
6226,4704,79,"fail","2026-01-25 21:50:23","2026-02-15 21:18:02"
6227,1769,5,"fail","2026-01-25 14:59:23","2026-02-09 06:37:36"
6228,5081,86,"success","2026-01-26 02:28:25","2026-02-09 22:07:03"
6229,3371,235,"fail","2026-02-02 08:15:18","2026-02-19 10:41:18"
6230,1045,32,"fail","2026-02-12 23:04:18","2026-02-14 16:32:50"
6231,120,162,"success","2026-01-30 00:51:28","2026-02-14 02:02:59"
6232,5468,414,"fail","2026-02-01 02:53:32","2026-02-18 04:45:44"
6233,4899,73,"success","2026-02-10 08:37:47","2026-02-14 22:36:45"
6234,1798,417,"fail","2026-01-28 17:34:59","2026-02-03 08:11:33"
6235,4369,499,"fail","2026-01-15 02:00:09","2026-01-26 15:09:48"
6236,3236,105,"fail","2026-02-01 20:37:31","2026-02-20 21:27:23"
6237,3766,225,"success","2026-02-05 13:44:20","2026-02-19 19:32:58"
6238,450,303,"fail","2026-01-06 13:52:45","2026-01-07 13:52:13"
6239,64,321,"success","2026-02-11 16:30:58","2026-02-19 15:15:33"
6240,5669,30,"success","2026-01-27 21:43:28","2026-02-19 14:20:31"
6241,2354,193,"success","2026-02-16 19:40:21","2026-02-21 07:16:17"
6242,5330,146,"success","2026-02-09 01:07:54","2026-02-17 13:30:53"
6243,3416,75,"success","2026-01-23 03:46:32","2026-01-26 16:17:23"
6244,4854,120,"success","2026-01-21 06:12:30","2026-02-16 14:15:48"
6245,3923,221,"success","2026-01-11 01:58:56","2026-01-16 15:46:08"
6246,3268,86,"fail","2026-02-14 21:44:23","2026-02-21 16:21:31"
6247,4479,183,"fail","2026-02-02 01:28:32","2026-02-16 01:07:56"
6248,3395,97,"success","2026-02-21 21:02:32","2026-02-22 18:54:41"
6249,4819,297,"success","2026-02-22 15:08:53","2026-02-23 01:53:56"
6250,858,294,"fail","2026-01-17 02:51:56","2026-02-02 21:17:57"
6251,632,161,"fail","2026-01-13 17:45:43","2026-01-26 12:52:46"
6252,2692,14,"success","2026-01-07 17:49:14","2026-01-21 15:00:56"
6253,1545,365,"fail","2026-01-06 06:04:24","2026-01-08 06:44:47"
6254,373,47,"success","2026-02-10 01:55:59","2026-02-15 23:44:45"
6255,3282,294,"fail","2026-01-11 15:12:52","2026-02-08 14:18:27"
6256,3102,465,"fail","2026-01-13 09:02:43","2026-02-01 02:08:05"
6257,2964,200,"success","2026-01-11 12:02:16","2026-01-26 17:52:23"
6258,5060,463,"fail","2026-02-01 12:19:03","2026-02-15 17:21:35"
6259,3329,442,"fail","2026-02-06 07:25:37","2026-02-25 08:29:50"
6260,3511,167,"success","2026-01-20 10:53:30","2026-01-29 15:00:16"
6261,5865,209,"success","2026-01-10 04:00:41","2026-01-16 07:29:03"
6262,3635,240,"success","2026-02-13 07:42:55","2026-02-18 16:54:18"
6263,2837,114,"fail","2026-02-05 06:45:23","2026-02-12 03:26:45"
6264,3882,58,"fail","2026-01-26 10:06:15","2026-02-22 09:07:04"
6265,841,339,"success","2026-02-24 08:31:01","2026-02-24 12:48:56"
6266,5483,71,"fail","2026-02-16 11:43:28","2026-02-21 18:59:39"
6267,4557,421,"fail","2026-02-23 10:47:02","2026-02-23 13:03:20"
6268,3232,272,"success","2026-01-18 18:57:25","2026-02-19 14:57:22"
6269,5531,153,"success","2026-01-27 23:54:33","2026-02-24 13:20:08"
6270,5606,30,"fail","2026-01-25 20:06:29","2026-02-12 15:35:19"
6271,2609,449,"success","2026-01-22 11:49:44","2026-02-02 02:02:38"
6272,4667,291,"success","2026-01-12 21:26:03","2026-02-13 16:49:15"
6273,4336,44,"fail","2026-02-04 04:35:08","2026-02-12 09:05:37"
6274,4993,241,"fail","2026-02-08 17:44:01","2026-02-18 18:32:41"
6275,2472,99,"fail","2026-01-15 04:34:46","2026-01-21 18:19:59"
6276,107,220,"fail","2026-01-26 03:21:08","2026-02-02 13:43:46"
6277,3180,88,"fail","2026-01-02 00:00:18","2026-02-03 07:56:40"
6278,5307,495,"fail","2026-01-24 22:12:56","2026-02-19 03:47:19"
6279,4829,83,"fail","2026-01-25 03:59:42","2026-02-24 00:18:05"
6280,5088,15,"fail","2026-02-04 07:11:05","2026-02-14 17:28:10"
6281,1874,414,"success","2026-01-16 20:23:14","2026-02-16 13:12:38"
6282,2482,382,"fail","2026-02-24 15:57:06","2026-02-25 06:09:37"
6283,5693,413,"fail","2026-02-21 04:05:24","2026-02-22 15:11:44"
6284,5696,100,"success","2026-02-02 16:09:15","2026-02-20 20:49:49"
6285,2871,358,"fail","2026-02-22 23:55:16","2026-02-24 20:18:25"
6286,2432,63,"success","2026-01-05 15:29:34","2026-01-28 07:24:02"
6287,1090,279,"fail","2026-02-18 03:39:38","2026-02-20 04:57:55"
6288,3238,152,"fail","2026-02-25 06:20:20","2026-02-25 07:05:03"
6289,5065,89,"fail","2026-01-22 22:40:44","2026-01-27 07:58:36"
6290,5548,446,"success","2026-01-16 20:27:18","2026-02-19 02:41:18"
6291,2385,137,"fail","2026-01-29 02:20:34","2026-02-20 07:17:03"
6292,3194,11,"fail","2026-01-16 03:06:13","2026-02-22 16:09:16"
6293,4383,153,"success","2026-02-13 10:03:59","2026-02-23 11:57:57"
6294,2027,486,"success","2026-01-23 23:35:34","2026-02-10 23:31:14"
6295,2042,11,"success","2026-01-29 07:52:20","2026-02-18 04:41:28"
6296,3520,352,"fail","2026-01-05 18:25:53","2026-02-23 19:08:32"
6297,4616,475,"success","2026-02-24 23:31:33","2026-02-25 00:13:03"
6298,5302,287,"success","2026-01-08 07:37:08","2026-01-13 11:26:27"
6299,2325,376,"fail","2026-02-20 14:16:16","2026-02-21 21:26:47"
6300,2551,490,"success","2026-01-07 21:22:07","2026-01-10 12:54:46"
6301,5331,499,"success","2026-02-11 10:37:41","2026-02-16 00:43:23"
6302,159,5,"fail","2026-01-04 09:08:47","2026-01-18 21:46:41"
6303,2024,60,"success","2026-01-01 17:41:27","2026-01-02 19:32:35"
6304,5649,37,"success","2026-02-06 09:43:16","2026-02-14 03:13:39"
6305,4030,13,"fail","2026-01-17 01:29:09","2026-02-20 11:17:35"
6306,5353,223,"fail","2026-01-11 05:00:33","2026-02-20 13:05:53"
6307,3057,269,"fail","2026-01-26 10:33:43","2026-01-28 10:41:41"
6308,5800,101,"success","2026-01-16 00:30:50","2026-02-21 22:24:53"
6309,1452,392,"fail","2026-01-05 23:57:01","2026-02-13 22:41:55"
6310,2066,245,"fail","2026-02-15 08:21:55","2026-02-23 18:07:16"
6311,3350,476,"fail","2026-01-01 05:54:05","2026-02-10 08:11:41"
6312,1066,3,"fail","2026-01-07 01:06:29","2026-01-12 18:07:54"
6313,4812,266,"success","2026-01-25 23:15:16","2026-02-09 19:00:58"
6314,3719,132,"success","2026-01-17 04:22:45","2026-02-19 03:51:51"
6315,2603,247,"fail","2026-01-17 05:03:25","2026-02-02 06:46:10"
6316,823,244,"fail","2026-02-12 04:40:49","2026-02-19 14:02:57"
6317,5948,407,"success","2026-02-10 04:50:35","2026-02-16 10:14:14"
6318,5827,186,"success","2026-02-06 22:56:00","2026-02-19 03:12:06"
6319,3167,68,"fail","2026-02-18 09:14:26","2026-02-25 03:50:32"
6320,3589,221,"fail","2026-01-29 17:47:14","2026-02-07 04:34:41"
6321,4252,10,"success","2026-02-20 14:33:56","2026-02-22 18:25:48"
6322,2638,461,"fail","2026-01-29 01:21:19","2026-01-31 10:51:42"
6323,3398,263,"success","2026-01-18 03:21:06","2026-01-30 17:09:09"
6324,4880,324,"success","2026-02-23 21:57:22","2026-02-24 04:01:41"
6325,1925,338,"success","2026-01-08 17:18:17","2026-01-11 08:28:45"
6326,3501,281,"success","2026-01-15 16:04:09","2026-02-10 22:10:05"
6327,3,275,"fail","2026-02-24 21:51:26","2026-02-25 01:41:51"
6328,5901,272,"success","2026-01-18 17:30:33","2026-01-29 18:34:30"
6329,1624,276,"fail","2026-02-25 01:28:04","2026-02-25 05:08:58"
6330,3636,94,"success","2026-01-31 17:28:53","2026-02-09 05:14:00"
6331,4517,458,"success","2026-02-08 09:39:11","2026-02-22 11:52:52"
6332,4754,141,"success","2026-01-24 07:45:02","2026-02-10 15:09:25"
6333,1410,42,"success","2026-01-16 12:42:51","2026-01-24 10:27:36"
6334,4322,242,"success","2026-02-09 00:06:14","2026-02-21 05:47:44"
6335,3580,355,"success","2026-01-14 21:48:20","2026-02-25 06:54:50"
6336,5463,61,"success","2026-01-22 14:26:25","2026-02-06 11:08:26"
6337,943,341,"success","2026-02-02 00:56:42","2026-02-17 14:05:44"
6338,5216,43,"success","2026-01-14 11:40:08","2026-02-22 01:14:18"
6339,397,6,"fail","2026-02-02 04:06:23","2026-02-08 23:52:16"
6340,1344,141,"success","2026-01-02 15:07:09","2026-01-26 03:25:56"
6341,4186,399,"fail","2026-02-14 12:33:29","2026-02-17 22:41:45"
6342,1185,475,"success","2026-02-13 22:12:06","2026-02-21 01:33:21"
6343,2181,404,"fail","2026-02-16 17:13:02","2026-02-17 09:04:00"
6344,4140,222,"success","2026-02-13 11:25:39","2026-02-20 04:56:27"
6345,3436,104,"success","2026-02-16 04:42:42","2026-02-25 09:46:44"
6346,4632,197,"success","2026-01-18 05:17:52","2026-01-31 05:56:24"
6347,5444,364,"success","2026-02-16 23:52:31","2026-02-23 02:01:01"
6348,5284,174,"fail","2026-02-12 08:48:16","2026-02-24 11:47:46"
6349,2881,311,"fail","2026-01-31 23:04:35","2026-02-24 17:50:00"
6350,5644,160,"fail","2026-01-30 10:14:21","2026-02-20 11:17:23"
6351,1517,314,"success","2026-02-13 08:59:17","2026-02-20 07:35:15"
6352,4453,42,"success","2026-01-18 22:45:52","2026-02-24 15:27:43"
6353,3306,103,"fail","2026-01-01 05:16:29","2026-02-10 16:48:43"
6354,4979,111,"success","2026-01-23 08:01:10","2026-01-23 22:26:01"
6355,4159,122,"success","2026-02-12 13:39:56","2026-02-13 03:14:01"
6356,2676,322,"fail","2026-01-21 09:20:33","2026-02-05 22:41:26"
6357,4549,84,"fail","2026-01-27 17:01:32","2026-02-10 19:57:07"
6358,1957,341,"success","2026-02-19 21:26:46","2026-02-23 04:13:26"
6359,2637,373,"fail","2026-02-13 21:58:08","2026-02-17 00:16:25"
6360,4314,292,"fail","2026-02-17 13:38:45","2026-02-21 00:20:55"
6361,5566,278,"fail","2026-02-23 06:20:31","2026-02-24 23:23:08"
6362,1817,391,"success","2026-01-17 20:14:18","2026-02-14 01:50:48"
6363,1062,158,"success","2026-02-22 04:54:45","2026-02-25 08:12:29"
6364,5641,202,"fail","2026-02-21 17:27:37","2026-02-23 02:45:25"
6365,3728,299,"success","2026-01-22 11:38:13","2026-02-01 23:45:22"
6366,5514,249,"success","2026-02-21 18:00:55","2026-02-23 23:47:46"
6367,699,75,"success","2026-02-22 04:48:01","2026-02-24 18:23:05"
6368,4142,390,"fail","2026-02-05 12:03:14","2026-02-10 22:26:43"
6369,2976,410,"fail","2026-01-18 21:39:57","2026-02-23 05:48:00"
6370,1871,308,"success","2026-01-15 12:56:22","2026-02-03 05:56:58"
6371,2642,44,"success","2026-01-19 06:33:05","2026-01-21 02:37:06"
6372,1957,259,"success","2026-02-05 10:00:39","2026-02-07 06:27:10"
6373,2130,362,"fail","2026-01-01 04:01:17","2026-02-17 01:51:14"
6374,2636,127,"fail","2026-02-11 02:29:52","2026-02-21 17:21:15"
6375,3603,27,"fail","2026-01-04 05:59:19","2026-02-19 20:34:42"
6376,424,140,"success","2026-02-10 10:34:35","2026-02-20 11:27:51"
6377,5237,24,"success","2026-02-16 13:47:14","2026-02-20 00:11:25"
6378,4760,22,"success","2026-02-03 07:24:00","2026-02-14 00:50:01"
6379,4371,334,"success","2026-02-02 01:18:51","2026-02-22 00:44:43"
6380,57,347,"fail","2026-02-16 17:35:30","2026-02-16 20:39:44"
6381,3576,95,"success","2026-01-26 09:49:13","2026-02-16 10:38:17"
6382,2026,75,"fail","2026-01-26 03:37:26","2026-02-04 12:59:00"
6383,533,103,"fail","2026-02-01 13:17:57","2026-02-04 22:50:43"
6384,566,210,"fail","2026-01-18 03:54:26","2026-02-08 04:31:31"
6385,2067,121,"fail","2026-02-01 17:26:22","2026-02-04 21:55:03"
6386,3357,127,"success","2026-01-13 04:22:50","2026-01-14 09:34:26"
6387,1377,187,"fail","2026-02-04 01:54:16","2026-02-14 15:18:58"
6388,290,374,"success","2026-01-14 04:51:38","2026-02-04 16:30:31"
6389,5045,419,"fail","2026-01-04 03:51:47","2026-02-02 13:02:47"
6390,5537,265,"success","2026-01-26 13:14:11","2026-02-02 08:01:38"
6391,2358,360,"fail","2026-01-09 10:24:38","2026-01-11 13:36:04"
6392,4235,36,"fail","2026-01-28 05:50:05","2026-02-08 17:35:43"
6393,5154,147,"success","2026-01-31 20:37:14","2026-02-17 02:32:28"
6394,5893,153,"success","2026-02-11 02:58:51","2026-02-11 10:26:58"
6395,777,150,"success","2026-02-04 03:19:00","2026-02-06 09:47:52"
6396,4204,334,"fail","2026-01-07 00:22:23","2026-01-20 15:04:56"
6397,5610,424,"success","2026-01-02 21:08:49","2026-01-07 19:06:54"
6398,4508,405,"fail","2026-01-16 09:23:59","2026-01-25 15:51:15"
6399,2408,392,"fail","2026-02-09 06:30:38","2026-02-22 04:27:50"
6400,3719,77,"fail","2026-01-28 02:25:39","2026-02-23 11:22:23"
6401,3822,444,"success","2026-01-15 21:49:10","2026-01-24 16:03:17"
6402,3005,323,"fail","2026-01-17 23:20:52","2026-01-20 20:02:18"
6403,3670,200,"fail","2026-01-17 10:56:18","2026-01-26 12:14:00"
6404,3435,484,"success","2026-02-08 11:13:55","2026-02-25 02:21:24"
6405,3639,82,"fail","2026-02-03 16:14:58","2026-02-23 23:24:37"
6406,2034,213,"fail","2026-02-16 13:03:12","2026-02-25 10:14:25"
6407,2639,57,"success","2026-01-08 13:21:18","2026-02-04 01:39:40"
6408,3280,9,"fail","2026-02-15 20:40:30","2026-02-21 22:37:09"
6409,5235,455,"success","2026-02-24 00:13:20","2026-02-25 07:30:11"
6410,4521,87,"success","2026-01-14 18:40:18","2026-02-08 11:27:43"
6411,4044,368,"fail","2026-02-05 11:12:14","2026-02-23 06:09:25"
6412,694,51,"fail","2026-01-26 12:20:07","2026-02-24 17:32:29"
6413,211,136,"fail","2026-02-03 05:38:11","2026-02-14 11:16:04"
6414,5710,82,"fail","2026-01-25 11:01:38","2026-01-30 23:05:54"
6415,2673,312,"fail","2026-01-27 08:56:47","2026-02-02 10:03:05"
6416,720,316,"fail","2026-02-12 15:39:44","2026-02-20 12:48:36"
6417,4676,238,"success","2026-01-01 12:01:18","2026-01-10 05:30:54"
6418,1475,352,"success","2026-02-23 13:20:10","2026-02-24 21:46:42"
6419,3189,448,"fail","2026-02-15 06:21:32","2026-02-20 11:30:44"
6420,4612,50,"success","2026-01-13 03:05:11","2026-02-03 11:54:11"
6421,1569,224,"fail","2026-02-25 03:23:22","2026-02-25 06:31:32"
6422,1466,108,"fail","2026-02-12 14:52:32","2026-02-14 19:38:59"
6423,3119,179,"success","2026-02-17 15:55:15","2026-02-21 06:32:45"
6424,4220,202,"fail","2026-01-03 15:23:09","2026-01-23 04:32:20"
6425,1318,294,"fail","2026-02-01 17:39:35","2026-02-19 19:19:30"
6426,763,298,"success","2026-01-31 09:01:48","2026-02-19 12:27:42"
6427,3406,140,"success","2026-01-20 19:15:33","2026-02-13 00:59:44"
6428,3148,463,"success","2026-02-17 17:56:08","2026-02-23 03:15:00"
6429,5986,362,"success","2026-01-02 21:10:03","2026-02-09 14:53:38"
6430,2492,136,"fail","2026-01-24 19:29:31","2026-02-20 08:59:06"
6431,2019,175,"success","2026-02-21 04:55:47","2026-02-24 11:06:37"
6432,718,448,"success","2026-02-10 08:47:31","2026-02-12 15:30:36"
6433,428,312,"fail","2026-01-31 08:42:17","2026-02-22 05:02:46"
6434,5188,293,"success","2026-01-30 07:21:24","2026-02-02 11:18:03"
6435,1744,423,"fail","2026-02-08 00:11:07","2026-02-19 04:14:05"
6436,1849,270,"success","2026-02-04 20:48:58","2026-02-19 23:59:35"
6437,1415,121,"success","2026-02-08 10:24:18","2026-02-22 13:08:48"
6438,2869,334,"success","2026-01-27 11:17:40","2026-02-06 20:38:26"
6439,680,227,"fail","2026-02-06 03:37:31","2026-02-10 15:27:07"
6440,2053,98,"fail","2026-02-02 09:27:22","2026-02-22 19:20:47"
6441,5158,476,"fail","2026-01-15 13:24:08","2026-02-24 11:56:43"
6442,121,5,"success","2026-02-06 02:53:12","2026-02-13 01:55:36"
6443,1084,282,"success","2026-01-14 23:58:45","2026-01-26 12:45:55"
6444,1698,191,"success","2026-02-17 05:34:13","2026-02-22 15:13:20"
6445,230,356,"fail","2026-01-10 05:27:20","2026-01-22 15:05:41"
6446,4173,190,"fail","2026-01-07 08:53:35","2026-01-27 07:37:38"
6447,2551,60,"fail","2026-02-16 19:23:54","2026-02-24 08:22:23"
6448,2920,448,"success","2026-01-20 02:48:51","2026-02-14 14:52:06"
6449,1255,453,"fail","2026-02-03 13:18:50","2026-02-23 17:44:53"
6450,1898,404,"success","2026-01-17 09:36:12","2026-02-03 02:09:37"
6451,3334,42,"success","2026-01-20 23:16:34","2026-02-02 14:32:43"
6452,230,272,"success","2026-01-02 16:35:05","2026-01-05 20:43:02"
6453,2621,422,"success","2026-01-04 10:24:03","2026-01-06 09:49:52"
6454,5065,341,"success","2026-02-17 00:14:35","2026-02-24 15:59:45"
6455,3488,279,"fail","2026-01-06 12:55:35","2026-02-04 14:25:03"
6456,5158,102,"fail","2026-01-21 15:58:05","2026-02-08 13:43:11"
6457,51,83,"fail","2026-02-08 16:10:33","2026-02-22 08:16:30"
6458,4608,444,"fail","2026-01-24 16:14:36","2026-02-02 09:38:54"
6459,5321,408,"success","2026-02-19 13:45:03","2026-02-24 15:53:08"
6460,2471,22,"fail","2026-01-27 21:31:35","2026-01-30 21:50:05"
6461,5054,391,"fail","2026-02-09 12:34:28","2026-02-15 14:46:42"
6462,289,417,"success","2026-02-21 07:45:52","2026-02-21 09:24:33"
6463,1754,12,"fail","2026-02-14 06:42:13","2026-02-22 09:38:13"
6464,4530,99,"fail","2026-01-23 21:42:25","2026-01-27 04:23:40"
6465,1069,3,"success","2026-01-05 13:58:56","2026-02-10 17:47:56"
6466,4638,158,"fail","2026-01-19 19:07:58","2026-02-11 02:32:43"
6467,5103,259,"fail","2026-01-20 01:23:25","2026-02-10 05:50:37"
6468,4049,480,"success","2026-02-11 05:55:36","2026-02-19 14:34:47"
6469,2949,458,"success","2026-01-17 11:15:06","2026-01-29 09:41:38"
6470,1278,475,"fail","2026-01-28 02:44:55","2026-02-20 11:09:00"
6471,4405,285,"fail","2026-02-18 18:46:20","2026-02-20 22:14:58"
6472,4750,464,"success","2026-01-17 14:25:24","2026-02-19 01:17:28"
6473,5692,25,"success","2026-01-26 00:09:46","2026-02-10 05:10:45"
6474,236,30,"fail","2026-01-31 15:58:38","2026-02-12 23:26:47"
6475,2366,25,"fail","2026-01-23 20:44:21","2026-02-24 16:51:54"
6476,2571,1,"success","2026-02-20 05:15:31","2026-02-21 20:29:16"
6477,5075,487,"fail","2026-01-30 12:02:53","2026-02-20 14:19:39"
6478,1478,198,"fail","2026-02-01 01:51:16","2026-02-21 16:55:43"
6479,4481,64,"fail","2026-02-03 17:35:52","2026-02-13 12:06:51"
6480,4157,3,"success","2026-02-22 05:13:23","2026-02-22 16:43:01"
6481,242,264,"success","2026-01-27 16:14:03","2026-01-28 00:54:50"
6482,1471,252,"fail","2026-01-24 01:22:46","2026-02-05 18:34:41"
6483,5366,290,"success","2026-02-04 12:05:55","2026-02-09 05:44:33"
6484,5425,139,"fail","2026-02-08 15:07:36","2026-02-08 19:10:34"
6485,2921,426,"success","2026-01-02 20:11:03","2026-02-24 07:05:36"
6486,3592,422,"fail","2026-02-17 08:49:08","2026-02-23 10:47:05"
6487,5229,80,"success","2026-01-23 21:11:16","2026-02-18 23:22:22"
6488,5646,391,"fail","2026-01-08 09:21:25","2026-01-13 16:17:40"
6489,3906,190,"success","2026-02-21 00:34:53","2026-02-21 14:35:37"
6490,604,127,"success","2026-02-23 02:43:05","2026-02-23 18:40:36"
6491,433,275,"success","2026-01-05 18:24:16","2026-01-22 18:08:25"
6492,1393,240,"fail","2026-02-18 07:42:36","2026-02-20 03:25:48"
6493,4772,150,"success","2026-02-05 21:29:35","2026-02-18 02:46:03"
6494,3431,477,"success","2026-02-12 17:47:44","2026-02-22 10:55:47"
6495,3974,344,"success","2026-02-24 15:49:12","2026-02-25 02:33:21"
6496,3491,94,"fail","2026-02-07 22:22:24","2026-02-10 02:39:12"
6497,2416,281,"success","2026-01-08 02:39:02","2026-02-02 10:25:42"
6498,2486,38,"success","2026-01-03 17:22:42","2026-01-31 21:43:51"
6499,4836,45,"success","2026-01-26 12:49:08","2026-02-06 20:40:16"
6500,1008,313,"success","2026-02-06 11:50:24","2026-02-20 18:05:29"
6501,5420,210,"success","2026-01-03 11:51:17","2026-01-15 03:17:56"
6502,4526,498,"success","2026-01-30 12:41:13","2026-01-30 19:00:35"
6503,2571,229,"fail","2026-01-11 17:58:58","2026-02-06 23:48:54"
6504,1662,126,"fail","2026-01-14 13:32:29","2026-02-14 18:33:29"
6505,5263,31,"fail","2026-02-13 00:44:58","2026-02-25 05:38:26"
6506,2207,95,"success","2026-01-18 15:32:20","2026-02-11 21:30:09"
6507,5228,409,"success","2026-01-25 15:05:33","2026-02-06 17:22:55"
6508,483,149,"success","2026-01-17 14:24:00","2026-01-24 09:44:09"
6509,3573,28,"fail","2026-01-24 14:26:34","2026-01-25 18:36:15"
6510,2210,264,"fail","2026-02-23 18:33:48","2026-02-23 18:37:37"
6511,5263,483,"success","2026-02-21 21:17:06","2026-02-22 23:43:29"
6512,1572,494,"success","2026-02-15 10:33:46","2026-02-24 16:00:25"
6513,5607,423,"success","2026-02-20 06:30:38","2026-02-25 05:52:09"
6514,5430,437,"fail","2026-01-31 04:20:26","2026-02-13 12:38:11"
6515,2605,441,"fail","2026-02-13 15:39:07","2026-02-15 07:05:38"
6516,3852,460,"success","2026-01-21 14:56:12","2026-02-05 09:25:07"
6517,66,490,"success","2026-01-30 14:23:44","2026-01-30 23:14:48"
6518,2409,25,"success","2026-01-11 06:05:19","2026-01-16 17:08:28"
6519,623,226,"fail","2026-01-27 04:23:47","2026-02-24 23:10:36"
6520,5588,69,"fail","2026-01-15 04:12:26","2026-02-10 08:08:06"
6521,1799,71,"success","2026-01-01 22:42:08","2026-02-12 16:54:11"
6522,47,439,"fail","2026-01-23 05:31:01","2026-01-24 22:51:23"
6523,2473,143,"success","2026-01-02 18:51:10","2026-02-01 19:21:45"
6524,3077,227,"success","2026-02-12 15:47:34","2026-02-17 05:24:04"
6525,4403,411,"success","2026-02-09 14:03:15","2026-02-10 22:37:43"
6526,3764,420,"fail","2026-01-10 10:49:58","2026-01-18 05:19:47"
6527,2784,431,"fail","2026-01-21 19:50:55","2026-01-25 18:30:20"
6528,3827,412,"fail","2026-01-19 11:09:12","2026-02-25 00:19:49"
6529,4416,32,"fail","2026-01-15 21:06:02","2026-01-30 08:25:47"
6530,5859,356,"success","2026-01-04 16:09:59","2026-01-19 00:40:18"
6531,4672,13,"success","2026-02-07 15:11:39","2026-02-10 20:10:30"
6532,4930,379,"success","2026-02-05 12:33:48","2026-02-14 01:32:38"
6533,4124,215,"fail","2026-02-18 09:22:52","2026-02-23 17:30:02"
6534,268,191,"success","2026-02-22 07:19:40","2026-02-24 05:02:37"
6535,4424,354,"success","2026-02-10 16:53:31","2026-02-14 16:39:54"
6536,4173,386,"success","2026-01-25 03:08:02","2026-01-28 10:43:16"
6537,1426,170,"fail","2026-01-19 14:54:46","2026-02-24 06:22:31"
6538,2895,115,"success","2026-01-07 01:11:00","2026-01-16 21:35:20"
6539,3619,85,"fail","2026-01-28 09:59:48","2026-02-06 15:40:52"
6540,659,463,"fail","2026-02-08 01:33:29","2026-02-08 07:00:45"
6541,3463,301,"fail","2026-01-15 20:21:54","2026-02-09 01:21:16"
6542,1477,157,"success","2026-02-06 19:18:06","2026-02-21 08:46:06"
6543,716,15,"success","2026-01-10 08:54:39","2026-01-21 09:52:57"
6544,2146,118,"fail","2026-01-02 07:18:14","2026-01-20 13:19:50"
6545,4393,283,"fail","2026-01-03 14:58:53","2026-01-10 17:11:08"
6546,4400,325,"fail","2026-02-13 23:32:39","2026-02-23 11:57:38"
6547,51,249,"fail","2026-01-13 00:25:22","2026-01-23 08:49:30"
6548,993,446,"fail","2026-01-28 14:15:18","2026-02-18 06:25:10"
6549,5030,177,"fail","2026-01-03 21:08:07","2026-02-15 21:19:02"
6550,5922,431,"fail","2026-01-21 18:54:25","2026-01-27 23:39:44"
6551,4240,265,"success","2026-01-07 21:02:41","2026-02-02 09:14:02"
6552,5255,118,"fail","2026-01-16 07:05:00","2026-02-23 11:45:08"
6553,770,472,"success","2026-01-29 18:47:48","2026-02-07 21:44:35"
6554,2768,324,"success","2026-01-30 14:17:10","2026-02-04 13:49:26"
6555,4457,2,"fail","2026-01-06 00:13:59","2026-02-21 10:07:43"
6556,842,62,"success","2026-01-01 23:45:09","2026-02-12 16:28:22"
6557,2757,300,"fail","2026-02-08 14:25:45","2026-02-10 14:19:59"
6558,5535,194,"fail","2026-02-22 04:02:24","2026-02-25 11:01:47"
6559,2405,95,"success","2026-02-03 02:27:36","2026-02-25 06:12:21"
6560,4950,133,"fail","2026-02-11 16:02:56","2026-02-17 15:15:32"
6561,2911,100,"success","2026-02-18 13:23:22","2026-02-23 04:17:58"
6562,1949,484,"success","2026-02-16 06:02:06","2026-02-21 15:38:55"
6563,3401,127,"fail","2026-01-22 00:04:05","2026-02-22 04:40:36"
6564,5363,260,"success","2026-02-18 02:51:59","2026-02-20 00:17:23"
6565,52,33,"fail","2026-01-05 18:12:49","2026-01-29 15:47:00"
6566,3223,464,"success","2026-01-28 08:31:41","2026-02-03 11:37:45"
6567,4805,252,"fail","2026-01-30 06:55:33","2026-02-16 03:11:30"
6568,5315,386,"success","2026-01-23 16:02:27","2026-02-04 04:50:16"
6569,3304,18,"fail","2026-01-15 23:14:11","2026-01-26 22:21:14"
6570,628,353,"success","2026-01-12 01:19:45","2026-02-15 23:34:55"
6571,5860,16,"fail","2026-01-26 07:33:14","2026-02-24 09:31:31"
6572,5782,220,"success","2026-02-02 13:00:33","2026-02-11 11:14:46"
6573,5511,79,"success","2026-01-15 01:48:04","2026-01-23 16:58:45"
6574,3255,216,"success","2026-01-01 00:43:05","2026-01-01 08:40:29"
6575,4494,365,"fail","2026-01-07 16:48:49","2026-02-12 12:10:31"
6576,4795,76,"fail","2026-01-29 22:38:44","2026-01-30 16:58:48"
6577,881,69,"fail","2026-02-12 04:34:47","2026-02-20 17:45:43"
6578,4390,360,"fail","2026-02-20 17:24:59","2026-02-24 22:07:49"
6579,3746,184,"success","2026-01-07 21:37:43","2026-01-20 18:40:56"
6580,2982,373,"success","2026-01-14 12:29:20","2026-02-04 09:39:56"
6581,4397,57,"fail","2026-02-19 04:28:58","2026-02-19 23:58:00"
6582,4150,253,"success","2026-02-06 09:43:35","2026-02-17 15:39:16"
6583,4524,417,"success","2026-01-23 20:47:27","2026-02-10 03:40:26"
6584,2405,362,"success","2026-02-09 07:50:50","2026-02-25 01:18:11"
6585,2269,179,"success","2026-01-03 01:13:04","2026-01-21 19:27:19"
6586,2469,364,"success","2026-01-13 14:00:50","2026-02-14 04:59:51"
6587,5630,25,"success","2026-01-27 11:59:39","2026-02-08 03:43:32"
6588,2880,318,"success","2026-01-07 04:29:46","2026-01-28 11:23:32"
6589,1421,274,"fail","2026-02-06 21:30:26","2026-02-18 23:03:20"
6590,203,172,"success","2026-02-15 18:11:39","2026-02-15 21:29:29"
6591,3679,217,"fail","2026-02-11 06:12:55","2026-02-20 18:51:35"
6592,1147,269,"fail","2026-02-23 13:31:56","2026-02-23 20:57:21"
6593,4531,60,"success","2026-02-09 09:17:17","2026-02-10 18:35:11"
6594,4476,415,"success","2026-01-21 06:50:46","2026-02-10 03:10:10"
6595,3426,47,"fail","2026-01-11 06:24:01","2026-02-21 12:48:21"
6596,1977,61,"success","2026-01-26 09:47:03","2026-02-21 07:50:15"
6597,231,233,"fail","2026-02-04 15:31:49","2026-02-21 22:07:15"
6598,2754,226,"fail","2026-01-04 04:55:47","2026-01-23 14:15:11"
6599,537,464,"success","2026-02-12 08:09:28","2026-02-16 09:29:05"
6600,5118,136,"success","2026-02-17 09:35:45","2026-02-19 14:37:55"
6601,33,195,"fail","2026-02-24 10:25:47","2026-02-24 10:32:37"
6602,1366,126,"success","2026-01-07 22:08:28","2026-01-14 13:36:53"
6603,2847,239,"fail","2026-02-14 11:36:30","2026-02-16 11:35:55"
6604,4437,276,"fail","2026-01-16 01:43:19","2026-02-08 05:17:24"
6605,3415,120,"success","2026-02-19 07:37:17","2026-02-20 21:23:47"
6606,4878,136,"fail","2026-01-24 14:10:10","2026-02-12 13:42:55"
6607,3656,228,"success","2026-01-27 09:09:29","2026-02-15 10:43:15"
6608,4683,131,"success","2026-01-19 20:19:44","2026-02-06 18:41:37"
6609,817,113,"fail","2026-02-16 20:13:59","2026-02-19 14:35:09"
6610,4166,267,"success","2026-02-23 15:17:29","2026-02-24 12:29:01"
6611,5803,362,"fail","2026-01-17 14:55:28","2026-02-21 11:58:06"
6612,4783,152,"success","2026-02-16 11:00:01","2026-02-19 15:16:16"
6613,5062,111,"fail","2026-01-31 23:07:24","2026-02-04 08:07:49"
6614,5340,440,"success","2026-01-17 03:34:33","2026-01-30 17:17:24"
6615,5830,274,"fail","2026-01-06 10:24:24","2026-01-22 18:30:18"
6616,5045,20,"success","2026-01-10 14:32:20","2026-01-14 09:20:51"
6617,2111,13,"fail","2026-01-22 00:19:44","2026-01-24 12:16:29"
6618,4353,138,"fail","2026-02-13 12:15:10","2026-02-24 09:13:55"
6619,3608,173,"success","2026-02-03 04:17:11","2026-02-21 06:49:29"
6620,5597,312,"fail","2026-01-16 03:11:02","2026-02-23 05:18:13"
6621,4767,351,"success","2026-01-25 07:39:29","2026-01-27 10:14:44"
6622,2701,101,"fail","2026-02-01 12:05:16","2026-02-03 09:33:33"
6623,711,181,"fail","2026-02-24 19:47:35","2026-02-25 04:51:36"
6624,5739,198,"fail","2026-02-17 06:14:30","2026-02-22 22:08:23"
6625,2281,373,"fail","2026-02-10 11:05:22","2026-02-18 21:33:31"
6626,87,221,"success","2026-01-07 10:18:43","2026-01-14 11:58:51"
6627,1105,216,"fail","2026-02-05 19:25:58","2026-02-11 18:58:40"
6628,642,90,"success","2026-02-19 06:50:34","2026-02-23 13:40:48"
6629,315,102,"fail","2026-01-30 09:30:15","2026-02-07 11:50:00"
6630,2104,301,"success","2026-02-08 23:08:32","2026-02-21 01:28:04"
6631,1753,408,"fail","2026-02-04 04:19:47","2026-02-04 18:09:15"
6632,4911,169,"fail","2026-02-08 02:30:08","2026-02-13 12:54:50"
6633,1903,484,"fail","2026-02-01 21:36:38","2026-02-13 05:13:54"
6634,1910,204,"fail","2026-02-22 11:51:34","2026-02-23 19:52:06"
6635,1975,277,"fail","2026-02-14 18:51:25","2026-02-22 05:53:01"
6636,1765,315,"success","2026-01-09 21:11:18","2026-01-10 21:34:02"
6637,2994,13,"success","2026-02-14 11:40:26","2026-02-16 06:44:51"
6638,4294,351,"success","2026-02-02 18:32:11","2026-02-07 16:32:45"
6639,4763,185,"success","2026-02-04 07:02:37","2026-02-11 12:09:21"
6640,3712,174,"success","2026-02-07 10:56:25","2026-02-20 08:31:03"
6641,3773,304,"success","2026-02-08 22:59:01","2026-02-19 15:52:18"
6642,2834,406,"fail","2026-02-18 19:17:31","2026-02-22 09:14:47"
6643,5338,284,"fail","2026-02-12 19:30:45","2026-02-24 20:38:51"
6644,1699,328,"success","2026-01-31 20:14:15","2026-02-07 01:27:51"
6645,917,292,"success","2026-02-05 15:51:37","2026-02-14 23:38:48"
6646,4335,188,"success","2026-02-07 07:16:48","2026-02-20 08:11:30"
6647,5250,367,"fail","2026-01-18 17:37:04","2026-01-23 14:54:04"
6648,5864,162,"success","2026-02-17 03:15:47","2026-02-17 18:55:10"
6649,265,79,"success","2026-01-07 05:24:31","2026-02-16 07:44:12"
6650,5282,341,"success","2026-02-17 03:34:39","2026-02-23 17:25:24"
6651,353,242,"success","2026-02-19 02:39:22","2026-02-19 04:33:19"
6652,3703,12,"fail","2026-01-03 04:44:36","2026-02-07 02:21:15"
6653,1110,212,"success","2026-02-07 14:39:03","2026-02-22 12:42:29"
6654,5066,45,"success","2026-01-13 20:48:04","2026-01-23 02:15:24"
6655,3439,314,"fail","2026-01-18 09:43:37","2026-02-05 23:14:42"
6656,2669,422,"fail","2026-02-01 05:19:39","2026-02-21 13:46:51"
6657,3437,306,"success","2026-01-24 12:22:38","2026-02-05 10:01:22"
6658,1817,12,"success","2026-01-02 18:28:55","2026-02-14 23:25:13"
6659,4039,5,"success","2026-02-06 12:24:02","2026-02-15 02:53:42"
6660,4624,105,"fail","2026-01-29 13:40:03","2026-02-10 23:47:30"
6661,492,132,"success","2026-01-05 23:46:56","2026-02-07 11:34:29"
6662,61,388,"success","2026-01-14 10:34:25","2026-02-08 22:22:32"
6663,318,133,"fail","2026-01-09 18:33:54","2026-02-18 18:52:45"
6664,587,484,"fail","2026-01-22 12:25:38","2026-02-17 06:46:38"
6665,3117,467,"fail","2026-01-10 11:31:04","2026-02-15 13:31:53"
6666,4884,190,"fail","2026-02-16 23:11:26","2026-02-17 04:55:24"
6667,3961,397,"success","2026-02-13 22:37:18","2026-02-21 19:04:30"
6668,3056,466,"success","2026-02-24 18:48:22","2026-02-25 06:03:56"
6669,2677,123,"fail","2026-02-14 08:43:55","2026-02-22 22:55:32"
6670,843,300,"fail","2026-02-24 00:24:42","2026-02-25 11:34:20"
6671,5647,113,"fail","2026-01-03 20:49:16","2026-01-10 04:25:43"
6672,744,215,"fail","2026-02-05 10:33:41","2026-02-05 18:44:49"
6673,1222,149,"success","2026-01-30 22:47:01","2026-02-20 18:05:32"
6674,1992,116,"success","2026-01-18 02:40:46","2026-01-26 16:07:41"
6675,4728,262,"fail","2026-01-12 19:08:39","2026-02-15 01:55:29"
6676,507,290,"success","2026-01-04 12:39:50","2026-01-20 12:45:35"
6677,3051,214,"success","2026-02-10 18:09:13","2026-02-23 20:56:56"
6678,894,137,"success","2026-01-21 23:51:57","2026-02-24 06:54:08"
6679,2020,221,"success","2026-02-23 22:09:34","2026-02-25 02:58:37"
6680,5339,339,"fail","2026-02-05 12:16:06","2026-02-16 00:30:22"
6681,1530,178,"success","2026-01-28 14:59:11","2026-02-15 05:48:22"
6682,3182,80,"fail","2026-02-17 18:23:45","2026-02-24 04:41:10"
6683,5295,391,"fail","2026-02-06 07:47:41","2026-02-12 23:35:37"
6684,273,216,"fail","2026-01-02 22:23:03","2026-01-18 22:03:08"
6685,3428,266,"success","2026-02-11 15:27:39","2026-02-15 11:57:47"
6686,2026,224,"success","2026-02-06 17:08:22","2026-02-22 07:53:13"
6687,2919,442,"fail","2026-02-14 10:06:23","2026-02-19 03:34:52"
6688,4893,382,"fail","2026-01-04 11:21:01","2026-02-09 16:05:59"
6689,3139,324,"fail","2026-02-11 08:15:45","2026-02-21 12:01:58"
6690,1688,194,"success","2026-01-22 03:26:16","2026-02-03 06:59:35"
6691,3948,124,"success","2026-01-29 01:21:50","2026-02-03 03:33:27"
6692,3548,107,"fail","2026-01-27 20:06:05","2026-02-17 18:50:48"
6693,1145,232,"success","2026-01-18 17:29:12","2026-01-26 21:31:38"
6694,895,231,"fail","2026-01-24 23:51:06","2026-02-19 14:12:18"
6695,3064,82,"success","2026-01-29 21:53:27","2026-01-30 20:02:35"
6696,4594,135,"fail","2026-02-12 04:28:19","2026-02-18 05:07:47"
6697,809,93,"success","2026-01-17 01:09:53","2026-01-28 22:12:24"
6698,1189,173,"fail","2026-01-30 14:37:44","2026-02-08 15:05:36"
6699,4705,168,"fail","2026-02-22 13:02:39","2026-02-23 04:21:57"
6700,5559,32,"success","2026-01-11 11:50:01","2026-02-06 12:26:02"
6701,3221,321,"fail","2026-01-13 19:10:32","2026-02-03 21:16:37"
6702,4517,335,"fail","2026-02-14 19:57:46","2026-02-19 11:57:57"
6703,760,150,"fail","2026-02-02 12:54:54","2026-02-07 09:09:31"
6704,2871,291,"success","2026-01-27 10:39:45","2026-02-05 18:40:00"
6705,3852,178,"fail","2026-02-10 16:55:59","2026-02-14 16:57:09"
6706,4914,177,"fail","2026-01-15 08:57:13","2026-01-31 16:55:00"
6707,3708,61,"fail","2026-01-21 18:12:12","2026-02-16 07:55:14"
6708,1481,31,"fail","2026-02-19 09:01:36","2026-02-20 06:48:10"
6709,4112,255,"fail","2026-02-21 22:51:19","2026-02-25 00:28:03"
6710,5372,259,"success","2026-02-02 04:20:13","2026-02-05 15:57:47"
6711,5006,143,"fail","2026-01-06 09:07:26","2026-02-13 18:32:55"
6712,83,270,"fail","2026-01-07 13:23:52","2026-02-15 16:16:19"
6713,5133,214,"fail","2026-01-30 17:12:48","2026-02-18 11:04:20"
6714,1539,246,"fail","2026-02-16 06:11:10","2026-02-21 21:46:51"
6715,1704,471,"fail","2026-02-01 21:16:25","2026-02-05 05:08:31"
6716,2513,41,"success","2026-01-07 13:27:18","2026-01-11 18:23:32"
6717,5285,472,"success","2026-01-28 01:11:56","2026-02-01 23:56:41"
6718,160,13,"fail","2026-01-01 02:15:21","2026-01-04 23:46:08"
6719,51,173,"success","2026-01-14 07:20:24","2026-01-23 15:41:19"
6720,854,424,"fail","2026-02-07 02:53:24","2026-02-12 19:18:11"
6721,4266,156,"fail","2026-02-18 06:38:58","2026-02-24 17:59:37"
6722,1863,389,"success","2026-02-11 05:05:29","2026-02-15 23:35:19"
6723,5135,79,"fail","2026-02-23 06:54:20","2026-02-24 07:13:45"
6724,2077,34,"success","2026-02-18 12:05:18","2026-02-18 12:38:52"
6725,37,188,"fail","2026-01-14 01:34:46","2026-02-13 11:34:38"
6726,2942,82,"fail","2026-01-09 14:06:55","2026-01-29 08:10:38"
6727,5408,138,"fail","2026-02-18 14:38:06","2026-02-20 08:46:56"
6728,1022,424,"success","2026-01-13 23:47:20","2026-02-17 15:24:21"
6729,1421,422,"success","2026-02-25 03:33:31","2026-02-25 03:41:49"
6730,2117,14,"fail","2026-01-18 18:04:46","2026-02-05 02:32:04"
6731,1592,190,"fail","2026-01-22 20:37:50","2026-01-27 12:37:43"
6732,5065,349,"fail","2026-02-06 12:32:26","2026-02-16 22:08:11"
6733,3222,393,"success","2026-01-06 20:31:57","2026-01-09 01:10:19"
6734,1492,204,"success","2026-01-10 08:56:31","2026-02-05 23:09:35"
6735,2213,243,"success","2026-01-26 09:35:04","2026-01-28 20:58:44"
6736,4219,81,"fail","2026-01-23 21:38:10","2026-01-28 11:14:31"
6737,1837,212,"success","2026-01-17 19:18:30","2026-02-01 03:42:24"
6738,128,265,"success","2026-02-25 10:32:27","2026-02-25 11:08:53"
6739,128,253,"success","2026-01-15 22:07:03","2026-02-20 04:28:33"
6740,5023,158,"success","2026-01-20 22:18:33","2026-02-18 10:28:39"
6741,5361,66,"fail","2026-01-01 20:20:58","2026-01-04 12:03:06"
6742,3419,262,"success","2026-01-10 15:38:32","2026-02-24 02:12:03"
6743,3366,31,"fail","2026-01-17 04:46:09","2026-02-22 06:47:34"
6744,145,90,"success","2026-01-19 09:57:45","2026-01-29 05:35:00"
6745,1942,281,"success","2026-01-21 20:39:38","2026-02-02 05:21:40"
6746,4026,346,"success","2026-01-28 22:21:20","2026-02-03 19:11:53"
6747,3746,225,"fail","2026-01-19 06:53:01","2026-02-06 05:16:01"
6748,4819,108,"success","2026-01-06 05:50:53","2026-02-18 11:08:26"
6749,3679,222,"fail","2026-01-04 19:59:19","2026-01-19 08:44:00"
6750,3403,369,"fail","2026-02-01 01:47:05","2026-02-02 16:06:09"
6751,2002,186,"fail","2026-01-13 21:37:06","2026-02-22 02:33:12"
6752,2725,197,"success","2026-01-09 04:27:42","2026-01-23 19:21:17"
6753,1313,220,"fail","2026-02-08 02:20:39","2026-02-21 10:07:59"
6754,531,491,"success","2026-01-08 16:04:36","2026-01-23 23:09:34"
6755,2278,76,"success","2026-02-09 09:36:22","2026-02-18 22:27:34"
6756,903,407,"success","2026-02-16 11:56:27","2026-02-18 06:18:48"
6757,643,456,"success","2026-01-28 04:58:58","2026-02-18 10:51:12"
6758,5806,227,"success","2026-01-24 12:17:44","2026-01-29 11:36:17"
6759,638,203,"success","2026-02-24 20:02:20","2026-02-25 01:36:51"
6760,5517,124,"fail","2026-01-04 02:33:32","2026-01-16 13:36:33"
6761,4505,32,"success","2026-01-13 12:29:27","2026-02-05 04:18:37"
6762,5833,428,"success","2026-02-11 03:00:24","2026-02-21 04:09:47"
6763,5029,153,"success","2026-01-23 09:24:23","2026-02-15 05:26:40"
6764,4613,96,"success","2026-01-20 05:05:23","2026-02-12 19:37:12"
6765,2031,393,"success","2026-02-10 20:01:06","2026-02-18 18:22:41"
6766,3787,306,"fail","2026-01-11 03:57:17","2026-02-13 06:09:46"
6767,1087,201,"success","2026-01-23 17:22:04","2026-02-04 15:47:08"
6768,3321,162,"fail","2026-01-12 00:06:36","2026-02-20 16:03:10"
6769,3232,237,"success","2026-01-30 01:41:13","2026-02-22 19:30:20"
6770,3422,333,"fail","2026-02-24 12:56:26","2026-02-24 17:52:56"
6771,2946,233,"success","2026-01-22 11:50:08","2026-01-26 14:59:32"
6772,2347,232,"success","2026-01-22 08:17:58","2026-02-05 04:41:14"
6773,4774,258,"fail","2026-01-30 05:43:19","2026-02-04 16:17:50"
6774,2146,241,"success","2026-02-16 16:39:51","2026-02-25 04:12:15"
6775,5465,322,"success","2026-02-10 00:14:02","2026-02-23 09:01:41"
6776,1922,439,"fail","2026-02-12 08:05:17","2026-02-12 21:44:10"
6777,2365,140,"success","2026-01-15 01:26:59","2026-02-13 21:24:39"
6778,178,266,"success","2026-01-11 09:39:13","2026-01-12 02:44:23"
6779,4042,252,"fail","2026-02-17 16:55:35","2026-02-21 16:09:44"
6780,5650,302,"success","2026-01-17 09:50:30","2026-02-09 03:56:34"
6781,1366,270,"fail","2026-02-14 19:24:18","2026-02-20 06:59:59"
6782,5085,221,"fail","2026-01-01 16:25:53","2026-02-03 12:12:33"
6783,5431,493,"fail","2026-02-23 21:24:56","2026-02-24 10:09:12"
6784,3260,17,"success","2026-02-22 21:13:15","2026-02-24 11:43:32"
6785,1250,32,"success","2026-02-11 12:18:38","2026-02-24 03:05:26"
6786,2263,248,"success","2026-01-20 09:05:46","2026-02-15 16:04:01"
6787,5932,330,"success","2026-01-25 09:52:12","2026-02-03 07:20:36"
6788,4490,59,"fail","2026-01-06 00:38:45","2026-02-15 03:06:30"
6789,3708,396,"fail","2026-02-09 04:35:35","2026-02-24 10:49:58"
6790,4460,291,"success","2026-01-21 08:38:35","2026-02-19 08:08:40"
6791,5364,225,"fail","2026-02-25 08:53:25","2026-02-25 10:42:37"
6792,5507,163,"fail","2026-01-16 12:47:47","2026-02-21 22:50:11"
6793,4461,182,"success","2026-01-08 00:14:51","2026-02-03 05:55:54"
6794,3854,333,"success","2026-02-14 18:28:07","2026-02-19 19:12:32"
6795,3074,346,"fail","2026-02-22 18:45:38","2026-02-22 21:37:56"
6796,531,445,"success","2026-01-11 09:13:26","2026-01-28 21:31:40"
6797,3825,18,"fail","2026-02-20 20:37:36","2026-02-21 04:53:08"
6798,3054,112,"success","2026-02-22 10:09:22","2026-02-24 06:43:35"
6799,4002,180,"fail","2026-01-16 08:20:36","2026-02-19 07:56:26"
6800,5370,453,"fail","2026-02-17 13:23:20","2026-02-18 13:48:02"
6801,1242,213,"fail","2026-02-16 00:58:36","2026-02-21 05:15:55"
6802,3679,434,"success","2026-02-08 21:52:29","2026-02-18 06:16:35"
6803,2693,74,"success","2026-02-07 09:51:48","2026-02-19 00:20:58"
6804,3242,397,"success","2026-02-08 08:18:03","2026-02-20 14:12:47"
6805,2374,319,"success","2026-01-23 20:00:26","2026-02-24 08:42:14"
6806,1205,125,"success","2026-02-20 14:41:18","2026-02-24 09:54:34"
6807,4520,414,"fail","2026-01-22 05:35:36","2026-02-23 03:26:45"
6808,5402,273,"fail","2026-02-08 20:59:40","2026-02-09 13:19:25"
6809,3699,387,"success","2026-01-07 10:36:52","2026-01-17 13:24:14"
6810,5892,330,"fail","2026-02-21 00:02:41","2026-02-25 01:14:12"
6811,4081,197,"success","2026-02-13 13:51:21","2026-02-24 10:36:23"
6812,1658,398,"success","2026-02-19 09:06:23","2026-02-22 23:13:42"
6813,5947,89,"fail","2026-02-18 14:42:09","2026-02-20 12:11:40"
6814,920,434,"fail","2026-01-11 10:15:14","2026-01-20 07:58:42"
6815,919,381,"fail","2026-02-09 03:49:11","2026-02-20 01:17:40"
6816,5847,483,"success","2026-01-22 10:36:57","2026-02-09 16:03:53"
6817,328,10,"fail","2026-01-20 00:19:23","2026-02-20 04:57:07"
6818,3191,385,"success","2026-02-18 20:04:37","2026-02-22 10:50:15"
6819,935,289,"fail","2026-02-14 22:56:58","2026-02-18 21:49:38"
6820,3843,329,"fail","2026-01-01 06:43:53","2026-02-24 15:46:42"
6821,5712,143,"fail","2026-01-05 09:44:17","2026-02-23 15:29:01"
6822,5345,181,"fail","2026-01-15 00:37:45","2026-01-20 07:53:53"
6823,3660,429,"fail","2026-01-30 19:24:37","2026-02-22 03:12:20"
6824,5824,43,"success","2026-02-04 15:31:22","2026-02-19 00:51:11"
6825,815,466,"success","2026-02-01 05:31:12","2026-02-07 16:22:53"
6826,4623,51,"success","2026-01-28 18:24:45","2026-01-29 15:59:20"
6827,2400,397,"fail","2026-02-05 04:50:51","2026-02-23 14:02:47"
6828,597,348,"success","2026-01-21 22:11:02","2026-01-30 18:06:49"
6829,3577,132,"fail","2026-01-13 21:00:27","2026-02-09 16:06:35"
6830,4049,31,"fail","2026-02-25 07:08:18","2026-02-25 08:25:59"
6831,5591,335,"fail","2026-01-05 12:50:26","2026-01-18 18:36:26"
6832,3188,366,"fail","2026-01-20 02:24:49","2026-01-27 00:05:13"
6833,5250,69,"fail","2026-02-05 15:25:25","2026-02-08 20:10:42"
6834,4310,319,"success","2026-02-06 05:36:15","2026-02-11 21:20:34"
6835,1651,63,"fail","2026-02-23 09:08:15","2026-02-23 10:00:14"
6836,3326,257,"fail","2026-01-17 18:03:49","2026-02-10 14:23:47"
6837,575,105,"fail","2026-02-18 06:03:44","2026-02-23 15:14:31"
6838,1230,141,"success","2026-01-26 18:30:59","2026-02-02 08:19:19"
6839,5472,356,"fail","2026-02-06 13:31:47","2026-02-18 11:18:39"
6840,2251,104,"success","2026-01-24 12:25:50","2026-02-09 12:27:30"
6841,3693,294,"fail","2026-01-07 17:18:37","2026-01-22 09:54:55"
6842,5152,305,"fail","2026-01-07 14:48:31","2026-02-06 00:47:50"
6843,5599,215,"success","2026-02-13 11:38:29","2026-02-20 18:47:21"
6844,2908,281,"success","2026-01-11 11:39:35","2026-01-25 07:24:21"
6845,1514,311,"success","2026-02-22 12:40:26","2026-02-22 16:06:26"
6846,5091,245,"success","2026-02-24 02:24:19","2026-02-24 11:36:58"
6847,5719,306,"fail","2026-01-28 02:39:02","2026-02-11 02:03:59"
6848,3145,289,"fail","2026-01-26 19:56:22","2026-02-17 17:30:56"
6849,505,226,"fail","2026-01-20 08:59:39","2026-01-30 17:26:45"
6850,4670,170,"success","2026-02-05 23:06:48","2026-02-20 23:27:51"
6851,4261,254,"success","2026-02-14 00:25:50","2026-02-18 04:49:29"
6852,4325,368,"success","2026-02-12 15:57:41","2026-02-14 00:27:59"
6853,4276,325,"success","2026-01-26 11:13:09","2026-01-26 19:56:50"
6854,5096,432,"success","2026-01-31 06:38:20","2026-01-31 16:50:46"
6855,5683,273,"fail","2026-02-14 12:18:10","2026-02-16 05:08:35"
6856,2268,243,"fail","2026-02-14 18:52:49","2026-02-17 17:24:18"
6857,5943,265,"fail","2026-02-13 23:45:04","2026-02-24 05:30:11"
6858,5105,476,"success","2026-01-15 02:48:36","2026-01-23 13:00:30"
6859,404,31,"success","2026-02-23 20:30:04","2026-02-25 05:11:29"
6860,5024,232,"success","2026-01-16 17:38:18","2026-01-18 16:24:08"
6861,4910,383,"fail","2026-02-11 06:21:14","2026-02-21 01:38:29"
6862,665,312,"fail","2026-02-23 06:51:54","2026-02-25 04:42:38"
6863,207,325,"fail","2026-01-01 04:14:41","2026-01-04 11:33:41"
6864,3147,198,"fail","2026-02-05 09:47:17","2026-02-12 05:20:18"
6865,5504,475,"fail","2026-02-11 01:08:06","2026-02-20 02:23:24"
6866,1033,73,"success","2026-01-05 06:10:11","2026-02-12 16:06:49"
6867,1389,88,"success","2026-01-27 18:30:14","2026-02-11 21:54:44"
6868,449,340,"success","2026-02-11 04:53:54","2026-02-12 00:24:50"
6869,5126,380,"success","2026-02-11 21:20:57","2026-02-22 16:35:06"
6870,2019,158,"success","2026-01-09 07:35:48","2026-02-09 23:15:16"
6871,4025,47,"fail","2026-01-04 10:27:31","2026-01-31 07:19:34"
6872,1722,58,"fail","2026-02-03 17:46:53","2026-02-07 17:06:49"
6873,1974,170,"fail","2026-01-04 13:36:01","2026-02-08 08:24:36"
6874,414,253,"fail","2026-01-31 06:52:05","2026-02-16 23:27:53"
6875,2781,138,"success","2026-01-22 10:06:43","2026-02-08 10:22:10"
6876,5969,208,"fail","2026-02-07 19:03:02","2026-02-08 07:53:28"
6877,1875,26,"fail","2026-01-15 07:30:15","2026-01-21 21:09:08"
6878,832,475,"success","2026-02-24 22:54:00","2026-02-25 02:10:42"
6879,49,168,"fail","2026-01-27 18:24:53","2026-02-11 19:03:56"
6880,3313,442,"success","2026-01-20 03:29:41","2026-01-24 00:33:47"
6881,5146,491,"success","2026-01-24 07:58:47","2026-02-23 20:29:50"
6882,846,298,"fail","2026-01-18 22:19:33","2026-02-03 04:20:36"
6883,4896,469,"success","2026-02-23 15:34:58","2026-02-24 18:08:59"
6884,3383,475,"success","2026-01-11 00:22:07","2026-01-17 21:05:29"
6885,5765,150,"fail","2026-01-30 15:33:30","2026-02-18 22:45:06"
6886,4057,212,"fail","2026-02-24 06:14:29","2026-02-24 18:57:57"
6887,2378,231,"fail","2026-01-29 19:22:49","2026-02-23 15:47:06"
6888,4253,412,"fail","2026-01-05 18:22:48","2026-02-04 12:03:30"
6889,3034,133,"fail","2026-01-16 05:30:44","2026-02-03 09:59:59"
6890,4228,164,"fail","2026-01-09 17:36:09","2026-02-21 20:23:21"
6891,2490,44,"fail","2026-01-22 17:35:42","2026-02-13 11:46:47"
6892,1898,95,"fail","2026-02-04 08:51:27","2026-02-16 10:30:32"
6893,2007,107,"success","2026-01-09 20:02:36","2026-01-31 22:24:42"
6894,5150,306,"fail","2026-01-20 09:07:39","2026-02-24 07:48:04"
6895,5107,431,"success","2026-02-16 16:23:40","2026-02-23 13:08:14"
6896,2531,487,"success","2026-01-07 14:10:29","2026-02-01 21:22:55"
6897,2777,221,"fail","2026-02-10 08:27:49","2026-02-12 19:28:52"
6898,2994,447,"success","2026-02-11 16:55:40","2026-02-15 13:36:48"
6899,4881,24,"success","2026-01-03 03:37:12","2026-01-10 16:56:25"
6900,2464,430,"fail","2026-01-23 23:11:24","2026-02-15 01:23:25"
6901,3907,136,"success","2026-02-12 04:14:01","2026-02-18 14:53:47"
6902,1715,416,"fail","2026-01-18 01:44:35","2026-02-16 19:06:32"
6903,5662,209,"success","2026-02-07 01:47:19","2026-02-24 08:25:32"
6904,5784,5,"success","2026-01-02 08:40:03","2026-02-17 11:30:24"
6905,5740,179,"success","2026-01-23 02:23:03","2026-02-15 12:10:56"
6906,1893,263,"success","2026-01-24 15:30:16","2026-02-04 03:16:15"
6907,699,306,"fail","2026-01-28 10:23:39","2026-02-25 02:26:41"
6908,4673,239,"success","2026-02-03 18:34:32","2026-02-08 20:15:21"
6909,5836,241,"fail","2026-02-08 21:50:22","2026-02-12 13:47:53"
6910,3607,357,"fail","2026-01-05 08:37:44","2026-02-05 07:49:54"
6911,2613,107,"success","2026-02-06 08:51:12","2026-02-09 19:30:53"
6912,1292,191,"success","2026-02-18 21:34:50","2026-02-23 13:31:13"
6913,5455,400,"success","2026-01-13 08:55:08","2026-02-02 01:12:44"
6914,713,124,"success","2026-01-08 14:58:04","2026-02-17 09:13:00"
6915,3493,448,"fail","2026-01-17 02:06:43","2026-02-11 19:31:13"
6916,1862,285,"success","2026-01-10 17:43:21","2026-02-03 08:25:26"
6917,5490,364,"fail","2026-01-29 11:38:07","2026-02-16 03:45:17"
6918,1581,444,"success","2026-02-12 14:30:24","2026-02-23 15:44:15"
6919,5499,405,"fail","2026-01-21 01:35:53","2026-01-22 03:18:37"
6920,2990,244,"success","2026-02-03 09:50:07","2026-02-13 07:50:35"
6921,4683,405,"success","2026-01-25 09:47:59","2026-01-29 00:56:15"
6922,1859,53,"success","2026-01-16 02:05:11","2026-01-30 12:36:20"
6923,5665,220,"fail","2026-01-09 13:07:25","2026-02-19 22:51:01"
6924,3805,64,"fail","2026-01-07 22:28:52","2026-01-18 11:10:54"
6925,3190,467,"fail","2026-02-02 14:00:50","2026-02-14 09:25:30"
6926,5085,368,"fail","2026-01-03 18:19:06","2026-01-24 21:26:52"
6927,2390,466,"success","2026-01-12 16:46:26","2026-02-10 04:10:16"
6928,1557,38,"success","2026-02-05 13:20:39","2026-02-06 00:01:55"
6929,396,454,"fail","2026-02-24 06:02:35","2026-02-24 19:27:40"
6930,2716,278,"fail","2026-01-09 09:10:49","2026-01-24 01:03:11"
6931,4111,97,"fail","2026-01-05 08:20:57","2026-01-17 18:31:09"
6932,5798,164,"fail","2026-02-14 12:21:36","2026-02-14 21:05:17"
6933,1249,351,"fail","2026-01-08 21:35:51","2026-01-21 12:28:15"
6934,816,148,"success","2026-02-22 15:22:59","2026-02-24 16:12:38"
6935,677,346,"success","2026-02-20 17:17:06","2026-02-24 11:34:37"
6936,1020,377,"success","2026-01-26 22:49:51","2026-02-03 00:24:28"
6937,2355,74,"fail","2026-02-02 02:03:56","2026-02-22 20:43:56"
6938,2524,324,"success","2026-02-07 18:35:22","2026-02-19 21:13:29"
6939,2452,345,"fail","2026-02-17 03:34:55","2026-02-18 02:52:59"
6940,5573,92,"fail","2026-02-16 22:01:07","2026-02-21 11:24:22"
6941,1517,424,"success","2026-01-10 01:56:14","2026-01-22 11:50:34"
6942,553,279,"success","2026-01-16 06:18:54","2026-02-01 03:08:37"
6943,2513,329,"fail","2026-01-20 14:57:54","2026-01-22 18:03:21"
6944,2146,182,"fail","2026-01-21 06:54:10","2026-02-02 16:44:58"
6945,3576,419,"fail","2026-01-25 02:35:30","2026-02-05 09:27:25"
6946,1499,327,"success","2026-02-06 15:02:51","2026-02-08 09:20:35"
6947,5493,17,"success","2026-01-11 09:16:44","2026-01-23 23:00:44"
6948,1077,385,"fail","2026-02-12 10:14:16","2026-02-13 06:39:11"
6949,3496,413,"fail","2026-01-03 05:46:04","2026-01-15 17:44:22"
6950,3497,248,"success","2026-02-02 22:19:23","2026-02-08 07:36:52"
6951,4851,199,"success","2026-01-02 02:29:08","2026-01-08 08:58:54"
6952,721,284,"success","2026-02-05 16:21:58","2026-02-06 02:57:42"
6953,1803,131,"fail","2026-01-01 03:02:30","2026-02-06 12:15:44"
6954,2952,235,"success","2026-01-20 21:07:45","2026-02-20 13:14:59"
6955,4769,394,"success","2026-02-10 03:24:15","2026-02-16 22:29:39"
6956,2627,44,"fail","2026-01-03 05:12:20","2026-02-14 17:42:15"
6957,1760,21,"fail","2026-01-08 00:04:57","2026-01-12 23:43:26"
6958,5476,151,"success","2026-01-17 23:22:46","2026-02-24 14:03:04"
6959,35,272,"fail","2026-02-07 22:39:51","2026-02-16 12:39:57"
6960,2959,351,"fail","2026-02-16 07:23:36","2026-02-17 21:03:01"
6961,931,271,"success","2026-02-09 23:22:29","2026-02-10 11:44:28"
6962,3382,324,"success","2026-02-25 00:07:45","2026-02-25 07:57:00"
6963,5834,453,"fail","2026-01-28 11:45:12","2026-02-19 11:15:31"
6964,5443,338,"fail","2026-02-02 18:33:30","2026-02-06 04:47:16"
6965,4818,295,"success","2026-02-08 15:08:58","2026-02-08 21:18:14"
6966,545,156,"success","2026-01-20 21:32:45","2026-02-08 16:43:35"
6967,80,279,"success","2026-02-24 14:36:34","2026-02-24 20:47:10"
6968,4778,237,"success","2026-01-17 04:05:21","2026-02-10 02:27:45"
6969,3212,491,"success","2026-01-07 09:47:16","2026-01-24 11:48:45"
6970,3268,171,"fail","2026-01-05 23:21:48","2026-02-05 01:13:35"
6971,3848,339,"fail","2026-01-08 01:04:04","2026-02-01 09:07:11"
6972,3850,384,"success","2026-02-16 14:58:47","2026-02-24 21:05:19"
6973,4459,38,"success","2026-02-19 11:02:01","2026-02-20 17:56:20"
6974,4245,203,"fail","2026-02-12 08:24:39","2026-02-12 16:10:11"
6975,5534,412,"fail","2026-02-04 22:26:36","2026-02-14 11:55:30"
6976,3574,365,"success","2026-01-02 08:10:32","2026-02-09 06:57:57"
6977,2553,317,"fail","2026-02-21 04:14:02","2026-02-21 13:45:10"
6978,4592,497,"fail","2026-01-19 05:24:06","2026-01-19 07:39:47"
6979,1760,143,"fail","2026-01-30 15:08:48","2026-02-23 00:15:48"
6980,540,154,"fail","2026-01-08 15:57:27","2026-02-22 21:17:24"
6981,4205,80,"fail","2026-01-31 08:55:53","2026-02-19 10:44:09"
6982,646,99,"fail","2026-01-23 12:12:52","2026-02-17 12:39:33"
6983,1761,467,"success","2026-01-01 17:54:20","2026-01-08 21:12:54"
6984,4393,318,"fail","2026-02-19 07:40:25","2026-02-20 08:12:38"
6985,3623,489,"fail","2026-01-17 06:40:10","2026-02-19 20:19:43"
6986,3339,137,"fail","2026-01-22 04:34:17","2026-02-16 06:34:04"
6987,4943,198,"success","2026-02-08 03:35:27","2026-02-22 22:45:39"
6988,444,491,"success","2026-01-05 05:20:13","2026-01-10 01:55:34"
6989,5103,353,"success","2026-02-24 12:24:33","2026-02-24 13:08:38"
6990,5843,336,"fail","2026-01-07 12:23:01","2026-02-03 23:15:29"
6991,4218,485,"fail","2026-01-13 11:13:21","2026-02-20 09:44:40"
6992,4924,316,"success","2026-01-25 00:18:33","2026-02-13 10:44:41"
6993,1641,12,"fail","2026-01-13 18:34:31","2026-01-20 09:03:00"
6994,4880,245,"fail","2026-01-30 14:03:24","2026-02-24 17:45:56"
6995,2218,134,"fail","2026-01-16 07:41:15","2026-02-15 22:15:22"
6996,121,170,"fail","2026-01-27 10:51:17","2026-02-13 01:38:52"
6997,3764,208,"success","2026-02-06 14:51:37","2026-02-19 00:09:57"
6998,1617,234,"fail","2026-02-09 01:01:23","2026-02-13 08:29:00"
6999,3057,277,"success","2026-02-15 09:15:57","2026-02-24 17:58:59"
7000,1360,431,"success","2026-02-23 01:00:24","2026-02-23 13:32:16"
7001,2155,78,"fail","2026-02-24 11:28:17","2026-02-24 15:24:02"
7002,1081,444,"success","2026-01-07 03:32:44","2026-01-27 09:33:38"
7003,164,223,"success","2026-01-24 19:09:17","2026-01-29 11:27:55"
7004,1633,216,"success","2026-02-01 10:23:46","2026-02-15 07:54:00"
7005,5027,226,"success","2026-01-03 00:38:09","2026-01-25 22:04:08"
7006,5149,371,"success","2026-01-15 01:24:41","2026-02-14 17:54:26"
7007,1127,362,"success","2026-02-10 18:07:26","2026-02-20 02:34:42"
7008,2903,34,"fail","2026-01-01 03:09:17","2026-02-09 15:51:48"
7009,3729,39,"fail","2026-01-19 18:14:53","2026-02-04 10:52:11"
7010,868,320,"fail","2026-02-24 17:15:50","2026-02-25 04:09:38"
7011,3549,442,"success","2026-02-01 11:34:05","2026-02-24 23:48:30"
7012,2834,256,"fail","2026-01-07 07:18:39","2026-02-25 04:14:18"
7013,2251,409,"success","2026-02-03 21:34:43","2026-02-09 03:19:44"
7014,1862,133,"success","2026-01-21 15:02:28","2026-02-10 20:18:54"
7015,3222,191,"fail","2026-02-15 18:00:28","2026-02-20 10:43:35"
7016,2098,477,"success","2026-01-05 00:38:56","2026-01-20 00:19:00"
7017,720,230,"fail","2026-02-21 02:52:35","2026-02-23 19:53:25"
7018,4965,394,"fail","2026-02-24 16:09:17","2026-02-24 21:37:12"
7019,5322,95,"fail","2026-01-19 06:17:38","2026-02-10 09:43:30"
7020,1478,288,"fail","2026-01-02 14:29:10","2026-02-19 23:27:37"
7021,4023,350,"success","2026-01-19 22:51:15","2026-01-24 01:32:30"
7022,1876,361,"success","2026-02-19 01:55:52","2026-02-20 22:33:33"
7023,4195,164,"fail","2026-02-08 17:02:17","2026-02-15 06:27:52"
7024,3414,311,"fail","2026-02-22 00:26:48","2026-02-24 05:01:55"
7025,2445,29,"fail","2026-01-21 11:30:24","2026-02-23 19:39:50"
7026,674,174,"fail","2026-02-23 00:50:54","2026-02-24 03:04:28"
7027,5363,311,"fail","2026-02-01 10:24:34","2026-02-01 14:14:30"
7028,792,178,"success","2026-02-25 10:44:15","2026-02-25 10:47:38"
7029,1655,310,"success","2026-01-23 18:54:54","2026-02-06 06:04:57"
7030,4289,275,"success","2026-01-22 02:08:06","2026-02-03 09:24:32"
7031,1623,65,"success","2026-01-01 06:20:33","2026-01-10 10:17:19"
7032,939,11,"fail","2026-02-04 15:51:43","2026-02-15 19:51:39"
7033,2685,64,"success","2026-02-14 04:04:07","2026-02-22 13:06:05"
7034,2843,360,"success","2026-01-06 20:22:43","2026-01-25 17:47:39"
7035,5933,362,"success","2026-01-11 05:50:24","2026-01-23 19:17:58"
7036,3908,276,"success","2026-01-04 22:57:44","2026-01-05 13:03:53"
7037,243,239,"success","2026-01-28 01:28:56","2026-01-31 04:08:38"
7038,5880,383,"success","2026-01-15 05:37:16","2026-02-04 19:24:32"
7039,3158,217,"success","2026-02-22 15:45:06","2026-02-22 16:49:16"
7040,4514,152,"success","2026-02-25 09:26:30","2026-02-25 11:53:38"
7041,5878,284,"success","2026-02-04 15:22:53","2026-02-18 21:18:02"
7042,1274,37,"fail","2026-01-03 06:27:49","2026-01-10 18:22:23"
7043,1728,105,"success","2026-01-15 21:57:11","2026-02-03 08:38:55"
7044,3393,382,"success","2026-01-04 08:10:34","2026-02-18 17:18:18"
7045,5609,116,"fail","2026-02-07 14:47:43","2026-02-11 02:51:19"
7046,5570,232,"success","2026-01-26 14:35:27","2026-02-06 09:30:22"
7047,4967,154,"success","2026-02-13 04:15:27","2026-02-24 01:45:42"
7048,4792,229,"success","2026-01-03 08:17:57","2026-01-17 14:12:54"
7049,3943,199,"success","2026-01-17 05:22:22","2026-02-12 08:13:12"
7050,5921,221,"success","2026-01-02 11:44:46","2026-02-19 18:30:13"
7051,235,311,"fail","2026-01-03 14:03:06","2026-02-14 04:27:53"
7052,340,452,"success","2026-01-11 03:24:56","2026-01-14 04:40:18"
7053,1227,89,"success","2026-01-27 10:03:04","2026-02-07 18:41:23"
7054,2067,267,"success","2026-02-06 00:22:52","2026-02-12 09:07:59"
7055,5542,222,"success","2026-02-03 01:19:21","2026-02-15 23:21:26"
7056,641,197,"fail","2026-01-09 13:32:57","2026-01-21 02:27:58"
7057,1146,442,"fail","2026-01-09 15:59:25","2026-02-11 16:10:05"
7058,2574,147,"fail","2026-01-11 11:13:06","2026-01-13 03:38:39"
7059,4430,445,"success","2026-01-16 04:34:35","2026-02-12 11:55:08"
7060,1255,58,"success","2026-02-22 01:51:03","2026-02-25 07:34:50"
7061,212,32,"success","2026-02-19 08:43:57","2026-02-23 01:56:15"
7062,5828,130,"fail","2026-01-20 22:01:00","2026-01-30 12:11:40"
7063,5083,310,"success","2026-01-27 01:30:01","2026-02-12 14:35:47"
7064,1148,141,"fail","2026-02-14 11:35:45","2026-02-22 20:52:11"
7065,3796,260,"fail","2026-01-11 05:36:01","2026-01-14 19:51:51"
7066,5135,141,"success","2026-01-06 19:57:11","2026-02-06 04:31:25"
7067,5614,190,"fail","2026-01-07 01:19:12","2026-02-22 10:45:43"
7068,5979,341,"success","2026-01-05 21:41:43","2026-02-12 15:59:23"
7069,5530,242,"fail","2026-02-10 22:50:06","2026-02-23 12:18:05"
7070,196,124,"fail","2026-01-26 13:46:14","2026-02-06 18:51:47"
7071,4142,247,"success","2026-01-19 01:31:49","2026-01-22 13:21:02"
7072,694,122,"fail","2026-01-10 01:38:56","2026-02-22 16:58:53"
7073,2967,333,"fail","2026-02-22 05:03:11","2026-02-22 12:07:43"
7074,1787,470,"success","2026-01-14 10:38:14","2026-02-02 09:42:42"
7075,1469,77,"fail","2026-01-19 01:49:06","2026-02-20 10:55:31"
7076,670,402,"success","2026-01-25 01:15:24","2026-02-09 19:21:45"
7077,311,32,"success","2026-02-17 16:48:55","2026-02-23 04:38:41"
7078,3129,41,"fail","2026-02-21 16:05:53","2026-02-22 14:04:58"
7079,610,88,"success","2026-01-11 11:02:04","2026-01-26 14:10:41"
7080,4964,343,"success","2026-01-27 12:07:11","2026-02-14 10:34:14"
7081,3904,146,"fail","2026-01-27 12:48:17","2026-02-08 21:19:20"
7082,2218,434,"success","2026-01-07 21:47:05","2026-01-29 09:17:21"
7083,2072,145,"success","2026-01-02 01:23:44","2026-01-06 05:46:26"
7084,3627,104,"fail","2026-01-29 18:48:37","2026-02-07 10:36:21"
7085,3002,340,"fail","2026-01-12 05:32:04","2026-02-05 11:34:06"
7086,2548,108,"fail","2026-02-23 20:44:04","2026-02-24 23:01:56"
7087,5196,82,"success","2026-01-10 03:41:46","2026-01-17 09:23:14"
7088,1579,250,"fail","2026-01-02 17:51:37","2026-01-20 08:31:06"
7089,418,493,"fail","2026-02-11 14:05:17","2026-02-25 02:03:11"
7090,4524,407,"fail","2026-01-03 16:24:04","2026-02-16 10:59:56"
7091,1524,49,"success","2026-02-17 15:44:32","2026-02-19 04:00:36"
7092,1603,446,"fail","2026-01-20 03:46:47","2026-02-24 17:57:27"
7093,5261,146,"fail","2026-01-03 06:32:04","2026-01-19 10:48:22"
7094,4577,448,"fail","2026-01-24 17:34:47","2026-02-08 17:42:18"
7095,1905,392,"success","2026-01-27 11:47:19","2026-02-08 05:56:22"
7096,4333,309,"success","2026-02-10 20:46:12","2026-02-22 11:30:46"
7097,4525,443,"success","2026-02-06 19:07:11","2026-02-22 11:49:19"
7098,5322,220,"success","2026-02-19 19:27:47","2026-02-24 06:14:54"
7099,3901,386,"fail","2026-01-18 19:39:34","2026-02-15 08:36:47"
7100,767,100,"success","2026-02-16 04:10:29","2026-02-16 04:53:20"
7101,3112,407,"fail","2026-01-13 00:25:02","2026-01-21 10:43:56"
7102,2496,398,"success","2026-02-07 17:17:21","2026-02-07 17:41:15"
7103,2698,297,"fail","2026-02-20 18:45:45","2026-02-22 21:21:07"
7104,2148,423,"fail","2026-01-11 21:28:45","2026-02-24 21:33:04"
7105,217,293,"fail","2026-01-15 01:58:28","2026-01-22 16:22:42"
7106,3254,382,"fail","2026-02-23 21:27:20","2026-02-24 04:33:42"
7107,2367,378,"success","2026-01-25 07:58:24","2026-02-05 09:20:19"
7108,4147,6,"fail","2026-01-19 17:39:15","2026-01-30 10:00:38"
7109,3517,21,"fail","2026-02-07 15:39:26","2026-02-09 22:59:19"
7110,2942,75,"fail","2026-02-11 12:26:10","2026-02-24 10:46:26"
7111,4858,351,"success","2026-01-07 21:08:24","2026-01-17 01:50:17"
7112,4968,138,"success","2026-02-12 22:14:43","2026-02-15 11:05:42"
7113,1479,339,"fail","2026-02-20 19:59:11","2026-02-25 08:18:08"
7114,1197,68,"fail","2026-02-10 02:44:28","2026-02-13 07:12:16"
7115,2167,430,"success","2026-02-21 22:29:52","2026-02-24 13:05:38"
7116,1294,335,"success","2026-02-14 03:46:41","2026-02-23 10:12:41"
7117,921,28,"fail","2026-01-29 06:07:49","2026-02-08 09:42:21"
7118,5499,76,"success","2026-02-19 05:21:16","2026-02-19 12:39:45"
7119,2872,184,"success","2026-01-12 22:37:21","2026-02-23 16:30:41"
7120,2787,116,"success","2026-02-25 00:49:14","2026-02-25 02:10:43"
7121,379,93,"success","2026-01-09 14:30:43","2026-01-11 12:07:33"
7122,2530,190,"fail","2026-01-12 00:43:06","2026-01-25 19:11:52"
7123,2709,56,"success","2026-02-21 17:08:13","2026-02-23 06:34:29"
7124,2967,202,"success","2026-02-12 05:22:07","2026-02-15 02:05:41"
7125,4145,475,"fail","2026-02-13 03:57:06","2026-02-23 16:54:53"
7126,1256,116,"fail","2026-01-02 16:15:51","2026-01-19 03:02:34"
7127,2072,468,"fail","2026-01-19 22:07:09","2026-02-12 12:23:04"
7128,314,420,"success","2026-01-05 12:18:57","2026-01-22 09:43:09"
7129,203,163,"success","2026-01-06 00:16:51","2026-01-25 17:36:12"
7130,5875,247,"success","2026-01-08 21:35:15","2026-02-01 20:12:55"
7131,4517,367,"success","2026-01-30 12:10:55","2026-02-07 04:54:09"
7132,2331,17,"fail","2026-02-11 23:47:28","2026-02-18 23:02:40"
7133,3728,256,"success","2026-01-08 09:10:07","2026-01-29 10:37:10"
7134,46,267,"success","2026-02-25 01:25:38","2026-02-25 03:27:22"
7135,4208,332,"success","2026-02-08 11:28:37","2026-02-19 10:04:33"
7136,1221,332,"success","2026-02-01 20:33:17","2026-02-22 23:46:46"
7137,1724,403,"success","2026-02-10 12:42:44","2026-02-20 18:13:30"
7138,2136,78,"success","2026-02-22 22:03:30","2026-02-23 19:30:10"
7139,1652,61,"success","2026-01-12 00:13:02","2026-02-14 12:46:57"
7140,904,412,"fail","2026-01-03 21:43:12","2026-01-30 18:35:14"
7141,3562,414,"success","2026-02-02 15:55:20","2026-02-06 17:34:01"
7142,1337,181,"fail","2026-01-29 09:35:04","2026-02-05 23:54:14"
7143,199,96,"fail","2026-01-26 22:58:09","2026-02-04 09:00:52"
7144,4281,442,"success","2026-01-13 08:29:22","2026-02-19 03:11:29"
7145,5717,386,"fail","2026-01-08 11:53:38","2026-02-11 03:36:47"
7146,5078,93,"success","2026-02-19 05:22:02","2026-02-20 16:21:46"
7147,1739,320,"fail","2026-01-05 17:16:11","2026-01-11 11:41:47"
7148,3446,310,"success","2026-01-28 13:17:59","2026-02-03 22:40:41"
7149,4381,99,"success","2026-01-29 01:10:08","2026-01-31 23:53:40"
7150,3773,281,"success","2026-01-31 11:41:29","2026-02-22 08:18:14"
7151,5669,141,"fail","2026-01-05 01:58:43","2026-02-20 02:45:28"
7152,2171,205,"success","2026-02-13 18:41:24","2026-02-16 00:12:12"
7153,2306,249,"success","2026-02-18 05:56:59","2026-02-19 05:47:52"
7154,5594,4,"fail","2026-01-11 13:29:36","2026-01-21 12:39:34"
7155,464,329,"success","2026-01-15 15:05:05","2026-02-06 18:16:45"
7156,5818,124,"success","2026-02-24 17:26:42","2026-02-25 09:48:07"
7157,3859,99,"success","2026-02-23 16:38:41","2026-02-23 20:24:53"
7158,2764,96,"success","2026-01-17 18:36:53","2026-02-11 05:29:05"
7159,601,223,"success","2026-02-19 06:29:02","2026-02-19 18:39:22"
7160,2789,318,"fail","2026-02-12 14:05:44","2026-02-12 15:25:33"
7161,280,209,"fail","2026-01-11 12:16:15","2026-01-26 19:42:03"
7162,5026,389,"fail","2026-01-08 14:51:07","2026-01-16 15:13:05"
7163,2926,18,"fail","2026-02-05 20:25:10","2026-02-05 23:35:48"
7164,6,347,"fail","2026-01-06 14:42:53","2026-01-15 11:14:41"
7165,4848,177,"fail","2026-02-19 03:51:48","2026-02-24 12:05:53"
7166,2810,220,"fail","2026-02-23 04:12:11","2026-02-24 17:53:48"
7167,1892,115,"fail","2026-02-02 23:50:30","2026-02-07 22:52:26"
7168,4104,397,"success","2026-01-03 12:22:18","2026-01-30 04:24:46"
7169,3991,324,"fail","2026-01-29 06:30:04","2026-02-20 10:21:25"
7170,1721,94,"fail","2026-02-03 04:16:40","2026-02-11 05:52:44"
7171,5125,146,"success","2026-02-11 04:37:29","2026-02-17 22:08:29"
7172,4468,227,"success","2026-02-02 03:16:51","2026-02-13 07:45:30"
7173,5222,50,"fail","2026-01-21 23:20:50","2026-02-20 18:45:06"
7174,4509,260,"fail","2026-01-11 22:06:56","2026-01-20 18:13:30"
7175,3361,254,"fail","2026-01-26 07:02:47","2026-01-31 12:25:40"
7176,5131,22,"fail","2026-02-20 14:03:39","2026-02-25 02:37:46"
7177,2397,382,"fail","2026-01-05 16:59:06","2026-02-03 10:10:05"
7178,4772,432,"success","2026-01-26 12:42:09","2026-02-02 06:03:15"
7179,1288,257,"fail","2026-01-07 08:59:24","2026-02-02 23:34:26"
7180,5228,20,"fail","2026-01-04 09:18:41","2026-01-19 04:05:40"
7181,5799,477,"fail","2026-01-12 03:56:29","2026-02-13 22:11:35"
7182,4062,79,"success","2026-02-20 19:05:50","2026-02-22 23:14:30"
7183,3712,66,"fail","2026-01-09 19:18:18","2026-01-17 20:55:12"
7184,1017,67,"fail","2026-01-04 19:13:52","2026-01-06 04:39:22"
7185,3095,124,"success","2026-01-15 18:51:10","2026-01-17 04:52:36"
7186,648,294,"fail","2026-01-11 15:20:56","2026-02-23 16:14:35"
7187,1322,13,"fail","2026-02-03 00:41:55","2026-02-07 10:13:10"
7188,4134,466,"fail","2026-01-08 23:00:55","2026-02-07 15:56:25"
7189,2098,254,"fail","2026-01-11 12:51:44","2026-02-08 13:59:13"
7190,5796,451,"fail","2026-01-13 18:44:07","2026-01-19 17:31:14"
7191,3527,54,"fail","2026-02-08 18:03:35","2026-02-15 05:56:11"
7192,4007,297,"success","2026-01-02 15:16:32","2026-02-21 02:30:55"
7193,878,487,"success","2026-02-04 05:55:31","2026-02-10 04:13:40"
7194,5290,455,"success","2026-02-06 05:37:25","2026-02-25 07:02:41"
7195,2078,230,"success","2026-01-10 04:34:15","2026-02-13 07:35:54"
7196,49,327,"success","2026-01-16 13:17:05","2026-01-28 00:09:03"
7197,5783,190,"fail","2026-01-15 13:41:00","2026-01-20 02:04:57"
7198,2230,44,"success","2026-01-29 01:18:19","2026-02-19 19:10:27"
7199,3366,195,"fail","2026-01-13 15:33:15","2026-01-15 02:25:24"
7200,3491,313,"success","2026-01-09 21:13:00","2026-01-22 13:02:42"
7201,5434,493,"success","2026-02-24 16:55:31","2026-02-25 07:47:22"
7202,1902,358,"fail","2026-01-19 09:46:14","2026-01-23 23:42:02"
7203,5357,26,"success","2026-01-30 14:02:15","2026-02-14 17:38:31"
7204,4495,160,"fail","2026-01-03 13:04:05","2026-01-21 06:23:10"
7205,2451,217,"fail","2026-01-08 00:59:39","2026-01-23 03:00:21"
7206,4962,289,"fail","2026-01-04 11:42:27","2026-02-05 21:07:34"
7207,5229,324,"success","2026-01-26 13:14:25","2026-02-20 08:55:48"
7208,2648,376,"fail","2026-02-21 05:43:39","2026-02-24 03:37:56"
7209,1342,464,"success","2026-02-14 16:43:52","2026-02-18 20:08:57"
7210,1641,323,"success","2026-02-01 02:59:45","2026-02-19 06:36:31"
7211,4536,154,"success","2026-01-15 07:29:38","2026-02-11 17:19:46"
7212,4154,408,"fail","2026-01-26 12:31:17","2026-01-28 16:06:01"
7213,5875,401,"success","2026-02-08 18:17:46","2026-02-12 01:21:59"
7214,5820,51,"fail","2026-02-06 00:11:43","2026-02-09 16:47:47"
7215,4609,133,"success","2026-02-07 17:06:45","2026-02-19 08:09:49"
7216,1467,474,"success","2026-01-07 00:00:48","2026-02-09 00:18:54"
7217,293,388,"fail","2026-01-23 06:17:11","2026-02-05 03:41:31"
7218,5029,207,"fail","2026-02-07 02:20:16","2026-02-20 02:16:10"
7219,5238,369,"fail","2026-01-11 03:49:34","2026-01-18 06:33:13"
7220,2251,301,"fail","2026-02-08 02:39:39","2026-02-25 07:59:27"
7221,4394,224,"success","2026-01-04 13:57:00","2026-02-04 22:04:37"
7222,3385,383,"success","2026-02-08 00:52:55","2026-02-16 00:22:03"
7223,5156,364,"success","2026-01-14 07:41:38","2026-01-31 03:28:18"
7224,2176,234,"fail","2026-02-11 22:11:22","2026-02-20 23:11:21"
7225,1926,331,"success","2026-02-17 16:14:39","2026-02-21 19:17:04"
7226,1062,118,"fail","2026-01-08 08:24:17","2026-02-25 04:22:26"
7227,3619,268,"success","2026-02-16 00:47:57","2026-02-22 15:40:09"
7228,5332,139,"success","2026-01-07 12:31:04","2026-01-08 03:30:02"
7229,186,171,"fail","2026-02-09 17:38:07","2026-02-20 16:25:59"
7230,1749,167,"fail","2026-01-09 00:07:22","2026-02-12 14:14:07"
7231,5713,295,"fail","2026-02-03 22:43:50","2026-02-14 22:44:15"
7232,5227,497,"success","2026-01-12 13:21:30","2026-01-26 09:31:47"
7233,3957,461,"success","2026-01-05 13:16:39","2026-01-23 08:44:09"
7234,3698,8,"fail","2026-02-12 18:51:07","2026-02-24 18:14:04"
7235,447,130,"fail","2026-01-24 05:19:57","2026-02-18 00:44:04"
7236,1431,362,"success","2026-02-09 04:23:00","2026-02-12 19:53:56"
7237,189,98,"success","2026-01-03 00:18:15","2026-01-30 11:14:27"
7238,5596,404,"fail","2026-02-04 15:56:35","2026-02-09 12:59:47"
7239,310,307,"fail","2026-01-09 17:19:15","2026-02-23 23:28:29"
7240,2924,310,"fail","2026-02-06 20:37:48","2026-02-15 02:13:04"
7241,5687,466,"success","2026-01-08 09:57:58","2026-02-20 10:07:08"
7242,1369,448,"fail","2026-02-12 09:09:13","2026-02-22 05:01:09"
7243,4512,313,"success","2026-02-23 13:55:13","2026-02-24 01:10:11"
7244,1909,175,"fail","2026-02-05 07:14:51","2026-02-15 07:33:46"
7245,1564,326,"success","2026-02-13 04:45:57","2026-02-13 22:55:33"
7246,3898,330,"success","2026-01-04 20:33:37","2026-02-11 20:42:24"
7247,1945,330,"fail","2026-02-14 02:26:54","2026-02-19 21:25:42"
7248,1570,414,"fail","2026-01-06 10:57:40","2026-02-14 13:12:35"
7249,348,236,"success","2026-01-09 03:02:27","2026-01-10 17:16:13"
7250,1933,24,"success","2026-01-26 00:37:18","2026-02-13 06:29:05"
7251,3752,379,"success","2026-02-08 09:56:55","2026-02-25 07:47:30"
7252,3797,67,"fail","2026-01-27 18:41:44","2026-01-30 12:22:10"
7253,5170,187,"fail","2026-01-31 10:48:12","2026-02-23 01:36:46"
7254,3074,240,"fail","2026-02-25 06:49:59","2026-02-25 06:55:22"
7255,1058,96,"success","2026-01-23 05:45:00","2026-02-08 06:23:15"
7256,2298,198,"fail","2026-02-05 01:55:20","2026-02-20 02:22:57"
7257,2923,292,"success","2026-02-22 16:27:24","2026-02-23 00:57:19"
7258,2132,457,"fail","2026-01-25 16:06:37","2026-02-09 03:41:11"
7259,4334,175,"success","2026-02-20 19:01:29","2026-02-21 08:31:27"
7260,5303,236,"fail","2026-01-23 07:25:54","2026-02-03 16:39:28"
7261,2257,32,"fail","2026-02-18 09:42:59","2026-02-22 19:37:01"
7262,5158,253,"fail","2026-02-23 22:17:51","2026-02-24 06:23:30"
7263,3591,276,"fail","2026-02-03 14:49:41","2026-02-25 01:31:39"
7264,5331,354,"success","2026-01-06 20:10:06","2026-01-28 19:42:29"
7265,4573,364,"fail","2026-01-27 09:06:48","2026-02-18 19:43:59"
7266,1435,52,"success","2026-02-20 02:50:53","2026-02-23 11:05:19"
7267,2646,493,"success","2026-02-16 21:19:53","2026-02-17 14:09:27"
7268,5168,344,"fail","2026-01-29 04:31:24","2026-01-29 06:19:08"
7269,1837,114,"success","2026-01-23 07:57:38","2026-01-28 12:06:12"
7270,5160,155,"fail","2026-01-15 19:55:19","2026-01-28 18:09:59"
7271,1959,399,"fail","2026-01-16 03:23:08","2026-01-30 03:00:21"
7272,5599,408,"fail","2026-01-24 12:51:18","2026-02-19 20:03:29"
7273,3621,69,"fail","2026-02-19 22:49:35","2026-02-21 00:47:03"
7274,4530,454,"success","2026-02-23 06:59:31","2026-02-25 07:41:49"
7275,5860,476,"success","2026-02-03 15:52:26","2026-02-09 20:33:20"
7276,2126,67,"success","2026-02-07 07:31:21","2026-02-22 23:36:37"
7277,138,346,"fail","2026-01-13 21:53:16","2026-01-22 03:19:10"
7278,2427,286,"success","2026-02-16 00:19:12","2026-02-23 14:20:24"
7279,5663,384,"success","2026-01-10 12:22:52","2026-02-12 01:32:40"
7280,4311,495,"success","2026-01-11 19:55:59","2026-01-24 07:54:35"
7281,5623,456,"fail","2026-01-13 08:37:33","2026-02-11 21:56:35"
7282,5109,383,"fail","2026-01-08 13:12:44","2026-01-20 08:46:28"
7283,5153,351,"success","2026-02-14 08:17:08","2026-02-18 15:11:16"
7284,97,439,"success","2026-02-14 17:13:02","2026-02-15 02:41:02"
7285,5830,174,"fail","2026-02-19 23:16:02","2026-02-23 10:27:38"
7286,3,367,"success","2026-01-09 22:46:44","2026-02-22 05:25:26"
7287,2281,203,"fail","2026-01-18 11:23:38","2026-01-23 01:50:50"
7288,3312,374,"fail","2026-02-01 19:12:35","2026-02-15 19:19:41"
7289,855,421,"success","2026-01-26 07:23:06","2026-02-08 19:21:40"
7290,4696,265,"success","2026-02-05 06:53:48","2026-02-21 12:48:08"
7291,5715,332,"success","2026-01-06 19:54:00","2026-01-17 17:50:06"
7292,5561,63,"fail","2026-01-18 08:12:30","2026-02-05 21:34:08"
7293,5443,258,"success","2026-01-14 06:00:33","2026-02-15 01:45:38"
7294,5996,28,"success","2026-02-14 21:59:34","2026-02-16 09:45:33"
7295,1892,497,"success","2026-01-16 04:47:25","2026-01-23 06:26:02"
7296,336,25,"success","2026-01-08 16:12:57","2026-01-21 03:20:05"
7297,5374,196,"success","2026-01-16 10:18:17","2026-02-23 05:42:57"
7298,4376,279,"fail","2026-02-23 09:47:15","2026-02-25 11:55:38"
7299,2489,326,"success","2026-01-26 17:55:47","2026-02-01 17:22:17"
7300,5596,208,"fail","2026-02-22 20:41:39","2026-02-23 23:19:04"
7301,5848,461,"success","2026-01-25 05:00:54","2026-02-15 13:32:15"
7302,4893,496,"fail","2026-02-17 23:47:15","2026-02-22 05:50:40"
7303,4415,403,"success","2026-01-01 01:56:17","2026-01-23 14:38:05"
7304,111,278,"success","2026-02-20 13:10:20","2026-02-20 20:29:01"
7305,2057,251,"fail","2026-02-08 03:40:12","2026-02-15 13:30:27"
7306,2966,279,"success","2026-02-01 18:57:16","2026-02-23 23:18:48"
7307,555,466,"success","2026-02-05 14:17:34","2026-02-22 12:30:23"
7308,5390,464,"fail","2026-01-03 07:30:12","2026-01-10 04:52:56"
7309,4397,7,"success","2026-02-13 15:41:49","2026-02-19 14:58:00"
7310,5485,190,"fail","2026-01-17 18:57:04","2026-01-31 17:53:51"
7311,3864,15,"fail","2026-02-14 01:53:40","2026-02-15 13:10:14"
7312,5731,207,"fail","2026-01-21 15:45:48","2026-02-06 06:50:25"
7313,1369,406,"fail","2026-01-20 11:47:10","2026-02-14 04:37:30"
7314,4644,27,"fail","2026-02-16 04:14:23","2026-02-23 09:52:39"
7315,280,196,"success","2026-01-16 17:48:16","2026-01-16 18:10:06"
7316,2472,153,"success","2026-01-25 09:49:47","2026-02-04 02:09:48"
7317,3458,203,"fail","2026-02-05 16:00:29","2026-02-21 12:13:52"
7318,494,236,"fail","2026-02-08 08:06:46","2026-02-12 06:20:18"
7319,4608,326,"fail","2026-01-23 00:01:05","2026-02-20 08:28:16"
7320,5220,178,"success","2026-02-17 23:27:00","2026-02-22 05:51:17"
7321,2874,485,"success","2026-01-19 06:48:04","2026-02-13 21:03:28"
7322,1750,195,"success","2026-01-30 08:01:18","2026-02-16 23:19:55"
7323,1072,368,"fail","2026-02-17 04:01:39","2026-02-21 10:45:16"
7324,1661,393,"success","2026-01-12 10:49:03","2026-01-30 08:50:44"
7325,3941,66,"fail","2026-02-06 10:33:09","2026-02-11 09:59:33"
7326,1136,27,"success","2026-01-29 11:39:37","2026-02-22 10:46:40"
7327,2139,308,"success","2026-02-06 21:29:13","2026-02-09 17:57:41"
7328,5128,281,"fail","2026-01-28 21:40:31","2026-01-31 22:20:37"
7329,3924,404,"success","2026-02-24 02:31:33","2026-02-24 11:10:10"
7330,5085,467,"success","2026-02-22 16:25:00","2026-02-25 08:35:39"
7331,356,72,"success","2026-01-28 09:48:52","2026-02-10 16:40:19"
7332,4070,360,"fail","2026-01-15 04:55:00","2026-02-21 09:48:21"
7333,320,252,"fail","2026-01-09 04:08:30","2026-02-10 03:09:54"
7334,4430,188,"success","2026-02-20 00:15:36","2026-02-20 07:24:52"
7335,3758,45,"success","2026-01-14 11:53:03","2026-01-19 03:16:47"
7336,1763,92,"fail","2026-02-12 16:02:51","2026-02-19 12:45:53"
7337,2431,197,"fail","2026-01-06 02:53:04","2026-01-15 06:00:24"
7338,2470,15,"fail","2026-01-20 01:35:51","2026-02-19 17:07:16"
7339,4179,169,"success","2026-01-02 11:46:27","2026-01-18 09:15:08"
7340,5424,199,"fail","2026-01-01 06:45:51","2026-02-06 15:23:38"
7341,4960,367,"fail","2026-02-02 02:15:34","2026-02-18 03:46:00"
7342,5607,247,"success","2026-01-02 06:21:03","2026-01-20 00:08:44"
7343,2674,150,"fail","2026-02-01 00:19:38","2026-02-20 10:59:24"
7344,3102,378,"fail","2026-01-02 23:04:27","2026-01-24 18:41:58"
7345,4031,361,"success","2026-02-18 18:12:11","2026-02-19 18:10:25"
7346,5924,374,"fail","2026-01-30 14:35:41","2026-02-22 10:52:17"
7347,4320,390,"fail","2026-02-02 21:00:35","2026-02-22 06:28:17"
7348,803,60,"success","2026-01-18 18:24:34","2026-01-24 23:31:06"
7349,289,461,"fail","2026-02-16 19:40:27","2026-02-22 00:18:43"
7350,3288,168,"success","2026-02-05 23:50:24","2026-02-18 17:03:28"
7351,5544,289,"success","2026-01-03 15:50:05","2026-02-20 11:06:21"
7352,4873,37,"success","2026-02-04 14:28:55","2026-02-08 14:17:52"
7353,609,368,"fail","2026-02-23 16:07:58","2026-02-24 20:22:12"
7354,2834,471,"success","2026-02-20 05:49:20","2026-02-25 03:04:37"
7355,594,467,"fail","2026-01-03 21:46:20","2026-02-23 03:15:45"
7356,2310,212,"success","2026-01-03 09:37:44","2026-01-05 18:34:32"
7357,1898,377,"success","2026-01-13 01:10:05","2026-02-01 06:59:19"
7358,4379,147,"success","2026-02-17 15:52:24","2026-02-21 13:25:41"
7359,2893,493,"success","2026-02-10 05:48:31","2026-02-24 06:27:08"
7360,1046,185,"fail","2026-02-07 21:43:57","2026-02-22 22:35:17"
7361,142,322,"fail","2026-01-09 22:21:11","2026-01-15 01:40:33"
7362,3110,20,"success","2026-01-03 10:57:07","2026-01-24 21:40:26"
7363,3674,5,"success","2026-01-30 01:02:26","2026-02-11 17:57:33"
7364,2158,67,"fail","2026-02-22 07:59:55","2026-02-22 23:37:31"
7365,5328,363,"fail","2026-02-01 10:08:25","2026-02-04 21:36:21"
7366,5420,126,"fail","2026-01-05 04:33:08","2026-01-13 06:03:23"
7367,5585,476,"fail","2026-02-06 14:25:12","2026-02-14 11:04:49"
7368,3765,412,"success","2026-02-14 15:34:28","2026-02-20 23:52:14"
7369,5421,154,"success","2026-01-20 12:04:08","2026-02-13 03:35:02"
7370,4922,324,"success","2026-02-08 11:47:00","2026-02-11 02:38:59"
7371,1859,225,"success","2026-01-26 05:11:35","2026-02-22 09:26:47"
7372,4420,69,"success","2026-01-17 02:02:49","2026-01-30 17:40:07"
7373,2865,89,"success","2026-01-04 18:02:56","2026-01-27 01:35:20"
7374,566,470,"fail","2026-01-09 21:34:06","2026-02-04 01:07:15"
7375,1974,205,"success","2026-01-05 18:16:33","2026-01-31 23:04:17"
7376,4078,243,"fail","2026-01-07 10:35:46","2026-02-13 18:50:21"
7377,102,370,"fail","2026-01-06 12:41:56","2026-02-05 22:14:51"
7378,4473,442,"fail","2026-01-17 10:51:16","2026-02-19 17:52:08"
7379,637,165,"fail","2026-01-27 14:04:28","2026-02-02 01:44:36"
7380,2899,100,"fail","2026-02-06 16:34:43","2026-02-20 07:15:12"
7381,2843,229,"fail","2026-01-08 00:21:31","2026-02-02 02:58:20"
7382,137,294,"fail","2026-02-07 12:38:10","2026-02-15 21:11:15"
7383,681,28,"success","2026-02-09 05:19:07","2026-02-22 09:19:52"
7384,858,57,"fail","2026-02-13 03:39:08","2026-02-18 08:35:13"
7385,3468,171,"success","2026-01-06 00:04:54","2026-01-29 08:24:52"
7386,3540,465,"fail","2026-01-24 19:45:50","2026-02-11 17:43:23"
7387,2594,423,"fail","2026-01-03 04:25:33","2026-02-15 16:41:59"
7388,1258,118,"success","2026-02-05 14:12:18","2026-02-24 11:17:41"
7389,147,435,"success","2026-01-25 11:53:37","2026-01-25 14:45:47"
7390,4295,291,"success","2026-01-29 07:03:29","2026-02-11 19:32:01"
7391,1489,76,"fail","2026-01-25 19:13:07","2026-01-28 14:29:28"
7392,4620,176,"success","2026-02-10 10:49:45","2026-02-24 16:03:14"
7393,1878,410,"success","2026-02-12 21:47:50","2026-02-19 23:24:12"
7394,1211,194,"success","2026-01-07 04:05:51","2026-01-28 12:45:15"
7395,2759,284,"success","2026-02-10 17:41:51","2026-02-16 14:43:52"
7396,4450,263,"success","2026-02-06 23:53:39","2026-02-22 02:51:57"
7397,3156,21,"fail","2026-02-20 06:48:09","2026-02-24 22:21:29"
7398,2087,89,"fail","2026-01-31 14:12:30","2026-02-16 04:29:18"
7399,5454,141,"fail","2026-02-10 20:25:04","2026-02-17 13:58:28"
7400,1854,107,"success","2026-02-04 18:56:49","2026-02-13 20:28:14"
7401,2088,308,"success","2026-01-29 19:44:30","2026-02-15 11:04:39"
7402,4875,287,"success","2026-01-29 18:59:13","2026-02-09 20:34:15"
7403,2342,67,"success","2026-01-03 17:30:50","2026-02-06 01:05:57"
7404,4179,46,"success","2026-01-14 04:43:52","2026-01-26 07:47:51"
7405,3887,117,"success","2026-01-09 05:02:12","2026-01-15 03:38:51"
7406,3891,338,"fail","2026-01-05 11:36:45","2026-02-12 20:34:59"
7407,5768,350,"fail","2026-01-22 02:30:17","2026-02-25 10:58:00"
7408,1932,375,"success","2026-02-05 01:24:43","2026-02-09 03:38:35"
7409,1320,302,"fail","2026-01-10 02:33:14","2026-01-30 06:30:10"
7410,3076,352,"fail","2026-01-04 04:20:32","2026-02-09 21:26:23"
7411,4539,256,"fail","2026-02-18 10:56:42","2026-02-23 08:28:31"
7412,5617,195,"success","2026-01-02 12:01:28","2026-02-21 22:14:05"
7413,1351,465,"fail","2026-02-09 18:32:49","2026-02-18 14:19:06"
7414,1272,478,"fail","2026-02-20 02:57:43","2026-02-20 10:46:26"
7415,593,172,"fail","2026-02-10 02:07:01","2026-02-20 17:43:45"
7416,1793,442,"success","2026-02-06 18:57:54","2026-02-16 16:51:58"
7417,4401,85,"success","2026-01-05 17:05:14","2026-02-24 15:06:34"
7418,2702,324,"fail","2026-02-01 12:02:24","2026-02-16 06:57:52"
7419,3221,419,"success","2026-02-07 20:33:19","2026-02-16 17:35:44"
7420,5594,480,"fail","2026-02-04 01:59:55","2026-02-11 21:42:32"
7421,3968,206,"success","2026-01-05 20:42:41","2026-01-06 11:18:40"
7422,2054,478,"fail","2026-01-20 16:00:45","2026-02-19 20:53:27"
7423,4571,459,"fail","2026-02-09 05:03:12","2026-02-14 16:23:39"
7424,479,344,"fail","2026-01-29 12:16:02","2026-02-11 17:04:54"
7425,3331,292,"fail","2026-01-22 13:43:22","2026-02-15 18:01:40"
7426,5171,342,"fail","2026-01-17 00:42:31","2026-02-18 00:24:24"
7427,3851,153,"success","2026-02-13 18:17:18","2026-02-14 09:15:51"
7428,5238,82,"fail","2026-01-25 01:02:51","2026-02-06 12:07:32"
7429,1262,391,"success","2026-01-05 23:44:58","2026-01-07 22:24:37"
7430,4610,345,"fail","2026-02-12 22:55:29","2026-02-17 08:13:02"
7431,3290,325,"success","2026-02-11 19:13:09","2026-02-12 19:37:10"
7432,2043,122,"success","2026-01-05 14:26:57","2026-01-19 01:04:39"
7433,831,444,"success","2026-02-06 15:39:41","2026-02-20 01:38:29"
7434,5979,223,"fail","2026-01-04 04:56:45","2026-01-19 06:10:29"
7435,558,225,"success","2026-01-30 01:48:12","2026-01-31 09:21:34"
7436,5966,231,"fail","2026-01-20 09:35:13","2026-02-02 08:03:44"
7437,3733,467,"fail","2026-01-03 11:41:35","2026-01-29 23:42:38"
7438,1901,123,"fail","2026-01-13 02:17:48","2026-02-25 02:17:17"
7439,4916,19,"fail","2026-01-03 04:00:04","2026-01-23 15:06:42"
7440,2320,122,"success","2026-01-29 20:38:37","2026-02-01 22:04:22"
7441,3706,136,"success","2026-02-18 08:00:50","2026-02-19 17:03:55"
7442,2166,26,"success","2026-01-30 21:35:28","2026-02-23 18:41:37"
7443,286,278,"fail","2026-02-12 19:33:16","2026-02-23 05:44:23"
7444,3047,205,"fail","2026-01-30 07:13:06","2026-02-02 20:45:16"
7445,1410,443,"fail","2026-02-12 16:30:30","2026-02-22 05:36:10"
7446,881,220,"success","2026-01-17 15:33:43","2026-01-27 12:05:39"
7447,3131,10,"success","2026-02-22 22:05:12","2026-02-23 05:00:20"
7448,2081,169,"success","2026-01-13 18:11:05","2026-01-23 06:38:07"
7449,553,396,"success","2026-02-17 21:29:35","2026-02-20 01:55:32"
7450,5435,73,"success","2026-01-03 18:07:16","2026-02-19 11:01:20"
7451,2815,275,"success","2026-02-12 07:42:12","2026-02-16 05:59:32"
7452,1192,169,"success","2026-01-06 04:17:43","2026-02-04 06:17:34"
7453,648,329,"success","2026-01-12 12:20:05","2026-01-18 05:37:24"
7454,850,375,"success","2026-01-22 12:36:14","2026-02-04 18:20:23"
7455,4569,240,"success","2026-01-26 21:45:44","2026-02-19 02:44:48"
7456,4003,455,"fail","2026-02-01 14:13:01","2026-02-16 17:20:57"
7457,4336,25,"fail","2026-01-19 02:05:58","2026-02-22 19:21:36"
7458,73,115,"success","2026-02-04 14:57:54","2026-02-24 06:44:53"
7459,3394,410,"success","2026-02-22 20:46:29","2026-02-24 06:43:11"
7460,3037,103,"success","2026-01-26 04:51:41","2026-01-29 01:49:17"
7461,1569,390,"fail","2026-01-24 23:35:25","2026-01-31 04:57:54"
7462,2610,173,"fail","2026-01-18 15:20:07","2026-02-24 13:30:23"
7463,3501,366,"fail","2026-01-05 21:30:58","2026-01-27 15:45:34"
7464,2877,204,"success","2026-01-18 03:38:44","2026-01-31 16:49:01"
7465,4013,409,"fail","2026-02-17 17:56:30","2026-02-19 19:05:27"
7466,612,61,"success","2026-02-21 08:12:00","2026-02-21 17:31:09"
7467,3570,356,"success","2026-01-25 13:20:57","2026-01-30 18:48:15"
7468,28,199,"success","2026-02-21 15:19:00","2026-02-24 19:58:51"
7469,4634,390,"fail","2026-01-09 06:33:17","2026-02-21 07:59:17"
7470,3998,406,"fail","2026-02-24 03:36:46","2026-02-25 09:08:12"
7471,1289,10,"fail","2026-02-06 12:23:02","2026-02-22 14:17:35"
7472,3483,139,"success","2026-01-31 19:16:44","2026-02-11 15:49:29"
7473,4195,176,"success","2026-02-04 11:08:34","2026-02-17 21:36:15"
7474,2669,422,"fail","2026-02-08 12:03:26","2026-02-08 19:08:17"
7475,4195,121,"success","2026-01-21 05:34:33","2026-02-11 06:20:27"
7476,5202,270,"success","2026-01-31 07:35:43","2026-02-19 20:34:50"
7477,1179,395,"success","2026-01-03 20:08:04","2026-02-16 14:23:04"
7478,2089,16,"success","2026-01-15 21:03:06","2026-01-20 21:27:25"
7479,3756,122,"success","2026-02-17 02:56:00","2026-02-19 06:35:08"
7480,4288,282,"success","2026-01-25 09:39:45","2026-02-14 20:28:45"
7481,279,350,"success","2026-01-03 18:34:59","2026-02-15 06:53:11"
7482,4982,348,"fail","2026-02-07 10:48:03","2026-02-23 20:12:06"
7483,5687,191,"fail","2026-02-01 12:54:24","2026-02-18 03:15:10"
7484,591,286,"fail","2026-02-20 06:23:40","2026-02-21 00:16:59"
7485,1654,420,"fail","2026-01-23 01:27:56","2026-01-26 09:45:00"
7486,1727,17,"success","2026-02-16 07:34:58","2026-02-23 02:13:43"
7487,276,298,"fail","2026-01-13 23:27:51","2026-01-16 05:02:03"
7488,5150,495,"success","2026-01-20 11:44:20","2026-01-21 17:14:38"
7489,2001,304,"fail","2026-01-23 05:11:17","2026-02-14 01:45:29"
7490,48,449,"fail","2026-02-18 23:11:46","2026-02-22 16:46:50"
7491,3761,164,"fail","2026-01-30 16:57:42","2026-02-14 11:40:12"
7492,1420,74,"fail","2026-02-06 01:14:30","2026-02-16 12:05:20"
7493,1590,413,"fail","2026-01-07 21:32:33","2026-02-24 18:00:21"
7494,2750,458,"success","2026-02-10 13:36:26","2026-02-21 10:29:14"
7495,4609,111,"success","2026-01-08 14:24:13","2026-01-24 08:00:55"
7496,172,111,"fail","2026-02-10 08:37:58","2026-02-14 12:28:56"
7497,3543,54,"success","2026-02-20 08:31:53","2026-02-23 04:56:20"
7498,2266,250,"fail","2026-02-17 14:58:55","2026-02-20 23:37:27"
7499,1261,48,"success","2026-01-09 22:56:35","2026-01-19 15:54:05"
7500,4803,373,"fail","2026-02-17 06:38:40","2026-02-23 05:35:01"
7501,636,38,"success","2026-01-27 10:29:27","2026-02-02 11:32:36"
7502,190,186,"success","2026-01-11 08:15:55","2026-02-13 19:03:53"
7503,2892,151,"success","2026-01-26 01:57:22","2026-02-05 01:39:02"
7504,2388,430,"success","2026-02-13 23:01:27","2026-02-17 09:15:54"
7505,3562,252,"fail","2026-02-02 01:27:44","2026-02-15 03:29:52"
7506,3174,439,"fail","2026-02-12 05:51:49","2026-02-25 03:26:17"
7507,96,282,"fail","2026-01-25 13:56:31","2026-02-14 14:14:01"
7508,5597,461,"fail","2026-01-05 13:33:26","2026-02-23 07:41:19"
7509,1960,477,"fail","2026-02-02 22:35:38","2026-02-10 09:49:04"
7510,773,92,"fail","2026-01-31 22:42:32","2026-02-08 08:56:30"
7511,1423,125,"success","2026-02-20 00:58:43","2026-02-24 12:40:57"
7512,2055,292,"fail","2026-02-04 07:22:44","2026-02-12 03:45:18"
7513,5061,101,"fail","2026-01-02 17:25:27","2026-01-31 10:42:20"
7514,1285,369,"success","2026-02-18 15:22:56","2026-02-18 17:07:53"
7515,1757,315,"fail","2026-01-02 02:16:51","2026-01-24 07:46:27"
7516,5685,46,"success","2026-02-23 03:30:22","2026-02-25 05:11:42"
7517,3522,400,"fail","2026-01-21 21:35:03","2026-02-01 11:07:48"
7518,1139,376,"fail","2026-01-22 03:29:50","2026-02-23 07:24:24"
7519,3219,232,"fail","2026-01-26 16:23:11","2026-02-13 19:24:15"
7520,1992,261,"fail","2026-02-14 20:56:08","2026-02-19 13:43:22"
7521,3353,299,"fail","2026-01-23 20:04:35","2026-01-25 20:59:32"
7522,4028,59,"fail","2026-01-22 00:17:19","2026-02-21 22:26:43"
7523,3663,394,"fail","2026-02-22 06:47:00","2026-02-25 04:28:35"
7524,1183,179,"success","2026-01-01 00:00:45","2026-01-20 22:54:24"
7525,4993,111,"success","2026-01-08 18:35:39","2026-02-05 03:00:38"
7526,2735,202,"fail","2026-02-05 10:05:55","2026-02-20 07:11:49"
7527,5677,278,"fail","2026-01-15 08:41:29","2026-02-09 08:17:36"
7528,180,189,"success","2026-02-05 20:57:54","2026-02-21 23:37:47"
7529,1463,315,"success","2026-01-02 02:18:34","2026-02-12 17:45:02"
7530,5021,337,"fail","2026-01-27 12:39:48","2026-02-03 00:44:11"
7531,1562,186,"success","2026-01-13 01:35:01","2026-01-22 23:13:48"
7532,4239,75,"success","2026-01-26 11:57:08","2026-01-26 12:55:38"
7533,2534,184,"success","2026-02-23 13:48:10","2026-02-24 08:22:35"
7534,4700,166,"fail","2026-01-03 16:15:40","2026-01-04 17:57:20"
7535,1413,88,"fail","2026-02-22 09:24:15","2026-02-24 18:16:24"
7536,2840,405,"success","2026-02-18 13:02:08","2026-02-19 08:03:58"
7537,4183,459,"success","2026-01-12 08:47:02","2026-02-12 06:49:04"
7538,3276,17,"fail","2026-02-18 16:34:38","2026-02-19 21:04:09"
7539,1301,201,"success","2026-02-10 20:09:43","2026-02-19 05:14:33"
7540,4165,198,"success","2026-01-09 07:13:00","2026-02-23 19:14:01"
7541,565,104,"fail","2026-02-10 04:50:46","2026-02-23 00:51:13"
7542,1379,391,"success","2026-02-09 20:11:21","2026-02-12 18:44:56"
7543,755,372,"fail","2026-01-06 11:51:10","2026-02-10 05:16:59"
7544,597,5,"fail","2026-01-02 09:04:53","2026-02-24 10:39:35"
7545,5198,433,"fail","2026-02-04 13:47:13","2026-02-09 20:46:12"
7546,5811,322,"fail","2026-01-23 13:09:57","2026-02-03 08:40:29"
7547,3200,464,"fail","2026-01-11 07:01:00","2026-02-10 11:58:23"
7548,2674,419,"success","2026-01-30 22:27:38","2026-02-09 11:52:34"
7549,3861,441,"success","2026-02-14 12:37:31","2026-02-23 22:45:14"
7550,397,112,"fail","2026-01-03 04:15:51","2026-02-03 01:13:03"
7551,5510,251,"success","2026-02-11 20:17:18","2026-02-22 08:26:49"
7552,2420,138,"success","2026-01-19 03:04:09","2026-01-23 04:52:51"
7553,5116,315,"success","2026-02-24 15:56:56","2026-02-25 09:37:03"
7554,3560,59,"success","2026-02-09 23:57:58","2026-02-25 11:54:04"
7555,5664,264,"success","2026-02-11 12:27:33","2026-02-17 14:58:42"
7556,3935,391,"fail","2026-01-02 18:39:29","2026-02-02 21:48:08"
7557,2370,27,"success","2026-01-16 16:18:17","2026-02-02 22:32:07"
7558,1438,194,"success","2026-01-08 15:11:45","2026-01-26 06:08:26"
7559,5507,473,"fail","2026-01-03 11:21:31","2026-02-07 21:39:51"
7560,5789,90,"success","2026-01-28 20:25:23","2026-02-01 02:06:54"
7561,4510,353,"success","2026-01-18 07:55:10","2026-02-15 04:59:03"
7562,5983,150,"fail","2026-01-23 16:53:30","2026-02-08 06:43:34"
7563,1978,161,"fail","2026-02-21 07:57:36","2026-02-25 04:27:14"
7564,3289,439,"fail","2026-01-24 22:59:25","2026-02-06 13:35:07"
7565,931,290,"success","2026-01-20 00:33:32","2026-02-19 01:35:49"
7566,1832,249,"success","2026-01-04 13:55:19","2026-02-04 15:23:49"
7567,2313,222,"success","2026-01-08 14:06:25","2026-01-11 15:52:40"
7568,2177,349,"fail","2026-02-18 13:58:25","2026-02-19 14:10:12"
7569,4264,327,"fail","2026-02-12 07:44:41","2026-02-23 08:25:14"
7570,5257,346,"fail","2026-02-01 17:41:24","2026-02-08 16:13:06"
7571,2863,179,"fail","2026-02-04 11:10:20","2026-02-16 00:49:44"
7572,2841,162,"fail","2026-01-13 02:40:28","2026-02-23 12:34:24"
7573,2587,260,"fail","2026-01-15 02:41:10","2026-02-03 02:38:25"
7574,5643,377,"fail","2026-02-11 19:29:24","2026-02-16 06:42:00"
7575,1176,299,"success","2026-02-17 14:09:12","2026-02-23 18:02:33"
7576,1393,130,"success","2026-02-08 08:32:19","2026-02-13 02:52:11"
7577,666,202,"success","2026-02-02 19:07:09","2026-02-03 21:00:15"
7578,5795,414,"fail","2026-01-23 23:41:56","2026-02-02 14:55:43"
7579,78,160,"fail","2026-02-10 21:28:07","2026-02-24 09:46:49"
7580,558,387,"success","2026-01-27 21:39:30","2026-02-13 01:55:39"
7581,5949,49,"fail","2026-01-29 14:36:24","2026-02-13 09:28:07"
7582,585,203,"success","2026-02-10 14:24:21","2026-02-13 06:24:09"
7583,4117,259,"success","2026-01-24 23:08:13","2026-02-10 00:56:39"
7584,5729,408,"success","2026-02-14 09:40:43","2026-02-22 03:59:28"
7585,5251,412,"fail","2026-02-06 07:35:31","2026-02-21 13:07:44"
7586,5380,352,"success","2026-01-23 07:43:34","2026-02-11 09:29:22"
7587,5022,60,"fail","2026-01-16 04:33:13","2026-02-06 07:24:42"
7588,2923,203,"fail","2026-01-22 08:45:19","2026-02-08 08:27:25"
7589,460,348,"fail","2026-02-04 10:04:00","2026-02-13 20:10:46"
7590,3146,17,"fail","2026-01-07 04:51:15","2026-01-07 05:23:32"
7591,538,422,"success","2026-01-31 17:55:32","2026-02-12 07:15:35"
7592,3130,473,"fail","2026-01-04 08:22:36","2026-02-01 21:45:59"
7593,4142,385,"success","2026-02-20 02:06:44","2026-02-21 18:00:32"
7594,954,267,"success","2026-02-15 10:59:13","2026-02-16 05:00:04"
7595,5945,210,"fail","2026-01-16 19:53:17","2026-01-25 08:33:31"
7596,2449,38,"success","2026-02-04 18:17:08","2026-02-08 22:38:16"
7597,692,260,"success","2026-01-13 01:59:22","2026-01-31 05:00:40"
7598,4617,234,"success","2026-02-07 14:41:15","2026-02-21 11:02:00"
7599,3347,77,"success","2026-02-14 00:25:07","2026-02-15 07:56:58"
7600,4048,252,"fail","2026-01-26 15:44:45","2026-02-06 20:49:42"
7601,1823,472,"success","2026-02-05 18:35:45","2026-02-20 03:31:52"
7602,5826,51,"success","2026-01-23 15:04:05","2026-02-24 18:56:14"
7603,5555,381,"fail","2026-02-12 08:22:01","2026-02-24 16:06:53"
7604,4737,310,"fail","2026-02-10 10:38:15","2026-02-20 12:58:45"
7605,3897,483,"fail","2026-02-12 17:58:47","2026-02-13 00:17:48"
7606,3844,299,"fail","2026-01-09 20:37:21","2026-02-24 06:29:25"
7607,5078,41,"fail","2026-01-02 11:40:08","2026-01-17 00:57:18"
7608,3523,321,"fail","2026-02-22 04:24:16","2026-02-24 10:17:54"
7609,5496,62,"fail","2026-01-28 11:08:11","2026-02-16 08:34:27"
7610,4773,463,"success","2026-01-25 01:20:00","2026-02-11 19:40:36"
7611,1130,476,"success","2026-02-17 22:27:59","2026-02-20 06:32:23"
7612,4374,379,"success","2026-02-19 10:46:33","2026-02-21 14:49:11"
7613,4631,22,"success","2026-02-23 21:25:26","2026-02-25 00:51:43"
7614,2993,346,"success","2026-02-04 19:45:13","2026-02-25 06:12:08"
7615,3508,177,"success","2026-02-12 11:51:16","2026-02-15 21:47:18"
7616,3870,136,"success","2026-02-04 07:05:23","2026-02-07 18:11:59"
7617,5336,218,"success","2026-02-09 08:04:59","2026-02-23 01:44:34"
7618,705,333,"success","2026-02-16 06:07:52","2026-02-16 13:14:56"
7619,3789,233,"fail","2026-02-02 04:24:24","2026-02-15 22:52:11"
7620,4459,148,"success","2026-01-16 01:23:00","2026-01-23 13:09:31"
7621,1136,17,"fail","2026-01-30 15:12:53","2026-02-09 03:44:15"
7622,2635,461,"success","2026-02-24 08:26:07","2026-02-24 19:13:57"
7623,2196,92,"success","2026-02-04 03:29:53","2026-02-06 23:02:14"
7624,4741,335,"fail","2026-01-06 16:54:07","2026-01-14 07:58:34"
7625,3591,489,"fail","2026-01-05 09:59:09","2026-01-22 06:59:09"
7626,241,491,"fail","2026-02-24 03:06:47","2026-02-24 20:16:50"
7627,1404,215,"fail","2026-01-08 07:05:42","2026-01-15 13:37:23"
7628,4548,124,"fail","2026-01-15 16:53:40","2026-02-03 22:54:07"
7629,2858,365,"success","2026-02-11 11:08:46","2026-02-13 12:12:02"
7630,215,264,"fail","2026-02-09 15:08:06","2026-02-20 06:57:13"
7631,2325,196,"fail","2026-02-03 07:10:28","2026-02-21 03:07:02"
7632,4471,90,"success","2026-01-07 10:25:46","2026-02-16 10:47:16"
7633,5125,54,"fail","2026-02-07 18:11:49","2026-02-22 18:11:24"
7634,5616,161,"success","2026-01-19 18:45:47","2026-02-04 12:54:09"
7635,1004,106,"fail","2026-02-16 19:46:44","2026-02-22 05:15:02"
7636,4467,35,"success","2026-01-23 15:20:02","2026-02-22 01:43:41"
7637,4056,73,"fail","2026-02-12 19:36:07","2026-02-18 19:13:56"
7638,2714,422,"success","2026-01-10 03:29:59","2026-02-18 15:47:33"
7639,1216,78,"fail","2026-02-24 20:56:56","2026-02-25 04:56:46"
7640,4141,109,"success","2026-01-14 02:37:04","2026-02-02 13:23:51"
7641,5778,164,"success","2026-02-02 02:35:58","2026-02-05 11:14:54"
7642,5705,63,"fail","2026-02-07 16:02:58","2026-02-10 10:09:53"
7643,1589,280,"fail","2026-01-17 06:04:16","2026-02-25 11:23:39"
7644,5515,110,"fail","2026-01-09 05:47:03","2026-01-27 15:26:53"
7645,4250,210,"fail","2026-02-24 07:03:29","2026-02-25 01:47:02"
7646,5151,200,"fail","2026-01-03 06:34:42","2026-01-14 19:02:45"
7647,1825,96,"success","2026-01-06 11:57:50","2026-02-03 10:28:53"
7648,5302,14,"success","2026-01-11 09:48:44","2026-01-28 06:05:53"
7649,3565,155,"success","2026-02-03 20:51:58","2026-02-14 13:09:25"
7650,2277,252,"fail","2026-02-07 17:27:15","2026-02-24 18:48:13"
7651,4460,211,"fail","2026-01-14 05:18:07","2026-01-16 17:15:55"
7652,610,159,"success","2026-02-03 10:28:53","2026-02-15 17:14:50"
7653,4114,462,"success","2026-01-30 14:36:22","2026-02-20 18:00:28"
7654,2744,398,"success","2026-02-19 15:28:09","2026-02-25 00:34:06"
7655,1028,374,"success","2026-02-12 03:40:37","2026-02-17 12:26:53"
7656,4580,474,"fail","2026-02-15 15:15:37","2026-02-16 22:13:46"
7657,590,211,"success","2026-01-26 17:41:47","2026-02-04 03:55:23"
7658,5905,405,"success","2026-01-05 05:09:39","2026-01-18 08:46:51"
7659,2186,330,"success","2026-02-17 19:48:17","2026-02-23 21:21:38"
7660,2675,205,"success","2026-01-11 02:36:41","2026-01-18 22:03:57"
7661,5689,58,"success","2026-02-22 10:11:12","2026-02-23 13:07:24"
7662,2402,131,"fail","2026-01-05 10:32:36","2026-01-25 17:22:56"
7663,4120,308,"success","2026-01-10 07:30:40","2026-02-16 14:31:23"
7664,3818,395,"fail","2026-01-16 01:35:42","2026-02-19 01:16:46"
7665,1765,255,"success","2026-02-11 16:15:47","2026-02-17 08:33:07"
7666,1689,46,"success","2026-02-02 00:42:08","2026-02-24 01:52:58"
7667,1991,273,"fail","2026-01-06 04:50:02","2026-01-16 10:27:41"
7668,2163,118,"fail","2026-01-26 23:54:02","2026-01-30 01:45:53"
7669,4628,284,"success","2026-02-16 03:55:12","2026-02-24 14:12:41"
7670,3948,150,"success","2026-01-01 02:31:41","2026-02-09 20:45:13"
7671,2620,241,"fail","2026-02-14 17:00:48","2026-02-19 19:34:22"
7672,1487,372,"fail","2026-02-04 07:20:42","2026-02-19 00:56:00"
7673,1682,193,"success","2026-02-22 06:28:29","2026-02-24 02:37:26"
7674,391,40,"fail","2026-01-18 11:08:47","2026-02-21 10:48:03"
7675,2166,137,"fail","2026-02-16 02:50:17","2026-02-16 06:37:49"
7676,5981,233,"fail","2026-01-30 04:56:33","2026-02-23 15:49:37"
7677,1482,454,"fail","2026-02-14 02:34:59","2026-02-17 15:47:41"
7678,4990,301,"success","2026-02-10 11:53:06","2026-02-25 08:37:05"
7679,143,497,"fail","2026-01-23 15:25:51","2026-02-23 00:51:45"
7680,3452,67,"fail","2026-01-17 04:57:42","2026-02-08 19:29:46"
7681,3314,121,"fail","2026-01-09 02:47:27","2026-01-21 20:31:43"
7682,5247,127,"success","2026-02-16 14:08:38","2026-02-19 00:17:04"
7683,1294,386,"fail","2026-02-23 02:46:26","2026-02-23 23:08:04"
7684,2623,443,"success","2026-01-15 09:04:36","2026-01-27 22:36:02"
7685,5627,296,"fail","2026-01-03 13:24:05","2026-02-05 05:12:35"
7686,2957,142,"success","2026-01-25 07:44:51","2026-01-29 18:04:44"
7687,1716,395,"fail","2026-02-14 23:57:00","2026-02-24 11:45:31"
7688,514,214,"success","2026-01-22 02:21:02","2026-02-12 00:46:32"
7689,1956,148,"fail","2026-01-23 00:37:04","2026-02-10 19:42:56"
7690,4461,308,"fail","2026-01-02 08:06:20","2026-02-19 15:08:55"
7691,1234,271,"fail","2026-01-30 17:54:23","2026-02-22 03:48:50"
7692,4829,438,"fail","2026-02-15 22:19:19","2026-02-24 19:52:28"
7693,2562,221,"success","2026-01-15 22:37:21","2026-02-24 05:52:15"
7694,2432,389,"fail","2026-01-13 08:13:57","2026-01-30 05:43:38"
7695,816,273,"success","2026-01-05 13:35:21","2026-01-17 08:10:25"
7696,5751,205,"success","2026-02-13 23:38:25","2026-02-25 09:22:06"
7697,5227,152,"fail","2026-02-03 09:25:39","2026-02-25 11:28:59"
7698,2927,174,"success","2026-02-01 02:48:38","2026-02-03 20:43:12"
7699,3827,215,"fail","2026-01-16 17:27:20","2026-01-23 15:58:53"
7700,5852,90,"success","2026-01-22 13:32:56","2026-02-14 14:46:27"
7701,2198,192,"success","2026-02-16 11:09:34","2026-02-22 21:37:31"
7702,793,185,"success","2026-02-16 02:45:44","2026-02-17 05:20:52"
7703,1442,475,"fail","2026-01-14 05:11:20","2026-02-19 01:30:52"
7704,4096,255,"success","2026-01-22 11:13:40","2026-02-02 10:58:39"
7705,4461,67,"success","2026-02-16 03:57:45","2026-02-20 20:08:20"
7706,3081,203,"fail","2026-01-30 09:23:49","2026-02-21 08:33:31"
7707,4746,401,"fail","2026-01-07 13:08:28","2026-01-17 23:48:30"
7708,3763,279,"fail","2026-01-25 14:51:24","2026-02-02 17:36:23"
7709,323,298,"success","2026-02-16 01:19:57","2026-02-24 00:34:56"
7710,1701,79,"success","2026-02-09 11:52:32","2026-02-21 08:14:27"
7711,2915,464,"fail","2026-02-21 18:59:04","2026-02-23 09:36:43"
7712,2815,258,"success","2026-01-05 14:54:03","2026-01-23 18:05:59"
7713,2195,137,"success","2026-01-29 14:07:18","2026-02-06 09:29:43"
7714,69,312,"success","2026-01-01 08:59:27","2026-02-06 11:15:44"
7715,2227,67,"fail","2026-01-26 11:20:53","2026-01-29 00:46:58"
7716,3741,400,"fail","2026-01-28 07:48:50","2026-02-02 20:28:31"
7717,3266,165,"fail","2026-02-07 23:16:43","2026-02-13 02:49:06"
7718,510,392,"fail","2026-02-20 23:41:06","2026-02-22 23:53:00"
7719,2980,201,"fail","2026-01-18 20:43:40","2026-01-21 05:45:45"
7720,534,5,"fail","2026-01-27 03:26:49","2026-01-27 08:06:34"
7721,4096,228,"success","2026-02-16 09:25:57","2026-02-23 08:16:22"
7722,3914,498,"success","2026-02-05 05:49:48","2026-02-11 08:41:39"
7723,5822,216,"fail","2026-02-22 03:43:31","2026-02-23 00:16:33"
7724,4159,323,"fail","2026-02-12 11:17:44","2026-02-21 06:57:51"
7725,3572,212,"success","2026-01-12 13:03:51","2026-02-02 08:52:53"
7726,1514,247,"fail","2026-01-18 01:12:50","2026-01-19 12:58:41"
7727,2298,444,"success","2026-01-26 06:08:01","2026-02-22 07:16:30"
7728,5846,154,"success","2026-02-12 14:53:53","2026-02-16 21:38:54"
7729,4616,280,"success","2026-02-22 05:57:04","2026-02-25 02:29:27"
7730,4782,91,"success","2026-01-04 10:55:25","2026-02-18 13:43:57"
7731,1767,258,"success","2026-01-10 23:56:36","2026-01-24 03:24:41"
7732,2501,346,"fail","2026-01-25 05:30:26","2026-02-12 09:10:02"
7733,994,351,"success","2026-01-27 18:11:35","2026-01-28 18:43:57"
7734,1790,467,"success","2026-02-05 23:05:43","2026-02-18 17:38:39"
7735,1210,30,"fail","2026-02-20 11:53:39","2026-02-23 04:38:15"
7736,866,468,"fail","2026-02-16 12:46:31","2026-02-21 01:45:06"
7737,4919,429,"fail","2026-01-11 05:58:24","2026-01-23 12:41:47"
7738,5694,77,"fail","2026-02-14 02:11:24","2026-02-20 04:02:22"
7739,6,185,"fail","2026-01-16 01:27:58","2026-01-23 04:30:29"
7740,248,329,"success","2026-02-04 11:36:49","2026-02-10 18:52:48"
7741,3414,391,"success","2026-02-19 15:24:49","2026-02-22 01:19:38"
7742,3154,161,"fail","2026-01-19 07:53:19","2026-02-07 14:03:15"
7743,3435,249,"success","2026-02-02 10:38:09","2026-02-02 20:12:43"
7744,1083,115,"success","2026-02-21 19:45:29","2026-02-24 22:53:57"
7745,4189,293,"success","2026-01-21 11:05:29","2026-02-16 06:06:51"
7746,2617,102,"success","2026-02-16 01:03:21","2026-02-17 03:52:58"
7747,3592,439,"success","2026-02-04 17:14:31","2026-02-22 12:15:56"
7748,5763,299,"fail","2026-02-19 20:48:18","2026-02-24 02:38:57"
7749,807,387,"success","2026-02-17 17:33:56","2026-02-20 18:36:14"
7750,5444,253,"success","2026-01-04 16:22:17","2026-02-13 23:21:51"
7751,70,407,"success","2026-02-06 22:42:41","2026-02-12 17:36:56"
7752,107,101,"fail","2026-02-13 15:44:11","2026-02-21 22:34:14"
7753,2591,8,"success","2026-02-08 18:33:33","2026-02-13 00:16:27"
7754,748,413,"fail","2026-01-09 16:26:34","2026-01-17 13:49:44"
7755,3789,196,"fail","2026-01-18 22:13:05","2026-02-16 01:07:38"
7756,3275,196,"fail","2026-02-23 09:37:20","2026-02-24 21:26:29"
7757,3830,426,"success","2026-01-03 17:31:22","2026-02-23 11:08:07"
7758,5402,45,"fail","2026-02-19 20:18:18","2026-02-22 14:34:01"
7759,3059,311,"success","2026-01-21 18:05:58","2026-02-12 12:44:42"
7760,5581,340,"fail","2026-01-28 16:27:15","2026-02-23 22:43:23"
7761,2189,9,"fail","2026-01-03 19:46:47","2026-01-13 18:38:50"
7762,5749,208,"fail","2026-01-15 10:20:40","2026-02-15 08:01:34"
7763,4777,485,"success","2026-02-20 12:04:26","2026-02-23 18:22:09"
7764,4716,469,"success","2026-02-09 23:19:54","2026-02-20 04:48:18"
7765,2763,199,"success","2026-02-09 08:14:10","2026-02-16 23:02:37"
7766,3466,25,"success","2026-02-01 01:21:55","2026-02-07 00:22:38"
7767,291,93,"success","2026-02-24 15:49:24","2026-02-24 21:44:09"
7768,3530,126,"fail","2026-02-08 00:56:06","2026-02-18 12:50:27"
7769,5266,495,"fail","2026-01-16 03:54:38","2026-02-10 09:17:54"
7770,2883,14,"success","2026-01-03 07:59:28","2026-01-16 11:41:39"
7771,3898,348,"fail","2026-01-09 15:00:12","2026-01-11 12:09:39"
7772,1679,240,"fail","2026-02-09 04:04:20","2026-02-11 04:34:27"
7773,2725,257,"success","2026-02-14 12:13:52","2026-02-16 22:24:23"
7774,5793,313,"fail","2026-02-07 04:55:48","2026-02-22 13:18:43"
7775,1772,433,"fail","2026-01-03 15:47:01","2026-02-06 05:41:22"
7776,4734,434,"fail","2026-01-25 21:55:05","2026-02-04 00:42:38"
7777,3834,483,"fail","2026-01-18 23:34:45","2026-02-20 16:26:45"
7778,1921,392,"success","2026-02-17 22:01:37","2026-02-24 14:50:24"
7779,4538,25,"fail","2026-02-10 16:07:04","2026-02-13 10:57:53"
7780,3921,316,"success","2026-02-13 07:26:27","2026-02-25 07:44:06"
7781,4371,287,"fail","2026-02-19 13:32:32","2026-02-22 01:06:34"
7782,2052,409,"fail","2026-01-05 16:38:45","2026-01-27 03:39:54"
7783,375,302,"success","2026-01-17 05:37:23","2026-02-23 14:15:54"
7784,2539,18,"fail","2026-01-29 12:25:24","2026-02-22 18:32:05"
7785,4044,363,"fail","2026-02-18 15:18:46","2026-02-21 16:41:59"
7786,450,497,"fail","2026-02-16 04:00:02","2026-02-17 10:24:38"
7787,5917,268,"fail","2026-02-08 13:46:40","2026-02-19 02:59:01"
7788,1580,98,"success","2026-02-23 19:33:46","2026-02-24 16:57:54"
7789,2273,220,"fail","2026-01-28 02:38:48","2026-02-21 16:33:30"
7790,1480,110,"fail","2026-02-12 06:16:54","2026-02-13 00:28:35"
7791,1245,213,"fail","2026-01-06 15:54:52","2026-02-19 21:10:00"
7792,1563,35,"success","2026-02-17 11:36:16","2026-02-23 09:27:14"
7793,2194,218,"fail","2026-02-13 06:38:02","2026-02-16 12:28:05"
7794,438,485,"fail","2026-02-20 11:44:17","2026-02-23 15:01:57"
7795,723,479,"fail","2026-02-22 01:54:48","2026-02-23 05:48:12"
7796,966,137,"fail","2026-01-22 05:33:30","2026-02-08 10:47:50"
7797,3123,49,"success","2026-01-11 07:27:20","2026-02-19 05:17:21"
7798,3427,156,"success","2026-01-11 23:27:55","2026-01-13 01:54:52"
7799,2165,372,"fail","2026-02-19 06:33:54","2026-02-20 14:29:36"
7800,3657,298,"success","2026-01-27 03:35:28","2026-02-22 10:08:21"
7801,3306,465,"fail","2026-02-19 15:00:54","2026-02-20 22:39:58"
7802,4988,74,"success","2026-02-10 09:42:21","2026-02-24 04:21:19"
7803,2921,266,"success","2026-01-24 21:56:03","2026-02-09 06:56:46"
7804,1595,111,"fail","2026-01-25 14:33:38","2026-02-21 10:32:32"
7805,3640,203,"fail","2026-01-21 01:48:56","2026-02-24 12:04:44"
7806,739,160,"fail","2026-01-19 20:02:16","2026-02-21 02:17:37"
7807,3374,263,"success","2026-02-02 16:02:45","2026-02-15 21:42:53"
7808,2894,30,"fail","2026-02-02 17:51:17","2026-02-09 07:58:49"
7809,23,312,"fail","2026-02-13 00:55:17","2026-02-15 01:22:54"
7810,2733,279,"fail","2026-01-24 13:40:52","2026-02-05 10:51:06"
7811,5546,406,"fail","2026-01-09 09:12:43","2026-02-24 19:50:20"
7812,550,125,"success","2026-02-24 22:57:28","2026-02-25 07:55:56"
7813,5185,407,"fail","2026-02-07 03:38:45","2026-02-13 14:55:35"
7814,2644,102,"success","2026-01-01 23:07:42","2026-02-17 08:06:56"
7815,1721,397,"fail","2026-01-20 05:58:55","2026-01-28 07:11:52"
7816,1457,195,"fail","2026-01-11 17:42:00","2026-02-21 13:13:15"
7817,1600,344,"fail","2026-02-02 15:09:39","2026-02-23 02:02:45"
7818,3657,187,"fail","2026-01-22 12:24:43","2026-02-09 01:36:21"
7819,2669,2,"fail","2026-02-06 09:02:36","2026-02-08 20:01:50"
7820,5667,163,"fail","2026-02-15 20:46:28","2026-02-22 17:45:41"
7821,2807,303,"fail","2026-02-01 15:08:37","2026-02-20 10:34:42"
7822,3155,198,"fail","2026-01-18 03:21:30","2026-01-24 07:37:56"
7823,4202,144,"success","2026-02-15 09:11:29","2026-02-17 06:10:38"
7824,3123,376,"fail","2026-01-15 22:17:36","2026-01-21 12:31:52"
7825,345,271,"fail","2026-02-14 19:09:25","2026-02-17 16:44:39"
7826,5888,463,"fail","2026-02-13 14:47:27","2026-02-17 01:22:27"
7827,1825,403,"fail","2026-02-20 19:48:10","2026-02-23 14:00:42"
7828,1948,5,"fail","2026-02-22 01:42:28","2026-02-25 02:37:33"
7829,1233,177,"success","2026-02-22 00:34:13","2026-02-22 07:07:18"
7830,1372,183,"success","2026-02-02 13:07:03","2026-02-07 23:44:09"
7831,4519,158,"success","2026-01-28 11:30:58","2026-02-17 09:35:41"
7832,366,276,"fail","2026-02-01 10:18:01","2026-02-10 08:11:10"
7833,4805,53,"success","2026-02-20 19:35:36","2026-02-22 06:55:03"
7834,2065,491,"fail","2026-02-01 23:08:10","2026-02-04 03:56:11"
7835,3558,344,"success","2026-01-24 21:45:35","2026-02-18 02:58:21"
7836,1659,408,"fail","2026-02-13 20:13:38","2026-02-24 15:28:56"
7837,1212,262,"fail","2026-02-16 22:40:27","2026-02-25 09:57:16"
7838,2453,455,"success","2026-01-16 16:10:47","2026-02-24 01:31:50"
7839,4466,318,"success","2026-02-13 10:23:20","2026-02-19 14:25:05"
7840,1596,396,"success","2026-01-09 15:46:47","2026-02-08 15:30:08"
7841,1289,459,"fail","2026-01-22 21:50:17","2026-02-03 07:41:31"
7842,5777,467,"success","2026-02-18 03:02:12","2026-02-22 06:47:19"
7843,1264,17,"success","2026-02-08 14:39:12","2026-02-15 17:41:13"
7844,749,422,"success","2026-01-06 06:06:55","2026-02-17 06:56:00"
7845,5288,222,"fail","2026-01-01 20:58:26","2026-02-19 08:36:25"
7846,740,477,"success","2026-02-24 22:41:37","2026-02-25 05:14:32"
7847,3952,482,"fail","2026-01-20 03:30:51","2026-01-30 00:06:55"
7848,364,411,"fail","2026-02-13 05:31:43","2026-02-19 16:44:58"
7849,3948,291,"fail","2026-02-16 10:09:53","2026-02-20 01:59:09"
7850,5339,188,"fail","2026-02-04 04:10:13","2026-02-05 17:29:41"
7851,4725,427,"success","2026-01-13 16:13:45","2026-02-05 13:49:52"
7852,5193,387,"fail","2026-01-12 06:36:52","2026-02-23 12:54:44"
7853,2706,189,"success","2026-02-18 21:58:39","2026-02-22 02:20:30"
7854,4984,468,"success","2026-02-15 11:46:24","2026-02-18 10:23:53"
7855,981,290,"fail","2026-01-11 11:33:58","2026-02-18 12:36:53"
7856,3396,7,"fail","2026-01-20 09:39:17","2026-01-26 19:26:56"
7857,1796,281,"success","2026-02-25 06:50:37","2026-02-25 11:12:04"
7858,5767,283,"fail","2026-01-29 09:24:51","2026-02-19 14:34:54"
7859,5479,242,"success","2026-01-14 20:18:42","2026-02-06 15:07:20"
7860,5009,357,"success","2026-01-18 17:42:39","2026-01-21 16:53:54"
7861,1917,37,"fail","2026-01-10 11:55:30","2026-01-16 16:57:30"
7862,30,160,"fail","2026-02-17 20:20:56","2026-02-24 20:30:02"
7863,2018,369,"success","2026-01-28 16:58:06","2026-02-08 11:41:31"
7864,3928,325,"success","2026-01-23 01:31:24","2026-01-26 14:45:35"
7865,3329,174,"fail","2026-01-15 01:53:52","2026-02-10 20:01:23"
7866,37,177,"success","2026-02-15 12:26:38","2026-02-20 19:17:41"
7867,3983,331,"fail","2026-01-12 05:33:16","2026-02-09 02:57:39"
7868,5011,315,"success","2026-02-02 20:54:28","2026-02-25 03:29:32"
7869,5812,446,"success","2026-01-31 16:54:42","2026-02-13 20:27:29"
7870,2012,306,"fail","2026-01-02 18:39:50","2026-01-29 10:23:04"
7871,2981,47,"success","2026-01-31 01:25:01","2026-01-31 09:34:11"
7872,5406,212,"success","2026-02-01 17:55:29","2026-02-08 04:49:21"
7873,3329,367,"success","2026-02-10 05:38:26","2026-02-13 02:24:12"
7874,5206,55,"success","2026-01-08 20:22:11","2026-02-22 03:37:42"
7875,2762,358,"success","2026-01-30 04:09:02","2026-02-23 10:51:54"
7876,4119,479,"fail","2026-01-30 07:46:32","2026-02-20 07:24:16"
7877,1141,112,"success","2026-02-03 14:05:00","2026-02-15 00:16:44"
7878,4987,150,"success","2026-01-18 06:02:12","2026-02-13 04:37:33"
7879,5861,412,"fail","2026-02-21 12:36:12","2026-02-24 02:43:51"
7880,3865,206,"fail","2026-02-11 04:37:31","2026-02-25 07:43:33"
7881,4382,126,"success","2026-01-04 03:44:22","2026-02-16 20:14:06"
7882,4539,284,"fail","2026-01-20 05:46:37","2026-02-14 09:50:49"
7883,5576,12,"success","2026-02-19 15:32:34","2026-02-21 20:31:34"
7884,5067,148,"success","2026-02-14 19:38:42","2026-02-25 04:06:22"
7885,804,28,"success","2026-02-25 02:23:28","2026-02-25 10:11:37"
7886,2637,127,"fail","2026-02-17 01:10:39","2026-02-19 20:48:40"
7887,3959,188,"fail","2026-01-16 11:59:45","2026-01-25 03:21:19"
7888,2223,428,"success","2026-02-22 07:14:29","2026-02-22 23:05:31"
7889,1156,94,"fail","2026-02-16 22:35:12","2026-02-18 16:41:36"
7890,1201,121,"fail","2026-01-05 13:16:14","2026-01-24 06:04:29"
7891,5183,140,"success","2026-02-09 16:42:00","2026-02-12 20:55:14"
7892,5666,382,"fail","2026-01-10 04:34:37","2026-02-13 21:41:41"
7893,3547,410,"success","2026-01-09 10:15:35","2026-01-18 01:43:09"
7894,1055,178,"fail","2026-02-03 10:09:41","2026-02-13 08:49:23"
7895,2188,480,"fail","2026-01-04 06:41:19","2026-02-05 17:45:19"
7896,2408,58,"success","2026-02-25 05:45:43","2026-02-25 11:27:01"
7897,4342,16,"fail","2026-02-07 20:25:32","2026-02-16 02:56:37"
7898,4845,62,"success","2026-02-08 04:27:46","2026-02-16 13:08:29"
7899,530,294,"fail","2026-02-23 11:53:35","2026-02-23 17:48:44"
7900,2211,34,"success","2026-02-10 08:31:58","2026-02-17 14:17:31"
7901,2146,68,"fail","2026-01-20 18:23:17","2026-02-20 05:43:13"
7902,3217,145,"success","2026-02-03 12:24:06","2026-02-20 17:33:01"
7903,1007,361,"success","2026-01-17 04:46:30","2026-02-14 12:22:00"
7904,940,345,"success","2026-01-04 12:05:46","2026-01-27 13:33:55"
7905,3817,338,"fail","2026-02-08 06:54:36","2026-02-15 05:47:38"
7906,3985,297,"fail","2026-01-02 05:55:32","2026-02-07 22:16:52"
7907,2666,491,"fail","2026-01-08 10:34:12","2026-02-07 20:16:33"
7908,138,179,"success","2026-01-05 14:45:21","2026-02-22 00:14:43"
7909,4962,127,"success","2026-02-18 10:23:29","2026-02-24 23:06:29"
7910,4096,389,"fail","2026-02-11 09:33:43","2026-02-11 20:44:33"
7911,2577,434,"fail","2026-01-13 11:00:08","2026-02-24 14:09:42"
7912,5729,17,"fail","2026-01-16 11:57:42","2026-02-24 18:22:00"
7913,3855,75,"fail","2026-01-15 07:50:35","2026-02-15 06:07:06"
7914,5779,198,"success","2026-01-17 09:50:01","2026-02-17 00:34:50"
7915,5056,413,"fail","2026-01-16 12:39:27","2026-02-01 16:43:58"
7916,2812,29,"success","2026-01-09 04:17:09","2026-01-28 02:31:52"
7917,1317,297,"fail","2026-01-18 02:21:10","2026-02-15 17:23:11"
7918,675,409,"success","2026-01-28 14:46:59","2026-02-07 12:53:50"
7919,5671,183,"fail","2026-01-11 09:52:51","2026-01-21 11:51:18"
7920,2971,187,"success","2026-01-29 06:40:38","2026-02-23 04:17:05"
7921,1551,466,"fail","2026-01-04 04:13:32","2026-01-15 02:54:00"
7922,3987,408,"fail","2026-02-06 05:24:32","2026-02-25 08:53:55"
7923,329,85,"success","2026-02-03 20:47:40","2026-02-04 00:23:56"
7924,1800,297,"fail","2026-01-11 20:13:11","2026-01-23 11:30:33"
7925,2048,178,"success","2026-02-02 06:56:04","2026-02-16 01:07:47"
7926,1446,271,"success","2026-01-12 09:07:41","2026-02-13 20:56:33"
7927,1095,28,"success","2026-01-06 01:36:15","2026-02-05 06:01:47"
7928,4202,282,"fail","2026-02-20 12:17:42","2026-02-25 08:50:59"
7929,4025,209,"success","2026-01-01 05:50:24","2026-01-12 10:21:13"
7930,3353,341,"success","2026-02-11 21:34:40","2026-02-20 11:44:37"
7931,5913,236,"fail","2026-01-14 16:45:45","2026-01-30 16:01:57"
7932,5549,211,"fail","2026-01-28 01:22:22","2026-02-10 12:37:25"
7933,3088,466,"success","2026-02-11 23:23:15","2026-02-20 21:50:28"
7934,2870,21,"fail","2026-01-05 13:23:17","2026-02-04 12:21:52"
7935,3903,50,"fail","2026-01-07 05:54:52","2026-01-27 04:18:51"
7936,3023,411,"fail","2026-01-14 02:04:00","2026-01-17 04:01:04"
7937,3878,492,"fail","2026-01-25 23:45:37","2026-02-05 16:42:41"
7938,2326,181,"success","2026-02-22 13:18:16","2026-02-24 05:06:22"
7939,2734,7,"fail","2026-02-19 05:20:31","2026-02-19 23:08:46"
7940,4602,490,"fail","2026-02-23 14:15:35","2026-02-24 13:57:48"
7941,975,111,"success","2026-01-05 12:16:00","2026-01-28 17:54:02"
7942,4969,55,"fail","2026-02-03 01:03:03","2026-02-20 16:25:37"
7943,3333,43,"success","2026-01-29 05:48:06","2026-02-19 11:06:21"
7944,4717,414,"fail","2026-01-13 13:51:58","2026-02-17 11:35:18"
7945,3781,286,"success","2026-01-21 14:27:37","2026-02-22 07:00:32"
7946,1523,315,"success","2026-02-02 03:32:16","2026-02-18 03:05:42"
7947,1439,260,"fail","2026-02-13 15:55:08","2026-02-24 00:46:14"
7948,4062,137,"success","2026-01-22 23:41:10","2026-01-23 10:04:12"
7949,359,465,"fail","2026-01-20 18:52:04","2026-02-02 03:33:38"
7950,4656,226,"fail","2026-01-21 21:31:42","2026-02-13 11:17:17"
7951,128,296,"success","2026-01-15 21:01:48","2026-01-23 23:33:23"
7952,1666,112,"fail","2026-01-30 23:24:57","2026-02-09 09:32:46"
7953,4430,165,"success","2026-01-28 23:27:56","2026-02-24 04:57:05"
7954,1363,341,"fail","2026-02-08 06:06:48","2026-02-10 08:54:06"
7955,2193,39,"success","2026-02-10 10:51:26","2026-02-13 09:52:24"
7956,2970,203,"fail","2026-02-20 21:49:05","2026-02-23 11:38:16"
7957,1560,268,"success","2026-02-10 22:49:57","2026-02-20 14:33:36"
7958,1811,227,"fail","2026-02-11 01:45:21","2026-02-22 08:36:39"
7959,2498,139,"fail","2026-01-17 01:40:47","2026-02-25 01:31:22"
7960,3479,143,"fail","2026-02-02 11:55:57","2026-02-17 06:37:10"
7961,5680,484,"fail","2026-02-25 07:19:26","2026-02-25 10:38:53"
7962,3065,13,"success","2026-02-16 11:24:01","2026-02-23 09:07:16"
7963,4654,125,"success","2026-01-07 04:54:22","2026-01-26 22:20:11"
7964,1941,157,"fail","2026-02-14 22:41:58","2026-02-21 19:56:40"
7965,3261,76,"fail","2026-01-19 23:03:18","2026-01-29 13:40:12"
7966,2416,409,"fail","2026-01-20 20:22:21","2026-01-20 23:49:51"
7967,5578,26,"fail","2026-02-18 23:35:17","2026-02-20 01:22:26"
7968,1328,387,"success","2026-02-20 15:33:44","2026-02-25 09:25:52"
7969,137,332,"success","2026-01-30 21:03:24","2026-02-16 19:52:58"
7970,3656,323,"fail","2026-02-07 04:06:57","2026-02-19 11:58:56"
7971,4199,36,"success","2026-02-15 07:12:58","2026-02-19 22:34:17"
7972,815,184,"success","2026-01-14 21:33:53","2026-02-01 04:46:43"
7973,3520,8,"success","2026-01-29 14:36:32","2026-02-15 13:56:54"
7974,1360,490,"success","2026-02-15 16:02:54","2026-02-15 23:06:50"
7975,2362,283,"fail","2026-01-22 00:05:38","2026-02-10 12:08:00"
7976,3571,432,"success","2026-01-20 10:03:01","2026-02-24 18:32:13"
7977,3489,247,"fail","2026-01-21 14:23:20","2026-01-23 00:34:50"
7978,5168,143,"fail","2026-01-22 18:01:07","2026-02-04 08:37:07"
7979,2763,283,"fail","2026-01-28 06:27:11","2026-02-04 20:02:28"
7980,2115,328,"success","2026-01-30 13:19:13","2026-02-08 22:21:44"
7981,2059,45,"fail","2026-02-19 18:08:32","2026-02-23 10:37:41"
7982,1141,356,"success","2026-01-02 06:55:42","2026-02-05 20:44:44"
7983,2182,172,"fail","2026-01-09 03:17:19","2026-02-08 16:44:28"
7984,1840,366,"success","2026-02-03 05:23:02","2026-02-13 21:46:00"
7985,4204,497,"success","2026-01-02 17:27:24","2026-02-21 02:01:12"
7986,785,351,"success","2026-01-19 16:16:23","2026-01-21 12:32:00"
7987,2589,473,"success","2026-01-22 05:20:56","2026-02-23 12:40:31"
7988,60,25,"success","2026-01-01 00:17:22","2026-01-07 21:38:50"
7989,3667,404,"success","2026-02-19 13:15:23","2026-02-21 08:09:34"
7990,2746,197,"success","2026-02-19 01:36:07","2026-02-25 10:48:07"
7991,2946,210,"success","2026-01-21 21:16:34","2026-02-11 20:19:47"
7992,1584,83,"fail","2026-02-09 03:12:58","2026-02-14 04:34:14"
7993,5293,413,"fail","2026-02-01 19:48:12","2026-02-19 00:15:49"
7994,4639,147,"fail","2026-01-24 11:10:44","2026-02-24 17:31:20"
7995,1631,184,"fail","2026-02-16 06:59:15","2026-02-23 08:46:11"
7996,731,326,"fail","2026-01-20 01:01:45","2026-02-17 23:17:23"
7997,1886,324,"success","2026-02-18 00:02:58","2026-02-23 16:13:38"
7998,5108,74,"success","2026-01-22 06:49:11","2026-01-26 03:15:06"
7999,1159,170,"fail","2026-01-09 14:07:49","2026-02-11 15:38:49"
8000,3124,14,"success","2026-01-09 17:15:54","2026-02-10 07:02:42"
8001,17,389,"fail","2026-01-27 07:10:10","2026-01-30 22:01:18"
8002,3601,273,"fail","2026-02-14 12:57:31","2026-02-17 01:56:15"
8003,1099,384,"success","2026-01-12 11:52:00","2026-02-14 09:35:25"
8004,1720,233,"success","2026-02-13 05:23:09","2026-02-21 13:50:20"
8005,126,339,"success","2026-01-05 02:49:48","2026-02-01 13:51:48"
8006,2058,250,"success","2026-01-21 13:21:07","2026-02-07 10:59:17"
8007,598,427,"fail","2026-02-01 11:20:37","2026-02-20 22:54:15"
8008,219,193,"fail","2026-01-02 14:05:38","2026-01-07 19:05:47"
8009,1330,304,"success","2026-01-09 09:13:35","2026-01-27 12:55:18"
8010,3953,461,"success","2026-01-03 11:45:19","2026-01-21 00:42:42"
8011,3564,7,"success","2026-01-27 12:24:12","2026-02-09 02:56:10"
8012,2621,430,"success","2026-02-24 18:11:08","2026-02-24 18:35:00"
8013,3755,297,"fail","2026-01-28 10:50:08","2026-02-08 16:46:00"
8014,431,488,"fail","2026-01-26 10:00:01","2026-02-18 05:04:48"
8015,3487,85,"success","2026-01-03 18:44:20","2026-02-15 11:31:48"
8016,5730,64,"success","2026-01-08 19:13:49","2026-02-09 08:49:59"
8017,5468,273,"fail","2026-02-06 16:35:29","2026-02-16 10:49:34"
8018,4961,176,"fail","2026-02-06 02:05:50","2026-02-19 05:04:40"
8019,4668,332,"success","2026-02-20 00:38:43","2026-02-20 15:19:57"
8020,1135,280,"success","2026-01-09 08:43:19","2026-01-21 02:03:15"
8021,1979,3,"fail","2026-02-20 06:17:04","2026-02-24 20:36:27"
8022,2470,175,"success","2026-01-12 00:39:15","2026-01-27 14:51:31"
8023,581,122,"fail","2026-01-23 18:28:53","2026-02-24 11:32:28"
8024,479,81,"fail","2026-02-01 16:12:28","2026-02-18 19:47:36"
8025,4616,68,"fail","2026-01-22 15:26:08","2026-02-19 01:33:22"
8026,5652,27,"success","2026-02-20 04:46:59","2026-02-23 08:04:18"
8027,4189,355,"fail","2026-01-03 09:44:48","2026-01-17 02:50:51"
8028,3548,216,"fail","2026-02-10 18:37:50","2026-02-17 04:15:26"
8029,3730,286,"fail","2026-02-06 19:40:03","2026-02-10 19:44:24"
8030,3056,415,"success","2026-01-01 10:14:18","2026-02-10 22:04:02"
8031,1953,286,"success","2026-02-05 03:20:14","2026-02-09 13:32:44"
8032,2365,58,"success","2026-01-13 23:06:13","2026-02-23 12:47:04"
8033,268,468,"fail","2026-01-22 08:24:10","2026-01-24 07:52:06"
8034,1676,428,"success","2026-01-26 09:38:36","2026-02-06 08:02:03"
8035,2226,357,"success","2026-01-25 03:35:11","2026-02-03 18:42:20"
8036,3227,412,"success","2026-02-06 23:24:12","2026-02-09 03:12:13"
8037,2016,267,"success","2026-02-02 04:32:06","2026-02-09 16:18:34"
8038,4488,399,"fail","2026-01-16 23:32:37","2026-02-17 13:22:16"
8039,1949,478,"fail","2026-01-10 05:27:04","2026-02-15 20:24:44"
8040,4043,289,"success","2026-01-05 21:21:54","2026-01-26 05:24:31"
8041,4887,146,"fail","2026-01-14 18:47:39","2026-01-31 19:28:55"
8042,2822,143,"fail","2026-01-13 19:50:51","2026-02-17 13:29:07"
8043,5605,233,"fail","2026-01-10 05:32:14","2026-01-30 05:30:19"
8044,5495,280,"success","2026-02-22 13:23:26","2026-02-24 21:11:01"
8045,2677,317,"success","2026-01-25 16:27:52","2026-02-25 03:16:04"
8046,1572,144,"fail","2026-01-14 23:18:24","2026-02-14 16:26:34"
8047,1946,457,"success","2026-02-03 04:27:20","2026-02-06 05:20:45"
8048,5190,270,"success","2026-01-04 17:53:15","2026-02-05 07:44:57"
8049,2381,10,"fail","2026-02-25 09:19:52","2026-02-25 09:58:43"
8050,3390,129,"success","2026-01-18 06:34:01","2026-02-20 19:43:32"
8051,762,433,"success","2026-01-23 06:32:32","2026-01-31 07:35:42"
8052,1308,489,"fail","2026-01-09 23:02:32","2026-02-10 22:00:17"
8053,618,372,"fail","2026-01-06 15:53:46","2026-01-11 06:41:08"
8054,3354,302,"success","2026-02-04 14:49:22","2026-02-13 06:01:10"
8055,3465,131,"fail","2026-01-11 05:43:30","2026-02-07 18:55:38"
8056,5966,360,"fail","2026-02-11 19:03:59","2026-02-12 09:53:09"
8057,4488,359,"fail","2026-01-27 00:32:19","2026-02-23 14:42:45"
8058,4863,297,"success","2026-01-02 11:07:45","2026-02-03 00:49:56"
8059,1784,233,"success","2026-02-16 19:39:31","2026-02-17 20:45:09"
8060,257,117,"fail","2026-01-07 14:22:52","2026-01-18 19:01:26"
8061,924,233,"fail","2026-02-09 03:13:27","2026-02-18 22:00:59"
8062,5535,399,"success","2026-02-21 21:54:06","2026-02-22 20:23:12"
8063,5898,451,"fail","2026-01-30 15:31:17","2026-02-11 17:15:22"
8064,1979,81,"fail","2026-01-11 22:55:24","2026-01-23 15:33:26"
8065,5316,99,"success","2026-01-27 23:08:48","2026-02-11 13:35:55"
8066,4734,391,"fail","2026-01-08 15:07:29","2026-02-18 15:43:01"
8067,2261,347,"fail","2026-02-21 21:16:03","2026-02-22 14:43:06"
8068,292,410,"success","2026-01-08 10:22:06","2026-01-30 00:35:50"
8069,1648,429,"fail","2026-01-23 12:08:52","2026-02-06 13:08:29"
8070,4081,437,"fail","2026-01-22 22:11:59","2026-01-29 04:27:42"
8071,4983,363,"success","2026-01-19 03:25:32","2026-02-02 19:40:42"
8072,3563,5,"success","2026-01-29 01:37:39","2026-02-01 06:46:49"
8073,5748,262,"success","2026-01-29 19:28:26","2026-02-13 09:44:40"
8074,5999,389,"success","2026-01-10 10:56:39","2026-02-12 07:54:29"
8075,2445,461,"fail","2026-02-04 10:07:58","2026-02-21 11:47:56"
8076,3084,220,"success","2026-01-27 15:34:20","2026-02-19 05:38:19"
8077,498,245,"success","2026-02-16 12:05:50","2026-02-21 01:40:49"
8078,4817,171,"fail","2026-01-26 14:10:25","2026-01-29 18:29:17"
8079,4356,347,"fail","2026-02-24 21:10:02","2026-02-25 04:10:56"
8080,5880,152,"fail","2026-02-05 11:14:06","2026-02-21 00:35:21"
8081,3414,339,"fail","2026-02-04 22:03:33","2026-02-12 12:37:11"
8082,3990,160,"success","2026-02-05 18:32:41","2026-02-13 20:18:07"
8083,3681,354,"success","2026-01-24 21:06:47","2026-02-14 19:12:33"
8084,3779,95,"success","2026-02-12 03:59:25","2026-02-16 04:38:16"
8085,2210,160,"fail","2026-01-31 04:50:13","2026-02-17 13:40:47"
8086,3016,375,"success","2026-01-28 23:32:26","2026-02-04 18:36:24"
8087,2956,326,"fail","2026-01-19 17:00:09","2026-01-27 18:33:50"
8088,5503,104,"fail","2026-02-17 12:28:33","2026-02-19 16:08:33"
8089,5789,394,"fail","2026-02-24 19:41:43","2026-02-25 00:47:35"
8090,4603,379,"fail","2026-02-24 01:48:29","2026-02-25 07:21:36"
8091,2496,60,"success","2026-01-18 05:45:47","2026-02-05 13:15:15"
8092,5346,41,"success","2026-01-08 20:26:48","2026-01-14 19:23:54"
8093,4900,410,"fail","2026-01-16 17:07:58","2026-01-21 15:09:25"
8094,2962,177,"fail","2026-01-07 19:59:21","2026-01-12 15:23:34"
8095,1817,130,"success","2026-01-24 20:12:21","2026-02-23 23:50:32"
8096,5261,340,"success","2026-02-07 07:49:08","2026-02-07 20:38:11"
8097,5922,482,"fail","2026-02-19 08:38:44","2026-02-21 23:20:44"
8098,3152,274,"fail","2026-01-21 19:25:08","2026-02-01 18:41:24"
8099,1870,398,"fail","2026-01-26 03:00:18","2026-02-23 05:35:10"
8100,503,229,"fail","2026-02-08 04:18:18","2026-02-19 23:07:08"
8101,5088,367,"success","2026-01-31 07:05:18","2026-02-17 16:05:19"
8102,5550,436,"fail","2026-02-02 20:00:45","2026-02-11 09:12:51"
8103,1464,368,"success","2026-01-27 02:32:04","2026-02-24 21:22:52"
8104,4363,460,"fail","2026-02-18 07:09:29","2026-02-19 07:00:06"
8105,2695,131,"success","2026-01-24 04:04:39","2026-02-22 19:41:54"
8106,3985,141,"fail","2026-02-16 17:18:28","2026-02-25 02:48:12"
8107,4693,167,"fail","2026-01-02 08:54:07","2026-02-17 12:41:17"
8108,224,145,"success","2026-01-04 04:51:49","2026-02-13 00:54:59"
8109,1011,364,"fail","2026-01-06 06:52:04","2026-01-18 20:43:58"
8110,2994,237,"success","2026-02-06 10:20:50","2026-02-16 22:27:49"
8111,617,440,"success","2026-02-07 02:01:14","2026-02-20 11:10:34"
8112,3733,322,"fail","2026-02-15 11:28:06","2026-02-16 20:24:06"
8113,5408,467,"fail","2026-01-13 07:01:35","2026-02-06 22:26:40"
8114,289,163,"success","2026-02-23 00:29:41","2026-02-25 03:02:39"
8115,2560,23,"success","2026-01-25 12:39:36","2026-01-31 06:33:13"
8116,978,38,"success","2026-01-12 05:01:21","2026-01-18 05:14:53"
8117,5161,76,"success","2026-01-05 09:24:03","2026-01-10 07:20:19"
8118,2712,466,"fail","2026-02-02 12:47:12","2026-02-22 13:35:56"
8119,2705,166,"fail","2026-01-10 09:26:45","2026-01-23 17:30:11"
8120,1415,218,"fail","2026-01-08 10:07:41","2026-02-07 15:09:06"
8121,441,94,"fail","2026-02-19 23:40:16","2026-02-25 10:44:03"
8122,1199,114,"success","2026-01-09 09:07:28","2026-01-24 10:56:26"
8123,848,454,"fail","2026-02-10 10:43:37","2026-02-21 13:00:37"
8124,2461,306,"fail","2026-01-10 07:48:33","2026-02-06 11:52:39"
8125,4064,386,"success","2026-02-05 10:04:20","2026-02-25 04:36:14"
8126,2228,177,"success","2026-02-08 06:44:50","2026-02-24 05:12:55"
8127,4931,140,"success","2026-01-30 09:41:27","2026-02-09 23:53:03"
8128,566,6,"success","2026-01-09 05:43:09","2026-01-10 18:35:59"
8129,3648,173,"success","2026-02-20 11:33:44","2026-02-21 07:12:23"
8130,3907,87,"success","2026-01-29 09:53:26","2026-02-19 20:02:11"
8131,3501,286,"fail","2026-02-18 06:06:23","2026-02-18 15:30:18"
8132,5644,246,"success","2026-01-16 14:12:48","2026-02-07 17:22:36"
8133,2287,337,"success","2026-01-12 18:13:24","2026-01-23 05:45:49"
8134,739,205,"fail","2026-01-09 05:47:59","2026-02-22 10:14:30"
8135,3076,64,"fail","2026-01-08 17:53:58","2026-01-21 09:41:50"
8136,2627,252,"fail","2026-01-24 17:00:09","2026-02-02 16:45:05"
8137,4585,207,"success","2026-02-11 02:22:07","2026-02-12 19:32:21"
8138,4461,30,"success","2026-02-23 16:34:19","2026-02-23 18:05:28"
8139,2091,136,"fail","2026-01-24 12:48:47","2026-02-12 16:52:40"
8140,5298,329,"success","2026-01-15 11:30:04","2026-02-23 10:40:11"
8141,846,89,"fail","2026-01-05 13:43:11","2026-01-10 03:32:35"
8142,6001,419,"fail","2026-01-17 15:01:02","2026-02-25 00:43:01"
8143,4893,83,"success","2026-01-22 22:37:51","2026-02-06 16:03:01"
8144,3594,348,"fail","2026-01-22 21:42:03","2026-02-20 06:06:40"
8145,2211,167,"fail","2026-01-29 14:07:33","2026-02-09 06:08:26"
8146,1809,221,"fail","2026-02-24 15:20:53","2026-02-25 00:36:19"
8147,1161,393,"success","2026-01-08 00:50:59","2026-02-19 10:51:03"
8148,39,146,"fail","2026-02-24 05:23:24","2026-02-24 22:20:40"
8149,4731,10,"success","2026-02-09 04:26:44","2026-02-14 21:26:34"
8150,4790,300,"success","2026-01-24 01:03:03","2026-01-27 04:57:36"
8151,2951,188,"success","2026-01-03 02:15:21","2026-02-22 14:32:54"
8152,863,419,"success","2026-02-07 14:58:12","2026-02-13 23:52:55"
8153,2716,31,"success","2026-01-20 22:06:59","2026-02-09 17:12:24"
8154,4206,455,"fail","2026-01-26 15:51:50","2026-02-21 23:04:21"
8155,3090,330,"fail","2026-01-22 12:12:34","2026-02-10 05:10:00"
8156,1476,178,"fail","2026-02-05 12:11:41","2026-02-20 14:51:59"
8157,4126,92,"fail","2026-02-03 02:51:42","2026-02-12 12:59:57"
8158,2490,181,"success","2026-01-16 17:57:28","2026-02-09 14:48:06"
8159,967,182,"fail","2026-01-11 14:30:50","2026-01-31 18:01:12"
8160,2384,258,"success","2026-01-06 07:59:59","2026-01-24 22:27:09"
8161,2600,380,"fail","2026-01-19 23:33:43","2026-02-08 08:15:22"
8162,4005,258,"success","2026-01-03 02:22:11","2026-01-25 12:32:20"
8163,418,393,"fail","2026-01-31 10:05:34","2026-02-16 06:23:54"
8164,843,136,"fail","2026-02-12 13:14:33","2026-02-13 02:25:00"
8165,3144,403,"fail","2026-01-25 19:52:08","2026-02-03 02:07:25"
8166,4470,220,"success","2026-02-22 19:00:22","2026-02-23 23:07:20"
8167,2361,348,"fail","2026-02-12 22:14:52","2026-02-16 15:54:51"
8168,5597,203,"fail","2026-01-05 16:47:37","2026-02-20 18:36:29"
8169,3648,294,"success","2026-01-03 06:05:16","2026-01-15 07:05:33"
8170,5688,58,"fail","2026-02-06 05:42:16","2026-02-12 08:37:25"
8171,714,387,"success","2026-01-05 11:49:41","2026-02-23 18:44:28"
8172,4395,442,"fail","2026-01-28 12:41:02","2026-02-17 17:49:32"
8173,316,342,"success","2026-01-01 16:23:18","2026-02-09 01:31:48"
8174,4417,45,"fail","2026-02-16 17:58:08","2026-02-22 19:58:26"
8175,4418,499,"success","2026-01-23 19:27:07","2026-01-26 08:45:52"
8176,906,86,"fail","2026-01-19 12:09:40","2026-02-24 19:06:35"
8177,1866,361,"fail","2026-02-12 02:54:17","2026-02-19 14:01:07"
8178,2452,263,"success","2026-01-17 20:51:43","2026-02-18 17:36:55"
8179,2800,481,"fail","2026-02-13 13:35:30","2026-02-18 12:02:08"
8180,5717,206,"fail","2026-01-29 21:06:39","2026-02-11 19:45:01"
8181,3238,467,"success","2026-01-15 03:31:07","2026-02-20 01:15:22"
8182,2593,367,"fail","2026-01-25 09:33:40","2026-02-22 15:23:12"
8183,3589,444,"success","2026-02-23 00:16:48","2026-02-24 01:03:37"
8184,1951,431,"success","2026-01-17 02:41:23","2026-02-07 18:18:54"
8185,2907,152,"fail","2026-01-09 06:22:11","2026-01-24 07:14:49"
8186,2385,416,"success","2026-01-06 16:23:43","2026-01-25 03:17:40"
8187,1387,253,"fail","2026-02-22 07:54:58","2026-02-23 15:32:59"
8188,4863,62,"fail","2026-01-19 05:41:01","2026-01-20 20:15:15"
8189,4613,75,"fail","2026-02-20 22:49:44","2026-02-23 11:09:52"
8190,1121,52,"fail","2026-01-16 00:31:13","2026-01-31 12:44:52"
8191,2474,116,"success","2026-01-02 08:01:56","2026-02-17 19:52:48"
8192,1375,83,"fail","2026-01-02 15:36:00","2026-01-31 17:09:56"
8193,2338,212,"fail","2026-01-05 02:23:57","2026-02-05 02:49:33"
8194,842,320,"success","2026-01-04 04:31:18","2026-02-03 22:40:17"
8195,1363,247,"fail","2026-02-17 09:26:24","2026-02-18 13:32:22"
8196,1659,180,"success","2026-01-07 07:06:55","2026-02-21 11:47:40"
8197,582,404,"success","2026-01-25 00:21:16","2026-02-12 05:35:37"
8198,3003,305,"fail","2026-01-17 21:12:03","2026-02-12 15:03:14"
8199,593,370,"success","2026-01-17 18:36:27","2026-02-04 16:38:34"
8200,51,252,"fail","2026-02-12 01:14:18","2026-02-18 18:54:19"
8201,4694,53,"fail","2026-01-21 06:30:55","2026-01-21 08:57:01"
8202,5822,399,"success","2026-01-21 17:22:21","2026-01-27 05:16:35"
8203,5581,33,"success","2026-01-15 13:53:03","2026-01-24 16:31:14"
8204,1894,327,"success","2026-01-03 11:30:28","2026-01-09 06:29:49"
8205,315,5,"success","2026-02-12 00:56:45","2026-02-16 10:35:17"
8206,4442,166,"success","2026-01-15 16:36:54","2026-01-28 16:31:17"
8207,3723,16,"fail","2026-02-15 00:21:02","2026-02-21 07:40:00"
8208,3388,498,"fail","2026-01-01 13:18:57","2026-02-08 19:18:38"
8209,647,194,"success","2026-01-27 17:35:22","2026-02-23 21:40:11"
8210,5131,81,"success","2026-01-17 10:53:08","2026-02-09 13:56:00"
8211,3242,337,"success","2026-01-18 11:21:59","2026-02-14 08:46:00"
8212,105,39,"fail","2026-02-16 03:21:13","2026-02-22 11:29:03"
8213,2423,88,"fail","2026-01-05 07:55:04","2026-01-05 09:35:35"
8214,1968,326,"fail","2026-02-03 18:26:54","2026-02-09 09:26:24"
8215,3227,309,"success","2026-01-15 21:48:21","2026-01-22 01:38:51"
8216,3718,259,"fail","2026-01-31 06:32:52","2026-02-01 04:29:15"
8217,1851,35,"success","2026-01-08 08:59:46","2026-02-12 21:52:16"
8218,1871,212,"success","2026-02-23 16:12:37","2026-02-24 18:16:22"
8219,1272,252,"fail","2026-01-27 14:17:30","2026-02-03 08:42:38"
8220,4073,410,"success","2026-01-16 07:49:36","2026-02-22 14:48:55"
8221,3535,122,"success","2026-02-01 22:57:45","2026-02-07 02:16:43"
8222,1186,482,"success","2026-01-25 23:52:25","2026-02-18 08:19:14"
8223,3089,496,"fail","2026-01-31 08:56:31","2026-02-08 03:37:42"
8224,2080,4,"fail","2026-02-05 08:31:39","2026-02-17 09:08:05"
8225,99,383,"success","2026-01-10 15:01:35","2026-01-25 14:14:25"
8226,3715,249,"success","2026-02-04 10:36:49","2026-02-15 16:00:09"
8227,3309,473,"success","2026-01-06 09:31:29","2026-01-09 05:52:28"
8228,5622,87,"success","2026-02-21 03:32:18","2026-02-23 05:20:29"
8229,1619,489,"fail","2026-01-15 12:40:27","2026-01-24 03:23:49"
8230,55,476,"fail","2026-01-09 23:25:04","2026-02-01 11:37:49"
8231,161,294,"success","2026-01-28 04:01:56","2026-02-02 04:25:47"
8232,4924,262,"fail","2026-02-22 22:20:02","2026-02-24 12:34:13"
8233,2396,249,"fail","2026-02-08 17:47:31","2026-02-20 04:51:43"
8234,600,337,"success","2026-02-23 11:38:45","2026-02-25 01:11:16"
8235,3890,485,"success","2026-02-13 23:47:21","2026-02-17 02:08:16"
8236,25,457,"success","2026-02-07 20:14:50","2026-02-17 04:20:53"
8237,4125,231,"fail","2026-02-17 10:13:07","2026-02-21 20:02:20"
8238,686,493,"success","2026-01-26 11:03:00","2026-02-02 21:17:13"
8239,1473,262,"success","2026-01-13 04:53:18","2026-02-10 11:37:23"
8240,359,493,"fail","2026-02-06 12:20:31","2026-02-08 06:27:08"
8241,1059,223,"fail","2026-02-11 02:09:41","2026-02-16 02:26:38"
8242,5052,225,"success","2026-01-26 05:56:16","2026-02-08 23:26:38"
8243,3229,375,"success","2026-01-10 18:52:38","2026-02-04 13:19:47"
8244,1403,138,"success","2026-01-16 12:06:27","2026-01-28 02:32:06"
8245,670,406,"fail","2026-01-04 09:20:31","2026-02-11 18:44:42"
8246,140,71,"fail","2026-01-27 18:52:25","2026-01-27 19:08:09"
8247,4358,110,"fail","2026-01-15 19:11:09","2026-01-20 22:29:21"
8248,1724,51,"fail","2026-01-01 03:59:37","2026-01-25 12:50:33"
8249,3711,399,"success","2026-01-28 15:57:57","2026-02-04 04:44:14"
8250,4344,388,"success","2026-02-09 06:18:17","2026-02-15 21:19:20"
8251,3587,158,"success","2026-02-03 03:05:34","2026-02-16 17:55:35"
8252,1629,64,"fail","2026-01-17 19:46:23","2026-02-19 18:29:41"
8253,4991,26,"success","2026-01-27 04:36:52","2026-02-11 21:42:23"
8254,49,421,"success","2026-01-26 13:50:37","2026-02-21 06:06:37"
8255,3027,18,"fail","2026-02-14 05:06:38","2026-02-14 14:27:17"
8256,1115,348,"success","2026-01-02 19:33:18","2026-02-21 18:19:40"
8257,1589,169,"success","2026-02-05 04:22:28","2026-02-19 00:24:59"
8258,3870,117,"fail","2026-01-31 07:17:24","2026-02-15 18:48:53"
8259,768,194,"fail","2026-02-10 04:37:52","2026-02-16 13:29:42"
8260,4420,114,"success","2026-01-30 12:05:59","2026-02-07 04:45:16"
8261,3515,74,"fail","2026-01-03 03:27:17","2026-01-07 14:58:03"
8262,1585,446,"fail","2026-01-13 00:17:31","2026-01-24 10:10:26"
8263,4166,9,"success","2026-02-17 07:01:16","2026-02-21 12:23:29"
8264,87,39,"success","2026-02-15 01:50:19","2026-02-20 20:42:46"
8265,1628,364,"success","2026-01-29 09:23:59","2026-02-19 00:31:53"
8266,3607,405,"fail","2026-02-25 04:50:28","2026-02-25 09:28:10"
8267,4748,484,"fail","2026-01-26 21:32:08","2026-02-07 10:11:23"
8268,6000,284,"fail","2026-01-31 06:43:44","2026-02-24 16:34:40"
8269,5793,241,"fail","2026-02-08 04:54:22","2026-02-15 21:12:24"
8270,3051,170,"success","2026-02-17 02:16:47","2026-02-17 16:12:37"
8271,5836,165,"fail","2026-01-22 02:24:14","2026-01-28 04:04:18"
8272,665,211,"success","2026-02-18 10:04:59","2026-02-18 13:31:27"
8273,1553,188,"success","2026-01-25 23:03:48","2026-02-06 06:59:20"
8274,3479,466,"fail","2026-01-25 02:56:10","2026-02-17 06:50:03"
8275,423,181,"success","2026-01-08 15:28:08","2026-01-28 03:54:12"
8276,1561,262,"success","2026-01-29 14:27:14","2026-02-22 12:14:25"
8277,4105,3,"success","2026-01-16 22:04:42","2026-01-26 20:16:53"
8278,4801,47,"success","2026-01-24 05:28:14","2026-02-06 08:14:27"
8279,5769,273,"success","2026-01-26 01:49:45","2026-02-09 16:55:57"
8280,946,79,"success","2026-01-29 18:03:12","2026-02-03 23:55:05"
8281,847,87,"success","2026-01-15 11:11:54","2026-02-08 13:06:28"
8282,806,85,"success","2026-01-05 01:54:28","2026-01-10 02:37:44"
8283,1013,65,"fail","2026-02-24 12:04:30","2026-02-24 12:12:17"
8284,5765,193,"success","2026-01-06 03:31:26","2026-02-09 20:12:04"
8285,5040,446,"fail","2026-01-01 06:06:56","2026-01-29 01:50:17"
8286,410,468,"fail","2026-01-20 23:34:06","2026-02-21 11:13:20"
8287,3783,472,"fail","2026-02-12 03:02:14","2026-02-20 06:37:51"
8288,74,437,"success","2026-01-03 03:09:25","2026-01-19 16:34:39"
8289,1711,472,"success","2026-01-03 09:28:48","2026-01-12 01:42:43"
8290,3023,318,"fail","2026-01-09 03:48:23","2026-02-23 13:50:42"
8291,950,279,"success","2026-02-04 14:31:20","2026-02-22 16:56:49"
8292,5931,169,"success","2026-01-06 04:34:20","2026-01-31 02:14:30"
8293,97,271,"fail","2026-01-24 18:17:11","2026-01-28 11:09:39"
8294,5245,466,"fail","2026-02-19 04:04:24","2026-02-20 00:15:31"
8295,2948,135,"success","2026-02-13 21:52:03","2026-02-24 16:26:52"
8296,4063,287,"success","2026-02-04 17:42:12","2026-02-21 05:00:47"
8297,3394,478,"success","2026-01-17 10:26:54","2026-02-02 07:11:50"
8298,1388,464,"fail","2026-02-06 22:05:58","2026-02-22 08:16:03"
8299,795,131,"fail","2026-01-02 15:19:13","2026-01-07 08:34:56"
8300,3761,66,"fail","2026-01-04 18:01:06","2026-01-08 19:02:43"
8301,3260,289,"fail","2026-02-17 00:37:14","2026-02-23 01:15:00"
8302,5872,453,"fail","2026-01-09 08:07:42","2026-02-04 03:41:09"
8303,3143,499,"success","2026-01-25 22:13:27","2026-02-13 07:33:20"
8304,1926,22,"fail","2026-01-26 00:09:53","2026-02-19 12:16:46"
8305,4742,424,"success","2026-01-07 12:54:36","2026-02-08 16:43:23"
8306,1781,332,"success","2026-01-10 08:28:48","2026-02-04 23:14:00"
8307,1895,265,"success","2026-02-11 02:33:37","2026-02-14 12:42:54"
8308,2079,402,"fail","2026-02-12 22:36:05","2026-02-15 02:48:48"
8309,179,13,"success","2026-01-07 00:15:25","2026-01-22 23:33:07"
8310,4341,58,"success","2026-02-24 04:58:09","2026-02-24 23:56:58"
8311,4041,154,"fail","2026-02-23 04:11:22","2026-02-23 14:33:45"
8312,2876,350,"success","2026-02-08 12:00:22","2026-02-24 11:00:38"
8313,2535,33,"success","2026-01-11 08:29:56","2026-02-13 11:11:16"
8314,3343,44,"success","2026-02-04 14:23:10","2026-02-07 20:27:35"
8315,994,476,"fail","2026-01-17 14:58:33","2026-01-21 05:27:45"
8316,4673,105,"fail","2026-01-21 03:39:17","2026-01-26 03:31:26"
8317,3482,126,"success","2026-01-18 08:46:47","2026-01-29 08:05:07"
8318,2966,148,"success","2026-01-03 21:24:13","2026-02-14 10:32:42"
8319,5025,461,"success","2026-01-12 10:23:43","2026-02-02 04:06:23"
8320,5509,46,"success","2026-02-10 16:20:34","2026-02-13 19:22:19"
8321,1761,78,"success","2026-02-11 18:05:12","2026-02-18 06:32:09"
8322,2236,312,"fail","2026-02-01 22:33:14","2026-02-20 03:50:03"
8323,4250,60,"success","2026-01-05 23:29:09","2026-01-28 01:42:15"
8324,492,177,"success","2026-01-29 05:00:02","2026-01-31 12:07:50"
8325,3622,420,"success","2026-02-20 06:41:05","2026-02-22 21:58:05"
8326,4526,35,"fail","2026-02-19 07:37:02","2026-02-22 23:13:58"
8327,206,368,"fail","2026-02-05 05:56:51","2026-02-10 15:07:54"
8328,2143,474,"success","2026-02-03 14:17:24","2026-02-18 03:48:09"
8329,5408,50,"fail","2026-01-27 07:05:12","2026-02-22 08:20:53"
8330,731,489,"success","2026-02-14 01:13:48","2026-02-23 01:22:53"
8331,5468,223,"fail","2026-01-26 07:38:30","2026-02-24 17:40:22"
8332,361,120,"fail","2026-01-08 07:04:42","2026-01-31 09:08:43"
8333,626,340,"success","2026-01-27 01:28:52","2026-02-24 04:23:46"
8334,5385,135,"fail","2026-02-14 03:50:40","2026-02-20 01:59:48"
8335,2395,135,"fail","2026-02-08 21:01:41","2026-02-11 11:08:25"
8336,2699,223,"fail","2026-01-12 15:56:25","2026-02-08 13:12:16"
8337,5721,87,"success","2026-01-07 11:43:46","2026-02-11 20:23:00"
8338,7,404,"success","2026-01-19 11:33:02","2026-02-01 20:27:38"
8339,5750,213,"success","2026-01-16 01:45:24","2026-02-15 20:44:00"
8340,891,122,"fail","2026-01-27 16:48:23","2026-02-21 05:10:23"
8341,1859,330,"fail","2026-01-27 09:20:53","2026-02-23 04:00:01"
8342,83,321,"fail","2026-02-07 07:14:36","2026-02-25 02:20:58"
8343,5775,455,"fail","2026-01-11 18:31:33","2026-02-23 16:01:12"
8344,969,444,"success","2026-02-07 13:42:31","2026-02-21 22:30:48"
8345,4206,88,"fail","2026-01-04 17:43:03","2026-01-20 04:09:56"
8346,1097,156,"success","2026-02-10 15:39:03","2026-02-16 06:10:51"
8347,1184,329,"success","2026-02-07 03:10:55","2026-02-18 05:09:43"
8348,1775,416,"fail","2026-01-15 09:25:08","2026-02-02 04:28:35"
8349,5307,429,"success","2026-01-10 22:30:56","2026-02-15 00:59:05"
8350,1544,113,"fail","2026-01-07 22:01:30","2026-01-15 19:34:19"
8351,1416,162,"success","2026-02-12 15:10:16","2026-02-16 21:05:00"
8352,652,4,"success","2026-01-09 09:27:13","2026-01-31 06:48:08"
8353,422,70,"success","2026-01-18 20:22:04","2026-02-10 23:52:00"
8354,3205,173,"fail","2026-01-30 05:20:21","2026-02-01 00:00:08"
8355,3358,197,"fail","2026-01-11 11:11:21","2026-02-06 21:22:36"
8356,5894,269,"fail","2026-02-12 16:22:19","2026-02-15 18:50:57"
8357,5279,388,"fail","2026-01-18 18:36:47","2026-01-22 18:15:58"
8358,5956,290,"fail","2026-01-18 06:48:34","2026-01-30 12:46:34"
8359,803,31,"success","2026-02-20 02:32:11","2026-02-21 20:59:53"
8360,5638,127,"success","2026-01-17 12:56:26","2026-02-16 00:32:58"
8361,4365,188,"fail","2026-02-14 03:59:51","2026-02-16 18:59:50"
8362,1399,171,"fail","2026-02-24 17:31:00","2026-02-24 20:30:12"
8363,2970,382,"fail","2026-02-22 16:00:22","2026-02-25 02:44:58"
8364,4784,58,"fail","2026-02-21 08:00:40","2026-02-21 20:45:18"
8365,1945,395,"success","2026-02-06 14:01:31","2026-02-17 07:43:17"
8366,5856,105,"success","2026-02-05 05:11:53","2026-02-19 09:59:07"
8367,1422,184,"fail","2026-02-07 06:51:40","2026-02-10 19:27:01"
8368,263,495,"success","2026-02-15 23:44:41","2026-02-25 00:29:05"
8369,2535,71,"fail","2026-02-02 02:38:19","2026-02-04 22:29:56"
8370,1067,95,"success","2026-01-02 06:40:48","2026-02-10 18:21:20"
8371,1169,289,"fail","2026-01-26 15:10:22","2026-02-04 00:27:00"
8372,1448,234,"fail","2026-02-25 11:13:59","2026-02-25 11:29:53"
8373,382,169,"success","2026-01-18 19:02:10","2026-02-09 21:44:23"
8374,1458,128,"success","2026-02-23 03:17:05","2026-02-24 19:08:33"
8375,4136,439,"success","2026-02-20 00:56:16","2026-02-22 23:55:41"
8376,2109,381,"success","2026-01-23 12:52:10","2026-02-19 13:48:45"
8377,3632,368,"fail","2026-01-06 23:16:33","2026-02-23 14:04:51"
8378,3658,245,"fail","2026-02-16 16:31:15","2026-02-17 23:30:26"
8379,3747,186,"fail","2026-01-21 18:55:19","2026-02-08 19:22:49"
8380,4405,384,"fail","2026-01-25 19:24:19","2026-02-14 22:09:05"
8381,5799,304,"success","2026-02-24 12:21:33","2026-02-24 20:32:03"
8382,4749,80,"success","2026-02-21 11:37:56","2026-02-24 12:36:09"
8383,2619,270,"success","2026-01-18 12:27:51","2026-01-21 11:23:18"
8384,1106,377,"fail","2026-01-07 10:50:37","2026-01-23 23:53:33"
8385,2515,178,"success","2026-01-18 02:48:20","2026-02-12 03:15:32"
8386,411,236,"success","2026-02-01 13:57:09","2026-02-19 21:01:30"
8387,2505,51,"fail","2026-01-01 00:46:28","2026-02-25 09:10:25"
8388,3601,217,"fail","2026-01-18 19:30:54","2026-01-21 06:14:43"
8389,5410,27,"success","2026-02-23 20:03:38","2026-02-24 03:33:53"
8390,2884,368,"fail","2026-02-11 03:54:42","2026-02-15 08:17:32"
8391,2163,479,"fail","2026-01-18 05:59:39","2026-02-25 10:54:34"
8392,4331,166,"fail","2026-02-06 23:09:38","2026-02-14 19:22:05"
8393,2842,110,"success","2026-02-21 03:46:51","2026-02-22 07:38:23"
8394,1633,261,"fail","2026-02-09 16:37:00","2026-02-19 05:59:16"
8395,1633,233,"success","2026-01-30 13:50:57","2026-02-22 01:05:52"
8396,831,409,"fail","2026-02-03 14:15:13","2026-02-15 15:31:24"
8397,1763,489,"fail","2026-01-12 20:10:57","2026-02-20 21:13:02"
8398,3035,170,"success","2026-01-10 20:36:24","2026-01-21 21:56:03"
8399,4180,406,"fail","2026-01-15 00:19:10","2026-02-08 17:14:59"
8400,5604,422,"fail","2026-01-24 20:41:44","2026-02-11 12:03:19"
8401,1041,168,"fail","2026-01-07 08:32:20","2026-01-11 02:08:56"
8402,1072,338,"success","2026-02-08 13:41:23","2026-02-11 11:48:22"
8403,2827,482,"fail","2026-01-02 14:38:16","2026-01-04 08:48:18"
8404,126,335,"fail","2026-02-03 14:45:12","2026-02-14 18:40:30"
8405,3724,46,"fail","2026-01-12 14:34:58","2026-01-16 00:20:29"
8406,5512,74,"fail","2026-01-01 18:32:18","2026-02-02 07:16:49"
8407,2725,23,"fail","2026-01-10 00:16:16","2026-02-16 07:57:09"
8408,2871,416,"fail","2026-01-16 17:42:22","2026-01-31 22:57:58"
8409,907,21,"success","2026-02-13 10:08:28","2026-02-19 03:20:23"
8410,5766,250,"fail","2026-01-19 14:03:08","2026-01-23 19:02:16"
8411,720,392,"success","2026-01-07 03:11:41","2026-01-13 14:00:43"
8412,5100,269,"success","2026-01-05 06:09:48","2026-01-25 00:36:10"
8413,2426,205,"fail","2026-01-16 10:44:43","2026-01-22 19:08:27"
8414,5754,323,"fail","2026-01-05 13:07:25","2026-01-11 11:56:54"
8415,967,397,"fail","2026-02-12 19:31:56","2026-02-14 05:20:15"
8416,366,416,"success","2026-01-23 11:35:47","2026-02-09 10:50:29"
8417,2421,359,"fail","2026-01-21 10:57:46","2026-02-23 02:21:38"
8418,4939,466,"fail","2026-01-17 04:56:50","2026-01-18 15:51:40"
8419,5269,209,"success","2026-01-24 03:07:12","2026-02-15 09:12:45"
8420,929,341,"fail","2026-01-27 16:41:53","2026-01-29 23:59:28"
8421,1902,159,"fail","2026-02-12 13:11:31","2026-02-23 05:18:37"
8422,4000,314,"fail","2026-02-24 13:32:59","2026-02-24 23:14:50"
8423,4333,373,"fail","2026-02-03 23:21:01","2026-02-14 05:07:17"
8424,1864,466,"fail","2026-01-10 00:37:42","2026-01-14 15:28:18"
8425,4428,127,"success","2026-01-26 17:12:42","2026-02-13 02:16:53"
8426,5330,323,"success","2026-01-28 17:38:05","2026-01-29 06:32:08"
8427,5398,317,"fail","2026-01-15 13:55:10","2026-01-24 17:18:16"
8428,4741,494,"fail","2026-01-17 09:20:03","2026-01-26 19:56:48"
8429,951,89,"fail","2026-01-17 19:47:26","2026-01-24 20:55:22"
8430,520,280,"success","2026-01-31 18:38:51","2026-02-06 00:00:04"
8431,3737,274,"success","2026-01-15 21:43:03","2026-01-30 12:09:50"
8432,2875,190,"fail","2026-01-23 14:19:14","2026-02-04 03:57:20"
8433,5859,219,"success","2026-02-25 08:28:49","2026-02-25 10:18:45"
8434,1488,45,"fail","2026-01-22 16:38:18","2026-01-27 21:41:28"
8435,4052,130,"fail","2026-01-22 16:05:12","2026-02-15 08:03:38"
8436,3337,140,"success","2026-01-17 07:03:36","2026-01-25 05:02:41"
8437,5029,150,"success","2026-02-12 19:31:27","2026-02-15 06:26:30"
8438,5398,316,"success","2026-02-17 20:48:30","2026-02-21 20:33:58"
8439,732,9,"success","2026-01-14 20:11:27","2026-01-30 03:51:40"
8440,3660,85,"fail","2026-02-13 09:34:45","2026-02-25 04:01:22"
8441,321,23,"fail","2026-01-06 20:53:49","2026-01-28 16:16:12"
8442,5945,419,"fail","2026-02-08 11:36:54","2026-02-20 12:04:37"
8443,1923,346,"success","2026-02-24 01:20:03","2026-02-24 10:14:54"
8444,4961,25,"success","2026-02-07 02:18:03","2026-02-15 20:46:18"
8445,100,224,"success","2026-01-25 05:01:46","2026-01-28 15:28:57"
8446,1118,330,"success","2026-01-15 23:21:52","2026-02-16 07:30:00"
8447,396,406,"success","2026-02-03 11:22:35","2026-02-04 15:03:57"
8448,4439,88,"success","2026-02-01 02:42:52","2026-02-07 12:19:34"
8449,4962,7,"success","2026-02-13 13:13:01","2026-02-18 04:56:09"
8450,467,137,"success","2026-02-19 19:23:13","2026-02-22 11:17:23"
8451,5987,87,"success","2026-01-07 05:42:28","2026-01-31 04:26:48"
8452,750,460,"success","2026-01-26 17:15:48","2026-02-09 02:59:59"
8453,188,127,"success","2026-02-01 11:29:10","2026-02-21 19:30:31"
8454,4170,133,"success","2026-01-23 11:45:38","2026-01-27 17:11:30"
8455,2391,176,"success","2026-01-01 17:27:07","2026-02-16 10:29:36"
8456,4205,452,"fail","2026-01-13 15:40:42","2026-02-02 13:50:50"
8457,5451,418,"fail","2026-01-25 18:27:27","2026-01-26 15:23:26"
8458,1290,391,"success","2026-02-17 05:14:55","2026-02-23 00:04:22"
8459,5100,257,"fail","2026-01-29 10:28:37","2026-02-08 01:59:44"
8460,1469,407,"success","2026-01-15 20:32:59","2026-02-12 22:19:10"
8461,4279,285,"fail","2026-02-24 17:18:28","2026-02-25 11:32:46"
8462,3769,302,"success","2026-01-16 19:02:10","2026-02-19 09:39:59"
8463,5127,436,"fail","2026-01-20 19:51:30","2026-02-17 19:37:01"
8464,5327,75,"fail","2026-01-06 22:15:24","2026-02-17 09:43:33"
8465,5101,307,"success","2026-01-25 07:29:02","2026-02-17 06:40:41"
8466,5319,163,"success","2026-02-07 15:58:39","2026-02-16 10:29:56"
8467,2333,355,"success","2026-01-08 17:45:45","2026-02-21 23:41:52"
8468,4007,397,"success","2026-02-10 16:37:11","2026-02-13 17:42:48"
8469,3708,329,"success","2026-02-17 04:18:51","2026-02-18 19:33:49"
8470,1948,400,"success","2026-01-10 18:10:12","2026-02-18 17:29:30"
8471,593,248,"success","2026-01-27 15:01:00","2026-02-13 03:28:53"
8472,582,472,"success","2026-02-21 09:12:09","2026-02-22 14:22:31"
8473,4064,259,"fail","2026-02-04 18:34:59","2026-02-19 06:55:02"
8474,882,100,"success","2026-02-23 13:14:28","2026-02-24 09:40:24"
8475,3491,471,"fail","2026-02-11 13:06:49","2026-02-25 06:41:16"
8476,1151,470,"fail","2026-02-24 18:46:32","2026-02-25 10:39:17"
8477,2784,260,"fail","2026-01-03 20:19:55","2026-01-08 21:19:28"
8478,2906,6,"fail","2026-01-14 18:29:46","2026-02-10 13:04:41"
8479,4196,304,"fail","2026-01-18 02:16:18","2026-01-24 03:44:21"
8480,4659,390,"success","2026-02-01 08:47:02","2026-02-21 18:55:59"
8481,2087,60,"success","2026-01-30 16:41:28","2026-02-17 13:23:07"
8482,902,455,"success","2026-01-18 03:30:12","2026-01-23 07:22:41"
8483,913,345,"success","2026-02-01 19:49:58","2026-02-02 18:56:22"
8484,3163,292,"success","2026-01-30 09:53:06","2026-02-07 07:47:53"
8485,4131,328,"fail","2026-01-18 22:09:40","2026-01-23 22:30:10"
8486,5216,105,"success","2026-01-28 05:36:41","2026-01-28 10:46:41"
8487,2724,147,"fail","2026-01-09 05:33:34","2026-01-18 06:14:36"
8488,477,30,"fail","2026-01-01 05:04:57","2026-02-19 18:14:14"
8489,5691,274,"fail","2026-02-21 00:43:02","2026-02-21 21:13:18"
8490,5339,301,"fail","2026-01-01 13:16:07","2026-02-18 22:24:31"
8491,2303,248,"fail","2026-01-09 05:09:43","2026-02-19 08:02:39"
8492,5881,128,"fail","2026-01-13 01:25:44","2026-02-12 23:29:45"
8493,3440,152,"success","2026-02-16 20:31:57","2026-02-22 10:44:04"
8494,2144,147,"fail","2026-01-11 17:51:32","2026-01-31 23:45:24"
8495,3984,473,"success","2026-01-14 09:55:50","2026-01-19 13:43:40"
8496,1303,135,"fail","2026-01-13 03:05:56","2026-01-28 03:34:37"
8497,671,66,"success","2026-02-09 01:36:22","2026-02-24 13:55:53"
8498,3297,317,"fail","2026-01-15 22:02:27","2026-02-23 16:49:57"
8499,4767,209,"fail","2026-01-05 08:41:30","2026-02-08 05:06:22"
8500,2278,297,"fail","2026-01-01 19:49:13","2026-02-11 10:36:25"
8501,2909,123,"fail","2026-01-23 07:59:48","2026-02-19 13:34:04"
8502,2808,214,"success","2026-01-31 12:21:02","2026-02-12 04:29:54"
8503,4664,380,"fail","2026-02-05 20:36:58","2026-02-16 16:30:23"
8504,3776,96,"fail","2026-02-03 07:24:30","2026-02-19 06:16:51"
8505,862,102,"success","2026-01-29 19:21:25","2026-01-30 18:49:55"
8506,4626,128,"success","2026-02-16 19:09:22","2026-02-25 06:06:21"
8507,5399,25,"fail","2026-02-12 05:39:15","2026-02-24 02:46:15"
8508,5173,54,"fail","2026-02-19 04:56:07","2026-02-20 00:58:26"
8509,5316,429,"success","2026-01-13 02:32:38","2026-01-21 12:01:15"
8510,4382,288,"success","2026-02-12 20:29:27","2026-02-14 02:40:16"
8511,5567,373,"fail","2026-01-21 13:01:52","2026-02-21 10:10:49"
8512,1163,286,"success","2026-01-20 02:32:51","2026-02-02 21:02:02"
8513,21,148,"success","2026-02-07 17:10:43","2026-02-10 19:18:43"
8514,863,11,"success","2026-01-03 00:16:34","2026-01-26 15:43:07"
8515,1513,127,"success","2026-01-08 22:23:05","2026-01-25 05:14:22"
8516,2798,404,"success","2026-02-15 16:30:15","2026-02-22 08:34:05"
8517,2311,103,"success","2026-02-02 01:15:01","2026-02-10 13:27:01"
8518,2205,399,"success","2026-02-01 18:12:19","2026-02-15 13:18:59"
8519,2717,280,"fail","2026-02-03 10:55:41","2026-02-11 20:51:40"
8520,3866,258,"fail","2026-01-01 08:47:19","2026-02-16 05:32:21"
8521,5094,139,"success","2026-02-15 02:14:31","2026-02-19 11:00:12"
8522,5368,134,"fail","2026-02-18 07:25:16","2026-02-20 16:20:44"
8523,1339,427,"fail","2026-01-11 11:06:13","2026-02-07 19:27:06"
8524,4878,385,"fail","2026-01-12 20:35:13","2026-02-10 08:44:06"
8525,1152,415,"fail","2026-01-28 10:04:41","2026-01-29 16:40:04"
8526,3972,72,"fail","2026-01-27 01:09:09","2026-02-23 23:45:54"
8527,2442,465,"fail","2026-01-17 23:35:49","2026-02-20 07:26:34"
8528,3858,201,"fail","2026-01-26 21:08:13","2026-02-09 21:56:24"
8529,5555,24,"success","2026-02-12 10:02:59","2026-02-18 21:17:32"
8530,3169,371,"success","2026-02-25 05:14:25","2026-02-25 11:27:04"
8531,5793,46,"fail","2026-01-29 09:14:08","2026-02-17 17:20:40"
8532,2217,197,"fail","2026-01-12 23:12:49","2026-01-21 08:48:17"
8533,4177,339,"fail","2026-01-30 21:49:44","2026-02-18 14:18:44"
8534,3727,45,"fail","2026-02-13 18:34:22","2026-02-22 06:46:21"
8535,1408,225,"success","2026-02-12 10:35:47","2026-02-15 09:03:42"
8536,4602,372,"fail","2026-01-13 02:29:58","2026-02-12 04:19:13"
8537,3690,362,"fail","2026-01-07 01:40:29","2026-02-13 03:05:14"
8538,3131,482,"success","2026-02-21 07:15:36","2026-02-22 01:15:36"
8539,950,477,"fail","2026-02-06 03:52:25","2026-02-08 16:40:16"
8540,4917,108,"fail","2026-01-22 12:49:52","2026-02-09 09:31:23"
8541,4186,223,"fail","2026-01-26 20:03:32","2026-01-30 20:20:12"
8542,3687,408,"fail","2026-01-16 13:58:24","2026-02-02 22:37:52"
8543,2913,113,"success","2026-01-11 16:06:01","2026-01-16 01:13:41"
8544,3343,121,"success","2026-01-27 20:52:59","2026-02-09 09:24:37"
8545,1086,193,"success","2026-01-20 21:56:50","2026-02-03 08:11:14"
8546,3736,377,"success","2026-01-10 12:28:53","2026-01-21 10:38:45"
8547,3340,151,"fail","2026-02-21 10:21:31","2026-02-23 18:39:50"
8548,4664,182,"success","2026-01-31 21:21:28","2026-02-03 06:25:38"
8549,4734,41,"success","2026-02-12 02:32:58","2026-02-19 14:29:39"
8550,2473,373,"fail","2026-01-17 02:55:48","2026-02-03 10:01:39"
8551,108,134,"success","2026-01-03 19:58:52","2026-01-25 06:14:08"
8552,4880,385,"fail","2026-01-25 22:51:58","2026-02-02 21:54:27"
8553,4311,354,"fail","2026-02-07 08:25:12","2026-02-18 01:44:46"
8554,3520,414,"success","2026-01-09 04:33:06","2026-01-16 05:29:30"
8555,1316,261,"success","2026-02-12 06:21:58","2026-02-20 13:36:24"
8556,4711,250,"fail","2026-01-29 11:30:21","2026-02-17 00:15:42"
8557,5770,427,"fail","2026-02-21 12:44:02","2026-02-24 01:21:37"
8558,5143,451,"success","2026-01-28 09:10:13","2026-02-18 21:20:19"
8559,2619,473,"fail","2026-02-20 20:46:30","2026-02-21 08:54:02"
8560,807,325,"fail","2026-02-05 09:19:33","2026-02-11 05:16:18"
8561,2325,12,"fail","2026-02-15 22:12:23","2026-02-22 04:55:37"
8562,509,305,"success","2026-02-23 20:17:56","2026-02-24 04:52:32"
8563,348,77,"fail","2026-02-04 00:06:11","2026-02-20 22:33:09"
8564,5679,17,"success","2026-01-22 05:47:09","2026-02-16 22:22:48"
8565,348,38,"success","2026-02-04 20:22:01","2026-02-15 14:08:33"
8566,3101,403,"fail","2026-01-09 00:59:39","2026-02-04 18:10:17"
8567,3573,62,"success","2026-02-03 20:28:11","2026-02-10 19:39:06"
8568,5796,382,"success","2026-01-10 09:02:10","2026-01-31 21:21:10"
8569,4296,177,"fail","2026-02-02 22:34:32","2026-02-13 05:48:29"
8570,498,194,"success","2026-01-22 14:03:27","2026-02-08 22:46:12"
8571,2243,120,"fail","2026-01-03 12:08:11","2026-01-06 20:54:23"
8572,2200,136,"fail","2026-02-07 12:18:08","2026-02-07 21:43:50"
8573,1078,289,"success","2026-02-22 10:54:23","2026-02-22 15:49:09"
8574,3200,57,"fail","2026-02-22 20:48:19","2026-02-22 21:49:27"
8575,2856,427,"success","2026-01-13 00:27:14","2026-02-17 11:10:45"
8576,2379,393,"success","2026-01-23 06:10:06","2026-02-14 03:10:53"
8577,4252,129,"fail","2026-01-18 16:12:51","2026-02-18 02:47:43"
8578,1478,277,"success","2026-01-09 08:26:15","2026-01-31 19:59:10"
8579,4046,460,"success","2026-02-15 12:46:49","2026-02-21 07:55:58"
8580,252,463,"fail","2026-02-25 01:50:54","2026-02-25 07:48:39"
8581,3326,159,"success","2026-02-02 20:46:24","2026-02-07 10:20:58"
8582,5143,250,"fail","2026-02-05 22:08:44","2026-02-23 01:21:42"
8583,3353,151,"success","2026-02-10 10:59:56","2026-02-23 13:44:53"
8584,4570,120,"fail","2026-02-11 05:45:27","2026-02-11 14:59:34"
8585,225,279,"fail","2026-01-27 20:50:18","2026-02-05 14:12:44"
8586,5799,47,"success","2026-01-25 11:47:52","2026-02-04 15:44:04"
8587,2495,177,"success","2026-01-30 08:48:22","2026-02-03 05:52:08"
8588,3839,84,"success","2026-02-17 01:47:17","2026-02-24 02:51:50"
8589,1707,120,"fail","2026-01-23 11:28:36","2026-01-29 09:50:24"
8590,5995,393,"success","2026-02-12 20:37:02","2026-02-19 10:08:31"
8591,5737,451,"success","2026-01-11 20:07:32","2026-01-12 15:53:12"
8592,5467,346,"fail","2026-02-03 07:54:47","2026-02-09 15:29:24"
8593,363,337,"fail","2026-01-21 06:50:16","2026-02-03 07:16:50"
8594,5098,414,"fail","2026-01-07 23:15:22","2026-02-11 22:46:59"
8595,2372,336,"success","2026-01-03 11:25:18","2026-01-25 11:18:28"
8596,624,55,"success","2026-02-09 22:55:53","2026-02-11 21:09:26"
8597,1940,211,"fail","2026-02-20 10:22:40","2026-02-23 21:53:28"
8598,4407,214,"success","2026-02-07 17:52:15","2026-02-23 16:36:49"
8599,2337,232,"success","2026-02-21 23:01:15","2026-02-22 20:38:21"
8600,4638,158,"fail","2026-01-14 12:34:47","2026-02-05 16:15:09"
8601,2553,167,"fail","2026-02-05 20:45:39","2026-02-24 14:32:02"
8602,698,408,"fail","2026-01-06 04:44:49","2026-02-08 13:30:36"
8603,2083,499,"fail","2026-01-02 00:06:34","2026-02-01 20:05:29"
8604,2766,246,"fail","2026-01-06 15:02:37","2026-01-16 01:17:39"
8605,3794,354,"fail","2026-02-09 23:23:57","2026-02-18 03:27:41"
8606,1849,308,"success","2026-01-01 11:16:44","2026-02-22 15:54:02"
8607,5430,456,"fail","2026-02-05 14:09:51","2026-02-24 20:03:37"
8608,4491,2,"success","2026-01-03 00:48:44","2026-02-11 17:29:53"
8609,3615,485,"fail","2026-01-01 20:36:29","2026-01-18 12:58:29"
8610,4667,485,"fail","2026-01-30 05:29:23","2026-02-21 19:46:25"
8611,5106,78,"fail","2026-01-23 20:31:49","2026-01-27 19:26:09"
8612,5275,380,"fail","2026-02-04 08:19:26","2026-02-10 12:27:04"
8613,2826,89,"fail","2026-01-20 19:27:44","2026-02-21 18:52:08"
8614,4774,241,"fail","2026-02-06 19:02:18","2026-02-13 04:19:51"
8615,4675,222,"fail","2026-02-18 20:08:40","2026-02-22 17:34:49"
8616,2556,188,"fail","2026-01-07 19:44:55","2026-02-04 07:44:15"
8617,3323,339,"success","2026-02-21 19:13:30","2026-02-23 03:51:38"
8618,944,346,"success","2026-02-16 20:50:57","2026-02-24 01:03:48"
8619,5459,46,"success","2026-01-01 00:20:54","2026-01-28 08:22:54"
8620,2158,254,"fail","2026-01-12 00:54:42","2026-01-12 11:02:49"
8621,2221,440,"success","2026-01-07 09:01:29","2026-02-13 04:43:55"
8622,3789,329,"fail","2026-01-01 03:05:34","2026-01-13 12:36:27"
8623,5626,147,"fail","2026-02-10 01:07:23","2026-02-18 14:23:48"
8624,3497,327,"success","2026-02-15 17:03:51","2026-02-18 22:29:42"
8625,5975,50,"success","2026-01-19 08:29:00","2026-02-17 09:41:16"
8626,667,220,"success","2026-02-23 06:04:23","2026-02-24 18:23:09"
8627,3778,290,"success","2026-01-08 18:55:56","2026-01-29 17:52:32"
8628,5909,421,"success","2026-02-15 07:13:05","2026-02-21 03:23:36"
8629,680,178,"success","2026-01-31 05:21:53","2026-02-24 17:44:14"
8630,351,315,"success","2026-02-16 19:54:29","2026-02-23 12:24:42"
8631,2996,456,"success","2026-02-05 02:51:32","2026-02-12 17:30:09"
8632,374,186,"success","2026-01-18 04:49:34","2026-01-31 06:09:08"
8633,4609,425,"fail","2026-01-27 07:47:34","2026-02-08 04:48:49"
8634,2334,253,"fail","2026-01-16 00:19:41","2026-02-16 13:55:45"
8635,2344,390,"success","2026-01-27 08:44:11","2026-02-04 21:57:41"
8636,2433,178,"fail","2026-01-18 15:50:15","2026-02-13 21:57:47"
8637,4555,174,"success","2026-01-04 22:34:17","2026-02-13 19:41:54"
8638,737,151,"success","2026-02-14 20:30:44","2026-02-21 00:40:11"
8639,2011,311,"success","2026-02-24 01:54:03","2026-02-24 23:36:35"
8640,4163,66,"fail","2026-02-18 12:06:55","2026-02-22 15:09:09"
8641,5634,163,"fail","2026-01-12 09:32:50","2026-01-14 00:59:52"
8642,191,293,"success","2026-01-04 00:54:24","2026-01-08 05:20:47"
8643,3136,152,"fail","2026-01-25 19:08:17","2026-02-09 16:25:43"
8644,3369,481,"success","2026-01-28 09:44:59","2026-02-12 23:16:26"
8645,258,233,"success","2026-01-27 08:52:23","2026-02-06 05:21:01"
8646,606,462,"success","2026-01-28 23:02:26","2026-01-31 00:26:03"
8647,3709,157,"success","2026-02-18 16:11:39","2026-02-22 16:37:04"
8648,4646,184,"success","2026-02-14 02:50:56","2026-02-23 06:14:36"
8649,5459,264,"success","2026-02-05 16:33:35","2026-02-16 23:20:13"
8650,4604,305,"success","2026-02-13 12:03:37","2026-02-21 15:50:51"
8651,4969,357,"success","2026-02-05 23:54:14","2026-02-18 14:19:00"
8652,5504,295,"fail","2026-02-01 19:19:17","2026-02-12 16:29:15"
8653,3161,494,"success","2026-01-24 01:37:09","2026-02-10 23:16:35"
8654,806,192,"success","2026-01-13 10:22:04","2026-02-04 02:02:15"
8655,1104,466,"fail","2026-01-22 18:13:49","2026-02-08 20:37:08"
8656,366,446,"fail","2026-02-11 18:44:54","2026-02-17 15:46:51"
8657,662,254,"fail","2026-01-06 02:16:27","2026-01-20 18:53:44"
8658,1358,428,"success","2026-02-04 16:10:07","2026-02-25 03:54:09"
8659,3842,373,"fail","2026-02-09 21:50:19","2026-02-24 08:25:54"
8660,4347,218,"success","2026-01-10 22:28:58","2026-02-04 02:39:53"
8661,930,484,"success","2026-02-21 17:01:02","2026-02-22 05:11:56"
8662,682,295,"success","2026-02-10 21:53:47","2026-02-13 15:47:13"
8663,2483,22,"fail","2026-01-04 19:39:20","2026-02-11 06:35:08"
8664,4252,86,"fail","2026-02-07 12:15:21","2026-02-16 05:16:53"
8665,356,354,"success","2026-01-19 13:31:28","2026-02-15 21:54:44"
8666,1348,225,"success","2026-02-04 13:31:46","2026-02-13 10:00:37"
8667,1861,208,"fail","2026-01-12 11:48:09","2026-02-08 16:54:41"
8668,3233,474,"fail","2026-02-21 05:31:03","2026-02-25 07:25:52"
8669,1325,305,"fail","2026-01-05 05:47:39","2026-02-06 23:49:58"
8670,750,433,"fail","2026-01-22 08:54:50","2026-02-17 01:24:27"
8671,788,213,"success","2026-02-19 22:50:11","2026-02-22 05:27:06"
8672,492,384,"success","2026-01-02 04:17:45","2026-02-24 20:50:04"
8673,2905,379,"success","2026-01-08 19:04:14","2026-01-23 21:48:44"
8674,1993,11,"fail","2026-01-25 10:37:14","2026-02-11 15:12:10"
8675,4836,93,"fail","2026-01-29 15:33:47","2026-02-09 12:47:42"
8676,1907,364,"success","2026-01-07 08:55:36","2026-02-24 12:29:53"
8677,5968,205,"fail","2026-01-09 03:11:25","2026-02-24 12:15:01"
8678,3199,322,"success","2026-01-08 07:37:11","2026-02-24 13:50:00"
8679,1587,248,"fail","2026-01-27 08:12:48","2026-01-27 19:58:58"
8680,1666,333,"success","2026-01-28 09:17:45","2026-02-09 15:03:21"
8681,2945,268,"success","2026-01-22 02:09:26","2026-02-22 15:38:44"
8682,5471,8,"success","2026-02-21 03:43:26","2026-02-22 10:35:06"
8683,1319,248,"fail","2026-01-11 12:13:43","2026-02-06 15:59:27"
8684,4095,432,"success","2026-01-28 22:18:10","2026-02-21 06:32:48"
8685,2562,327,"success","2026-01-24 16:04:52","2026-02-11 11:14:54"
8686,89,270,"success","2026-02-08 07:20:02","2026-02-15 14:33:41"
8687,5655,124,"fail","2026-01-16 07:36:49","2026-02-06 01:38:17"
8688,5210,184,"success","2026-02-13 05:34:53","2026-02-17 09:38:23"
8689,1186,490,"fail","2026-02-13 03:39:54","2026-02-14 14:01:16"
8690,1740,40,"fail","2026-01-02 13:06:07","2026-01-11 02:30:45"
8691,4996,384,"fail","2026-01-04 20:25:48","2026-02-16 11:27:04"
8692,3675,39,"fail","2026-01-24 17:33:56","2026-01-24 20:22:11"
8693,2245,301,"success","2026-02-16 11:30:50","2026-02-23 09:00:50"
8694,1245,482,"success","2026-02-15 14:19:36","2026-02-17 14:54:28"
8695,2346,387,"fail","2026-01-18 06:52:40","2026-02-22 02:41:07"
8696,75,101,"success","2026-02-10 16:37:29","2026-02-15 03:25:50"
8697,861,260,"success","2026-01-08 18:25:47","2026-02-15 04:07:23"
8698,4999,221,"success","2026-01-05 11:28:36","2026-01-07 16:43:41"
8699,221,211,"fail","2026-02-19 08:00:19","2026-02-19 09:44:19"
8700,555,176,"fail","2026-01-28 14:11:12","2026-02-04 11:31:00"
8701,5143,187,"success","2026-01-25 08:44:36","2026-02-04 16:24:12"
8702,1528,43,"success","2026-02-11 08:46:47","2026-02-18 00:29:07"
8703,4861,382,"fail","2026-02-03 04:35:04","2026-02-23 15:53:52"
8704,5034,1,"fail","2026-01-15 07:03:46","2026-01-30 11:50:43"
8705,2420,386,"success","2026-02-14 23:37:18","2026-02-18 21:50:25"
8706,3457,482,"success","2026-02-09 14:38:27","2026-02-14 08:51:08"
8707,551,192,"success","2026-01-08 03:47:37","2026-02-22 03:29:28"
8708,1445,246,"success","2026-01-30 08:24:17","2026-02-03 08:36:57"
8709,1628,155,"success","2026-02-16 01:56:40","2026-02-21 12:31:54"
8710,2407,77,"fail","2026-01-19 21:45:21","2026-01-20 12:03:47"
8711,4489,416,"success","2026-02-24 20:15:05","2026-02-25 01:41:09"
8712,4864,149,"fail","2026-02-08 09:52:56","2026-02-24 17:31:54"
8713,1702,153,"success","2026-02-16 23:07:18","2026-02-22 02:39:28"
8714,602,298,"success","2026-01-15 21:55:37","2026-02-21 06:32:22"
8715,369,244,"fail","2026-01-17 18:55:33","2026-02-15 17:07:20"
8716,5820,110,"fail","2026-01-09 10:30:18","2026-01-26 00:49:39"
8717,545,356,"success","2026-02-07 18:34:18","2026-02-25 02:56:11"
8718,2479,262,"success","2026-01-30 00:02:30","2026-02-01 04:38:52"
8719,5193,294,"success","2026-02-13 16:40:14","2026-02-19 22:04:54"
8720,5071,102,"success","2026-02-23 07:28:40","2026-02-23 20:28:09"
8721,1137,319,"fail","2026-02-17 09:51:09","2026-02-18 14:02:07"
8722,3943,284,"fail","2026-02-12 04:33:56","2026-02-17 14:57:33"
8723,1983,422,"fail","2026-02-14 01:20:37","2026-02-25 01:25:16"
8724,42,146,"fail","2026-01-05 21:52:27","2026-01-22 03:01:05"
8725,812,447,"success","2026-01-19 13:40:29","2026-01-25 23:30:01"
8726,5834,144,"success","2026-01-07 07:32:48","2026-02-11 14:42:11"
8727,5367,194,"fail","2026-01-14 13:26:51","2026-02-16 12:50:26"
8728,1552,496,"fail","2026-01-24 05:58:41","2026-02-12 01:51:13"
8729,4979,420,"fail","2026-02-05 11:19:46","2026-02-07 11:04:49"
8730,3951,490,"fail","2026-02-14 08:42:04","2026-02-22 03:07:05"
8731,1037,365,"fail","2026-02-09 06:56:58","2026-02-18 19:24:02"
8732,2531,42,"success","2026-01-20 11:48:44","2026-01-31 00:59:30"
8733,2536,252,"success","2026-01-18 23:03:30","2026-02-15 17:11:08"
8734,3769,237,"fail","2026-01-23 11:03:25","2026-01-23 22:17:04"
8735,5747,51,"fail","2026-02-05 11:56:53","2026-02-23 04:06:06"
8736,5833,435,"success","2026-01-13 21:53:15","2026-02-16 05:36:19"
8737,2854,240,"fail","2026-01-03 15:57:34","2026-02-21 23:55:46"
8738,2141,25,"fail","2026-01-26 20:50:28","2026-02-10 04:00:31"
8739,1040,171,"fail","2026-01-07 08:56:09","2026-01-29 11:47:39"
8740,410,193,"fail","2026-01-29 20:24:25","2026-02-08 21:30:36"
8741,5764,151,"success","2026-01-04 08:39:38","2026-02-22 06:54:42"
8742,5974,31,"success","2026-01-13 00:38:13","2026-01-21 00:14:22"
8743,3728,283,"success","2026-02-11 22:05:35","2026-02-12 13:13:30"
8744,5014,82,"success","2026-02-24 02:01:50","2026-02-25 01:29:07"
8745,788,409,"success","2026-02-14 12:06:06","2026-02-21 07:02:49"
8746,856,436,"fail","2026-01-05 13:08:54","2026-02-14 21:43:19"
8747,5319,143,"fail","2026-01-31 13:02:30","2026-02-14 07:30:45"
8748,4616,341,"fail","2026-01-15 21:59:44","2026-02-11 17:10:10"
8749,5743,93,"fail","2026-02-05 07:48:55","2026-02-12 13:27:13"
8750,978,418,"success","2026-01-09 03:43:22","2026-02-20 16:39:25"
8751,4056,190,"fail","2026-02-04 14:30:51","2026-02-19 18:04:45"
8752,898,84,"success","2026-02-22 16:09:08","2026-02-22 23:26:57"
8753,3904,189,"fail","2026-01-11 06:05:48","2026-02-16 09:20:17"
8754,5719,420,"fail","2026-01-23 11:32:51","2026-02-15 22:16:41"
8755,2467,343,"fail","2026-01-03 16:43:18","2026-01-26 23:11:45"
8756,5150,405,"fail","2026-01-23 11:35:36","2026-01-27 07:56:22"
8757,762,256,"success","2026-02-08 14:59:03","2026-02-24 15:01:27"
8758,3166,57,"fail","2026-01-01 19:45:12","2026-02-03 22:11:30"
8759,743,285,"fail","2026-01-01 17:52:56","2026-01-03 15:43:22"
8760,2557,325,"success","2026-01-08 07:16:43","2026-02-20 09:20:46"
8761,5659,388,"success","2026-01-16 22:52:43","2026-02-03 16:36:04"
8762,3439,195,"success","2026-01-07 10:26:07","2026-01-10 06:05:52"
8763,1664,297,"fail","2026-01-07 05:31:56","2026-01-21 13:26:14"
8764,5573,248,"success","2026-02-20 14:51:35","2026-02-21 02:01:46"
8765,252,36,"success","2026-02-04 02:27:37","2026-02-21 13:02:43"
8766,4804,20,"fail","2026-02-23 17:10:55","2026-02-24 05:51:08"
8767,1748,118,"fail","2026-01-09 03:22:16","2026-02-13 16:01:16"
8768,5104,420,"fail","2026-01-04 08:58:51","2026-02-15 18:50:01"
8769,1162,208,"success","2026-02-17 04:04:52","2026-02-17 13:58:04"
8770,4175,265,"success","2026-01-18 08:38:46","2026-01-23 12:06:10"
8771,3775,86,"fail","2026-01-20 22:32:04","2026-02-23 14:03:38"
8772,2847,18,"fail","2026-02-20 10:16:07","2026-02-23 10:10:27"
8773,94,397,"success","2026-02-19 21:09:15","2026-02-20 17:49:01"
8774,2308,374,"fail","2026-02-05 03:52:35","2026-02-25 10:07:41"
8775,289,133,"fail","2026-02-21 19:11:13","2026-02-22 05:22:43"
8776,5987,397,"success","2026-01-03 02:16:00","2026-02-17 22:30:28"
8777,3291,484,"success","2026-01-19 05:19:51","2026-02-25 08:17:53"
8778,1537,95,"success","2026-02-19 18:00:30","2026-02-25 00:28:35"
8779,4050,238,"success","2026-02-09 00:09:52","2026-02-09 01:37:21"
8780,2277,11,"success","2026-01-19 14:50:48","2026-01-20 13:40:59"
8781,50,230,"fail","2026-02-18 11:12:24","2026-02-21 13:49:05"
8782,3462,459,"success","2026-01-11 17:12:54","2026-01-26 03:55:13"
8783,4334,23,"fail","2026-02-02 12:14:47","2026-02-19 18:23:40"
8784,3870,490,"success","2026-01-14 15:37:08","2026-02-16 13:50:51"
8785,224,23,"success","2026-02-20 04:42:14","2026-02-22 15:09:28"
8786,5165,280,"fail","2026-01-15 18:23:46","2026-01-22 05:40:02"
8787,2078,262,"success","2026-01-18 11:19:04","2026-01-30 22:43:41"
8788,5907,136,"success","2026-01-07 04:54:51","2026-01-15 03:22:25"
8789,2956,79,"fail","2026-01-25 23:44:17","2026-02-16 01:38:27"
8790,30,58,"success","2026-02-21 03:29:04","2026-02-22 22:27:01"
8791,4126,316,"fail","2026-02-21 06:52:54","2026-02-22 07:03:57"
8792,724,369,"fail","2026-02-05 18:10:36","2026-02-09 21:43:13"
8793,1982,343,"fail","2026-02-17 11:53:49","2026-02-19 23:36:08"
8794,5802,77,"fail","2026-01-06 08:53:59","2026-02-12 14:07:52"
8795,4881,61,"success","2026-02-19 19:03:42","2026-02-23 00:43:07"
8796,4992,295,"success","2026-01-31 00:34:13","2026-02-07 18:19:51"
8797,1888,294,"fail","2026-02-01 13:59:26","2026-02-24 00:59:42"
8798,1215,5,"success","2026-02-08 00:40:18","2026-02-15 21:11:33"
8799,203,128,"fail","2026-01-02 02:43:00","2026-02-04 07:01:13"
8800,2136,118,"fail","2026-02-25 00:25:50","2026-02-25 02:18:08"
8801,349,382,"success","2026-02-11 23:53:59","2026-02-16 18:29:55"
8802,5284,265,"success","2026-02-10 01:07:11","2026-02-10 11:01:02"
8803,385,85,"fail","2026-02-13 01:24:13","2026-02-14 19:00:10"
8804,4021,264,"fail","2026-02-15 18:46:24","2026-02-24 20:17:06"
8805,1652,352,"fail","2026-02-22 09:25:45","2026-02-23 12:12:13"
8806,4557,458,"fail","2026-02-06 07:49:50","2026-02-18 16:34:12"
8807,2914,210,"fail","2026-02-02 04:01:48","2026-02-04 11:37:53"
8808,2261,231,"fail","2026-01-08 02:46:42","2026-01-22 05:29:27"
8809,5265,288,"fail","2026-02-15 04:36:31","2026-02-22 01:04:05"
8810,5189,397,"success","2026-01-11 20:26:51","2026-01-26 09:43:16"
8811,5742,300,"success","2026-02-16 12:02:43","2026-02-21 15:14:11"
8812,4493,446,"fail","2026-01-10 14:17:31","2026-02-15 06:33:02"
8813,612,15,"fail","2026-02-02 21:55:41","2026-02-10 05:02:34"
8814,3148,40,"fail","2026-01-24 21:53:16","2026-02-06 22:51:18"
8815,2833,206,"fail","2026-02-12 17:53:36","2026-02-15 05:09:58"
8816,5290,419,"fail","2026-02-21 04:57:40","2026-02-24 11:00:26"
8817,3550,483,"success","2026-01-28 23:19:33","2026-02-09 08:52:20"
8818,2178,231,"fail","2026-01-16 11:36:57","2026-01-23 08:06:29"
8819,409,182,"fail","2026-02-09 12:03:25","2026-02-19 08:47:11"
8820,3500,434,"success","2026-01-27 16:57:52","2026-02-23 11:46:00"
8821,2636,424,"fail","2026-01-06 18:29:52","2026-01-16 11:37:41"
8822,945,157,"fail","2026-01-05 02:10:54","2026-02-13 02:11:25"
8823,2458,469,"success","2026-01-07 01:19:35","2026-02-17 12:50:22"
8824,1483,42,"fail","2026-02-10 23:06:06","2026-02-21 06:36:45"
8825,25,158,"success","2026-01-03 07:41:46","2026-01-08 00:40:47"
8826,3450,490,"success","2026-01-21 21:11:32","2026-02-03 19:20:37"
8827,41,281,"success","2026-01-20 22:45:30","2026-02-03 17:20:27"
8828,4931,407,"success","2026-01-20 16:31:31","2026-02-19 23:35:13"
8829,1945,168,"success","2026-02-14 16:05:02","2026-02-18 14:38:03"
8830,471,347,"fail","2026-02-12 04:43:26","2026-02-21 04:59:42"
8831,3580,210,"fail","2026-02-22 21:33:57","2026-02-24 17:42:46"
8832,968,439,"success","2026-01-13 17:24:41","2026-01-15 13:23:59"
8833,2884,378,"fail","2026-01-15 16:48:40","2026-02-13 05:09:33"
8834,725,198,"fail","2026-01-27 19:51:50","2026-02-08 22:26:12"
8835,5699,109,"success","2026-01-11 15:55:02","2026-02-10 03:12:25"
8836,3201,312,"fail","2026-02-13 17:43:05","2026-02-24 13:38:41"
8837,1160,344,"fail","2026-02-12 20:19:43","2026-02-15 16:34:36"
8838,3984,212,"success","2026-01-18 08:01:19","2026-02-08 00:14:15"
8839,3486,445,"fail","2026-01-17 06:50:12","2026-01-31 02:43:42"
8840,2391,281,"fail","2026-02-14 22:21:18","2026-02-24 00:06:20"
8841,4734,218,"fail","2026-01-09 04:41:51","2026-01-16 18:38:32"
8842,2265,73,"fail","2026-01-05 02:02:06","2026-02-15 15:25:11"
8843,2193,244,"fail","2026-01-22 12:53:19","2026-02-20 18:35:09"
8844,4209,301,"success","2026-01-04 11:13:50","2026-01-24 13:41:45"
8845,4808,1,"fail","2026-01-02 04:09:15","2026-02-21 11:50:03"
8846,3318,392,"success","2026-01-14 12:29:49","2026-01-31 20:20:20"
8847,4903,454,"fail","2026-02-10 07:56:03","2026-02-18 12:19:44"
8848,4532,306,"success","2026-02-22 13:27:22","2026-02-24 20:57:16"
8849,4748,56,"success","2026-01-09 07:35:22","2026-01-14 00:49:50"
8850,484,58,"success","2026-02-20 09:33:55","2026-02-25 08:15:28"
8851,4870,128,"fail","2026-02-19 16:10:20","2026-02-24 01:27:00"
8852,3214,343,"success","2026-01-13 17:33:28","2026-01-22 12:39:47"
8853,5901,115,"fail","2026-02-19 04:01:39","2026-02-20 17:53:59"
8854,5462,95,"success","2026-01-24 10:06:07","2026-02-20 02:48:48"
8855,2784,241,"fail","2026-02-12 09:41:44","2026-02-15 08:44:40"
8856,3087,57,"fail","2026-02-05 09:08:20","2026-02-23 23:03:57"
8857,1891,195,"fail","2026-01-22 07:26:35","2026-01-26 16:01:22"
8858,3816,347,"fail","2026-01-25 17:18:09","2026-02-16 10:11:31"
8859,905,361,"fail","2026-01-27 14:44:33","2026-02-01 04:01:13"
8860,4747,387,"success","2026-02-10 11:44:31","2026-02-17 20:02:55"
8861,250,210,"fail","2026-01-27 17:32:55","2026-02-13 16:07:31"
8862,280,7,"fail","2026-01-05 18:25:20","2026-01-11 09:57:14"
8863,1912,48,"fail","2026-01-02 21:40:51","2026-01-08 18:33:21"
8864,2275,153,"fail","2026-02-18 13:09:42","2026-02-22 12:02:15"
8865,5870,387,"success","2026-01-01 14:43:51","2026-02-20 21:53:22"
8866,4823,42,"success","2026-02-17 18:59:29","2026-02-25 10:47:09"
8867,3825,483,"success","2026-01-24 14:54:06","2026-01-27 16:38:12"
8868,641,355,"fail","2026-01-01 02:09:43","2026-02-21 16:22:42"
8869,1962,414,"success","2026-01-02 21:15:33","2026-02-14 06:38:57"
8870,4863,387,"fail","2026-02-25 04:33:30","2026-02-25 05:07:51"
8871,938,100,"fail","2026-01-14 23:16:45","2026-01-15 17:34:08"
8872,218,360,"fail","2026-01-31 06:05:05","2026-02-19 03:14:14"
8873,5584,384,"fail","2026-01-13 04:41:47","2026-02-21 06:49:35"
8874,1735,129,"fail","2026-02-15 08:35:41","2026-02-23 16:17:00"
8875,3291,297,"success","2026-02-24 16:29:01","2026-02-25 10:13:49"
8876,947,293,"fail","2026-02-10 20:37:06","2026-02-25 10:23:46"
8877,2664,149,"success","2026-02-15 22:25:07","2026-02-21 20:57:17"
8878,538,202,"fail","2026-02-08 17:16:28","2026-02-11 03:37:27"
8879,4480,439,"fail","2026-01-25 10:48:52","2026-02-10 14:05:48"
8880,5380,144,"success","2026-01-30 07:10:59","2026-02-14 13:11:26"
8881,5592,269,"fail","2026-02-07 18:25:32","2026-02-20 14:51:26"
8882,403,429,"success","2026-01-07 04:57:51","2026-01-28 17:25:39"
8883,204,469,"fail","2026-02-07 22:21:53","2026-02-12 07:09:39"
8884,3615,113,"fail","2026-01-06 18:48:25","2026-01-16 03:16:38"
8885,5339,365,"fail","2026-02-11 02:37:51","2026-02-22 00:29:36"
8886,4636,449,"fail","2026-01-07 00:34:31","2026-01-25 20:27:49"
8887,5543,440,"fail","2026-01-28 22:31:37","2026-02-13 18:56:54"
8888,5377,489,"success","2026-01-04 13:03:00","2026-01-10 05:55:29"
8889,5291,329,"success","2026-01-23 12:00:03","2026-01-31 18:40:00"
8890,5455,368,"success","2026-02-07 23:43:35","2026-02-11 18:46:50"
8891,5846,281,"fail","2026-01-12 19:21:06","2026-02-15 13:33:08"
8892,4737,317,"fail","2026-02-17 03:53:59","2026-02-25 07:33:54"
8893,5358,168,"success","2026-02-21 08:33:06","2026-02-24 13:29:50"
8894,4885,418,"success","2026-02-06 09:35:19","2026-02-19 07:22:25"
8895,5419,495,"success","2026-02-07 04:52:57","2026-02-21 22:01:27"
8896,1359,319,"success","2026-02-07 04:04:26","2026-02-09 03:43:34"
8897,2174,192,"success","2026-02-03 05:26:52","2026-02-18 12:26:36"
8898,3601,425,"fail","2026-01-10 11:25:35","2026-01-12 15:16:12"
8899,140,273,"fail","2026-01-24 11:40:35","2026-02-08 03:05:38"
8900,5979,358,"fail","2026-01-21 23:28:10","2026-01-30 08:24:35"
8901,5083,273,"success","2026-01-04 20:43:27","2026-01-05 22:07:23"
8902,2478,177,"fail","2026-02-11 17:32:12","2026-02-23 19:34:56"
8903,4885,481,"success","2026-02-20 01:38:08","2026-02-20 13:21:00"
8904,3308,136,"fail","2026-02-15 23:31:49","2026-02-20 11:49:36"
8905,4298,263,"fail","2026-02-16 12:49:35","2026-02-18 02:27:23"
8906,3724,76,"fail","2026-02-19 15:52:02","2026-02-20 09:37:22"
8907,1862,73,"fail","2026-01-22 00:32:19","2026-02-20 01:31:45"
8908,2171,62,"fail","2026-01-20 22:03:38","2026-01-23 10:12:30"
8909,4912,341,"success","2026-02-17 05:02:25","2026-02-18 22:16:58"
8910,4577,476,"fail","2026-01-29 14:56:14","2026-02-09 07:18:52"
8911,3252,288,"success","2026-01-01 11:08:32","2026-02-16 21:41:51"
8912,1427,361,"success","2026-01-27 18:51:08","2026-01-29 13:55:05"
8913,1082,348,"success","2026-01-21 03:00:11","2026-02-22 08:19:17"
8914,5660,309,"fail","2026-02-06 07:59:12","2026-02-19 19:14:47"
8915,1669,226,"success","2026-01-20 01:33:32","2026-02-10 16:50:24"
8916,5963,393,"success","2026-01-10 13:31:12","2026-02-20 00:48:27"
8917,3921,496,"success","2026-02-09 15:08:08","2026-02-16 18:32:59"
8918,4711,405,"success","2026-01-12 02:33:55","2026-02-16 12:10:10"
8919,1111,289,"success","2026-01-25 01:51:19","2026-02-04 03:22:26"
8920,717,60,"success","2026-01-06 04:04:26","2026-01-09 20:28:54"
8921,3654,458,"fail","2026-02-13 05:01:15","2026-02-19 02:55:38"
8922,48,301,"fail","2026-02-10 21:36:06","2026-02-17 15:36:17"
8923,2019,382,"fail","2026-02-05 19:21:50","2026-02-11 12:17:45"
8924,5160,269,"success","2026-02-17 06:28:33","2026-02-20 09:08:34"
8925,5504,363,"fail","2026-02-17 07:33:40","2026-02-22 21:53:11"
8926,3481,268,"success","2026-01-07 20:57:10","2026-01-18 22:44:41"
8927,4655,396,"success","2026-02-15 22:56:20","2026-02-25 10:55:42"
8928,412,251,"fail","2026-01-17 06:58:31","2026-01-20 12:00:56"
8929,1351,377,"success","2026-02-07 14:07:16","2026-02-22 23:42:56"
8930,2595,240,"fail","2026-01-04 05:42:52","2026-01-23 16:28:35"
8931,273,106,"success","2026-01-28 05:03:52","2026-02-03 11:14:58"
8932,2300,427,"success","2026-02-02 11:22:53","2026-02-09 21:09:38"
8933,2679,149,"fail","2026-01-18 08:12:25","2026-02-13 02:48:03"
8934,5173,210,"success","2026-02-10 17:23:54","2026-02-14 22:35:56"
8935,3508,474,"fail","2026-01-31 06:29:49","2026-02-14 14:45:53"
8936,5317,96,"fail","2026-01-18 16:53:27","2026-02-11 15:43:56"
8937,1462,266,"success","2026-02-06 16:57:29","2026-02-22 08:32:34"
8938,1310,442,"fail","2026-01-03 17:24:27","2026-02-14 02:50:08"
8939,5426,339,"fail","2026-01-26 06:45:06","2026-02-17 15:07:22"
8940,3203,387,"success","2026-02-09 16:48:46","2026-02-14 21:11:15"
8941,3465,47,"fail","2026-01-07 07:49:33","2026-01-15 16:56:05"
8942,4902,208,"success","2026-02-09 08:06:49","2026-02-22 04:01:21"
8943,4760,449,"success","2026-01-04 16:57:38","2026-02-19 08:17:24"
8944,4833,25,"success","2026-02-21 06:33:57","2026-02-23 21:43:49"
8945,4991,302,"success","2026-01-14 23:21:06","2026-02-21 01:47:13"
8946,3777,114,"fail","2026-02-24 20:51:42","2026-02-24 23:16:55"
8947,3496,6,"fail","2026-02-24 01:20:49","2026-02-25 07:20:51"
8948,2846,59,"success","2026-02-19 16:40:22","2026-02-19 22:18:54"
8949,71,9,"fail","2026-02-21 02:12:23","2026-02-25 05:31:46"
8950,4608,12,"fail","2026-02-21 12:34:02","2026-02-23 05:56:59"
8951,4672,487,"success","2026-02-08 09:58:40","2026-02-09 03:37:43"
8952,3517,260,"success","2026-02-20 22:12:16","2026-02-22 19:34:15"
8953,64,253,"fail","2026-02-08 10:30:38","2026-02-16 01:22:52"
8954,4178,366,"success","2026-01-18 13:36:10","2026-02-15 05:04:49"
8955,429,430,"success","2026-01-30 13:31:32","2026-02-05 03:50:00"
8956,2867,476,"success","2026-01-26 16:50:42","2026-02-02 05:24:59"
8957,685,395,"success","2026-02-19 13:43:40","2026-02-23 13:20:27"
8958,56,213,"fail","2026-01-26 19:29:40","2026-02-16 03:42:25"
8959,4416,278,"success","2026-01-05 01:42:21","2026-01-06 01:41:24"
8960,5423,471,"fail","2026-01-02 22:51:03","2026-01-14 11:33:31"
8961,4298,394,"success","2026-01-01 06:01:17","2026-01-03 07:30:15"
8962,3509,35,"success","2026-01-27 02:29:11","2026-02-04 09:36:29"
8963,1366,52,"success","2026-01-09 08:00:34","2026-01-21 14:24:49"
8964,4770,156,"fail","2026-01-01 00:53:28","2026-01-14 19:47:54"
8965,5814,132,"success","2026-02-11 06:43:43","2026-02-13 19:55:04"
8966,3493,347,"success","2026-01-25 17:25:49","2026-02-10 18:03:34"
8967,3819,18,"success","2026-01-20 03:01:55","2026-02-04 03:49:16"
8968,1128,214,"fail","2026-02-18 13:39:41","2026-02-18 22:57:24"
8969,1033,329,"fail","2026-01-22 12:20:08","2026-02-13 10:41:36"
8970,4161,332,"success","2026-02-10 04:11:32","2026-02-17 17:51:11"
8971,2356,276,"success","2026-01-11 07:01:20","2026-01-27 08:54:40"
8972,5304,367,"success","2026-01-28 13:11:06","2026-02-20 17:13:50"
8973,5930,209,"fail","2026-02-03 23:52:07","2026-02-20 21:25:29"
8974,5400,321,"fail","2026-02-21 11:37:56","2026-02-23 10:16:51"
8975,5106,388,"success","2026-01-19 06:54:35","2026-01-21 13:30:21"
8976,1693,372,"success","2026-01-23 16:55:03","2026-02-24 04:50:01"
8977,3291,460,"success","2026-01-02 01:02:17","2026-01-08 15:14:00"
8978,2315,69,"success","2026-01-04 02:42:41","2026-02-25 07:55:34"
8979,335,376,"success","2026-02-04 07:53:45","2026-02-20 00:03:54"
8980,138,209,"fail","2026-01-25 05:44:37","2026-02-09 00:52:55"
8981,4695,259,"fail","2026-02-01 15:54:30","2026-02-04 11:18:03"
8982,1675,147,"fail","2026-01-05 15:18:53","2026-01-10 22:48:53"
8983,2385,480,"fail","2026-02-12 16:26:01","2026-02-20 23:16:12"
8984,5388,230,"success","2026-01-09 02:01:11","2026-01-25 12:12:13"
8985,3109,243,"fail","2026-01-03 00:37:04","2026-01-09 08:54:19"
8986,282,376,"fail","2026-02-01 17:56:36","2026-02-22 21:25:58"
8987,1929,299,"fail","2026-01-16 11:17:35","2026-01-19 00:04:59"
8988,2461,432,"success","2026-01-20 15:53:54","2026-02-22 11:04:43"
8989,184,32,"success","2026-01-21 00:59:38","2026-01-24 09:30:37"
8990,3053,242,"success","2026-02-08 03:37:52","2026-02-16 17:27:04"
8991,1505,15,"success","2026-01-13 17:27:26","2026-01-24 12:10:08"
8992,3190,12,"fail","2026-01-04 01:19:48","2026-01-22 16:02:21"
8993,2233,69,"success","2026-01-15 06:58:48","2026-02-04 14:40:26"
8994,5109,54,"success","2026-01-20 21:56:15","2026-01-23 04:57:21"
8995,2875,465,"fail","2026-01-17 13:20:59","2026-02-14 10:55:28"
8996,5185,205,"success","2026-01-02 03:06:03","2026-01-09 10:51:59"
8997,5916,491,"success","2026-01-04 22:22:09","2026-02-06 22:44:59"
8998,2181,141,"fail","2026-02-01 18:11:18","2026-02-20 15:22:12"
8999,2082,71,"success","2026-02-12 15:06:01","2026-02-24 06:27:01"
9000,4035,102,"success","2026-01-23 23:20:31","2026-01-31 14:59:51"
9001,3970,368,"success","2026-01-29 00:56:45","2026-02-12 21:15:21"
9002,1941,336,"success","2026-01-23 15:50:04","2026-02-20 19:30:40"
1,1,1,"success","2023-05-01 09:17:00","2023-05-21 17:23:00"
2,2,1,"fail","2023-05-01 10:19:00","2023-05-21 15:39:00"
